bundle_id,item_id,item_name,item_price,genre,item_url
450,326950,Sword of Asumi,8.99,"Adventure, Indie, RPG",http://store.steampowered.com/app/326950
450,331490,Sword of Asumi - Soundtrack,2.99,"Adventure, Indie, RPG",http://store.steampowered.com/app/331490
450,331491,Sword of Asumi - Graphic Novel,1.99,"Adventure, Indie, RPG",http://store.steampowered.com/app/331491
450,331492,Sword of Asumi - Character Creator,0.99,"Adventure, Indie, RPG",http://store.steampowered.com/app/331492
450,348540,Divine Slice of Life,12.99,"Adventure, Casual, Indie",http://store.steampowered.com/app/348540
450,352010,Beach Bounce,12.99,"Adventure, Casual, Indie",http://store.steampowered.com/app/352010
450,390470,Divine Slice of Life - Soundtrack,3.99,"Adventure, Casual, Indie",http://store.steampowered.com/app/390470
450,394050,Beach Bounce - Soundtrack,2.99,"Adventure, Casual, Indie",http://store.steampowered.com/app/394050
450,398100,Highschool Romance,9.99,"Casual, Indie",http://store.steampowered.com/app/398100
450,408770,Highschool Possession,6.99,"Adventure, Indie",http://store.steampowered.com/app/408770
450,387110,Shmup Love Boom,2.99,"Action, Casual, Indie",http://store.steampowered.com/app/387110
450,387120,Shmup Love Boom - Soundtrack,1.99,"Action, Indie",http://store.steampowered.com/app/387120
450,396610,Quantum Flux,2.99,"Action, Indie",http://store.steampowered.com/app/396610
450,396620,Quantum Flux - Soundtrack,0.99,"Action, Indie",http://store.steampowered.com/app/396620
1473,528360,Naruto Shippuden Uncut: The Man Who Died Twice,1.99,,http://store.steampowered.com/app/528360
1473,528361,Naruto Shippuden Uncut: The Worst Three-Legged Race,1.99,,http://store.steampowered.com/app/528361
1473,528362,Naruto Shippuden Uncut: Team 10's Teamwork,1.99,,http://store.steampowered.com/app/528362
1473,528363,Naruto Shippuden Uncut: Drive Towards Darkness,1.99,,http://store.steampowered.com/app/528363
1473,528364,Naruto Shippuden Uncut: The Sixth Hokage Danzo,1.99,,http://store.steampowered.com/app/528364
1473,528365,Naruto Shippuden Uncut: The Eve of the Five Kage Summit,1.99,,http://store.steampowered.com/app/528365
1473,528366,Naruto Shippuden Uncut: Enter the Five Kage!,1.99,,http://store.steampowered.com/app/528366
1473,528367,Naruto Shippuden Uncut: Naruto's Plea,1.99,,http://store.steampowered.com/app/528367
1473,528368,Naruto Shippuden Uncut: A Painful Decision,1.99,,http://store.steampowered.com/app/528368
1473,528369,Naruto Shippuden Uncut: Racing Lightning,1.99,,http://store.steampowered.com/app/528369
1473,528370,Naruto Shippuden Uncut: Sasuke's Ninja Way,1.99,,http://store.steampowered.com/app/528370
1473,528371,Naruto Shippuden Uncut: Power of the Five Kage,1.99,,http://store.steampowered.com/app/528371
1473,528372,Naruto Shippuden Uncut: Declaration of War,1.99,,http://store.steampowered.com/app/528372
1474,528380,Naruto Shippuden Uncut: Sakura's Feelings,1.99,,http://store.steampowered.com/app/528380
1474,528381,Naruto Shippuden Uncut: The Tailed Beast vs The Tailless Tailed Beast,1.99,,http://store.steampowered.com/app/528381
1474,528382,Naruto Shippuden Uncut: As One's Friend,1.99,,http://store.steampowered.com/app/528382
1474,528383,Naruto Shippuden Uncut: Danzo's Right Arm,1.99,,http://store.steampowered.com/app/528383
1474,528384,Naruto Shippuden Uncut: The Forbidden Visual Jutsu,1.99,,http://store.steampowered.com/app/528384
1474,528385,Naruto Shippuden Uncut: Danzo Shimura,1.99,,http://store.steampowered.com/app/528385
1474,528386,Naruto Shippuden Uncut: Sakura's Resolve,1.99,,http://store.steampowered.com/app/528386
1474,528387,Naruto Shippuden Uncut: Lost Bonds,1.99,,http://store.steampowered.com/app/528387
1474,528388,Naruto Shippuden Uncut: The Burden,1.99,,http://store.steampowered.com/app/528388
1474,528389,Naruto Shippuden Uncut: Two Fates,1.99,,http://store.steampowered.com/app/528389
1474,528390,Naruto Shippuden Uncut: High-Level Shinobi,1.99,,http://store.steampowered.com/app/528390
1474,528391,Naruto Shippuden Uncut: Infiltrator,1.99,,http://store.steampowered.com/app/528391
1474,528392,Naruto Shippuden Uncut: The Five Great Nations Mobilize,1.99,,http://store.steampowered.com/app/528392
1437,476010,Pixel Puzzles Ultimate - Puzzle Pack: Dinosaurs,3.59,"Casual, Free to Play, Indie, Simulation, Sports, Strategy",http://store.steampowered.com/app/476010
1437,480590,Pixel Puzzles Ultimate - Puzzle Pack: Owls,1.79,"Casual, Free to Play, Indie, Simulation, Sports, Strategy",http://store.steampowered.com/app/480590
1437,480593,Pixel Puzzles Ultimate - Puzzle Pack: Korea,3.39,"Casual, Free to Play, Indie, Simulation, Sports, Strategy",http://store.steampowered.com/app/480593
1437,480594,Pixel Puzzles Ultimate - Puzzle Pack: Dogs,3.39,"Casual, Free to Play, Indie, Simulation, Sports, Strategy",http://store.steampowered.com/app/480594
1437,502841,Pixel Puzzles Ultimate - Puzzle Pack: Mountains,2.54,"Casual, Free to Play, Indie, Simulation, Sports, Strategy",http://store.steampowered.com/app/502841
1437,509520,Pixel Puzzles Ultimate - Puzzle Pack: Da Vinci,1.79,"Casual, Free to Play, Indie, Simulation, Sports, Strategy",http://store.steampowered.com/app/509520
1437,509521,Pixel Puzzles Ultimate - Puzzle Pack: Rio,2.69,"Casual, Free to Play, Indie, Simulation, Sports, Strategy",http://store.steampowered.com/app/509521
1437,509522,Pixel Puzzles Ultimate - Puzzle Pack: Savanna,1.79,"Casual, Free to Play, Indie, Simulation, Sports, Strategy",http://store.steampowered.com/app/509522
1437,509900,Pixel Puzzles Ultimate - Puzzle Pack: Thailand,3.39,"Casual, Free to Play, Indie, Simulation, Sports, Strategy",http://store.steampowered.com/app/509900
1437,467770,Pixel Puzzles Ultimate - Puzzle Pack: Ukiyo-e,0.99,"Casual, Free to Play, Indie, Simulation, Sports, Strategy",http://store.steampowered.com/app/467770
1466,527830,Naruto Shippuden Uncut: Planetary Devastation,1.99,,http://store.steampowered.com/app/527830
1466,527831,Naruto Shippuden Uncut: Fourth Hokage,1.99,,http://store.steampowered.com/app/527831
1466,527832,Naruto Shippuden Uncut: The Two Students,1.99,,http://store.steampowered.com/app/527832
1466,527833,"Naruto Shippuden Uncut: Big Adventure! The Quest for the Fourth Hokage's Legacy, Part 1",1.99,,http://store.steampowered.com/app/527833
1466,527834,"Naruto Shippuden Uncut: Big Adventure! The Quest for the Fourth Hokage's Legacy, Part 2",1.99,,http://store.steampowered.com/app/527834
1466,527835,Naruto Shippuden Uncut: Meeting,1.99,,http://store.steampowered.com/app/527835
1466,527836,Naruto Shippuden Uncut: Origin of Pain,1.99,,http://store.steampowered.com/app/527836
1466,527837,Naruto Shippuden Uncut: The Tale of Naruto Uzumaki,1.99,,http://store.steampowered.com/app/527837
1466,527838,Naruto Shippuden Uncut: Hero of the Hidden Leaf,1.99,,http://store.steampowered.com/app/527838
1466,527839,Naruto Shippuden Uncut: Rookie Teacher Iruka,1.99,,http://store.steampowered.com/app/527839
1466,527840,Naruto Shippuden Uncut: Iruka's Ordeal,1.99,,http://store.steampowered.com/app/527840
1466,527841,Naruto Shippuden Uncut: Iruka's Decision,1.99,,http://store.steampowered.com/app/527841
1466,527842,"Naruto Shippuden Uncut: Kakashi Hatake, The Jonin in Charge",1.99,,http://store.steampowered.com/app/527842
1478,33720,Paws and Claws: Pet Vet,6.99,"Casual, Simulation",http://store.steampowered.com/app/33720
1478,33710,Paws and Claws: Pet School,6.99,"Casual, Simulation",http://store.steampowered.com/app/33710
1478,33700,Paws and Claws: Pampered Pets,6.99,"Casual, Simulation",http://store.steampowered.com/app/33700
1478,12660,Miss Popularity,6.99,"Casual, Simulation",http://store.steampowered.com/app/12660
1478,12650,Fetch It Again,6.99,"Casual, Simulation",http://store.steampowered.com/app/12650
1478,33760,The Search for Amelia Earhart,6.99,Casual,http://store.steampowered.com/app/33760
1478,12540,Mahjongg Investigations: Under Suspicion,9.99,Casual,http://store.steampowered.com/app/12540
1478,12560,Ride! Carnival Tycoon,9.99,Simulation,http://store.steampowered.com/app/12560
1478,12670,Mission Runway,9.99,Simulation,http://store.steampowered.com/app/12670
1482,38700,Toki Tori,4.99,"Casual, Indie",http://store.steampowered.com/app/38700
1482,201420,Toki Tori 2+,14.99,"Adventure, Casual, Indie",http://store.steampowered.com/app/201420
1482,38720,RUSH,4.99,"Strategy, Indie, Casual",http://store.steampowered.com/app/38720
1482,38740,EDGE,7.99,"Action, Indie",http://store.steampowered.com/app/38740
1396,417630,The Expendables,13.99,,http://store.steampowered.com/app/417630
1396,417640,The Expendables 2,13.99,,http://store.steampowered.com/app/417640
1396,468750,The Expendables 3,13.99,,http://store.steampowered.com/app/468750
1400,509840,El Ninja,0.99,"Casual, Indie",http://store.steampowered.com/app/509840
1400,524020,El Ninja - Soundtrack,0.99,"Casual, Indie",http://store.steampowered.com/app/524020
1471,514160,18 Wheels of Steel: Across America,9.99,Simulation,http://store.steampowered.com/app/514160
1471,514170,18 Wheels of Steel: Convoy,9.99,Simulation,http://store.steampowered.com/app/514170
1471,514180,18 Wheels of Steel: Haulin’,7.49,Simulation,http://store.steampowered.com/app/514180
1472,528340,Naruto Shippuden Uncut: Inari's Courage Put to the Test,1.99,,http://store.steampowered.com/app/528340
1472,528341,Naruto Shippuden Uncut: Naruto's School of Revenge,1.99,,http://store.steampowered.com/app/528341
1472,528342,Naruto Shippuden Uncut: Gaara's Bond,1.99,,http://store.steampowered.com/app/528342
1472,528343,Naruto Shippuden Uncut: Naruto: Outbreak,1.99,,http://store.steampowered.com/app/528343
1472,528344,Naruto Shippuden Uncut: Deploy! Team Tenten,1.99,,http://store.steampowered.com/app/528344
1472,528345,Naruto Shippuden Uncut: Animal District,1.99,,http://store.steampowered.com/app/528345
1472,528346,"Naruto Shippuden Uncut: Ah, the Medicine of Youth",1.99,,http://store.steampowered.com/app/528346
1472,528347,Naruto Shippuden Uncut: Gutsy Master and Student: The Training,1.99,,http://store.steampowered.com/app/528347
1472,528348,Naruto Shippuden Uncut: Record of the Gutsy Ninja Master and Student,1.99,,http://store.steampowered.com/app/528348
1472,528349,Naruto Shippuden Uncut: Sasuke's Paw Encyclopedia,1.99,,http://store.steampowered.com/app/528349
1472,528350,Naruto Shippuden Uncut: Naruto and the Old Soldier,1.99,,http://store.steampowered.com/app/528350
1472,528351,Naruto Shippuden Uncut: Kakashi Love Song,1.99,,http://store.steampowered.com/app/528351
1472,528352,Naruto Shippuden Uncut: Neji Chronicles,1.99,,http://store.steampowered.com/app/528352
1477,371200,Halcyon 6: Starbase Commander,16.99,"Indie, RPG, Simulation, Strategy",http://store.steampowered.com/app/371200
1477,528490,Halcyon 6: Starbase Commander - Soundtrack,9.99,"Indie, RPG, Simulation, Strategy",http://store.steampowered.com/app/528490
1284,507380,Black Sand Drift,0.84,"Casual, Indie",http://store.steampowered.com/app/507380
1284,517560,Black Sand Drift Collector's Edition Content,1.69,"Casual, Indie",http://store.steampowered.com/app/517560
1468,11450,Overlord™,4.99,RPG,http://store.steampowered.com/app/11450
1468,12750,GRID™,14.99,Racing,http://store.steampowered.com/app/12750
1468,12770,Rise of the Argonauts,9.99,RPG,http://store.steampowered.com/app/12770
1468,11590,Hospital Tycoon,4.99,Simulation,http://store.steampowered.com/app/11590
1468,11560,Maelstrom: The Battle for Earth Begins,4.99,Strategy,http://store.steampowered.com/app/11560
1468,12790,Damnation,9.99,"Action, Adventure",http://store.steampowered.com/app/12790
1468,12810,Overlord II,9.99,RPG,http://store.steampowered.com/app/12810
1468,12830,Operation Flashpoint: Dragon Rising,9.99,Action,http://store.steampowered.com/app/12830
1468,12710,Overlord™: Raising Hell,9.99,RPG,http://store.steampowered.com/app/12710
1468,44310,F1 2010™,9.99,"Racing, Simulation, Sports",http://store.steampowered.com/app/44310
1468,44340,Operation Flashpoint: Red River,9.99,"Action, Strategy",http://store.steampowered.com/app/44340
1468,44360,F1 2011,14.99,"Racing, Simulation, Sports",http://store.steampowered.com/app/44360
1468,201700,DiRT Showdown,14.99,"Action, Racing, Sports",http://store.steampowered.com/app/201700
1468,208500,F1 2012™,19.99,"Racing, Simulation, Sports",http://store.steampowered.com/app/208500
1468,220801,F1 Race Stars - Europe Track DLC,4.99,Racing,http://store.steampowered.com/app/220801
1468,203680,F1 RACE STARS™,14.99,Racing,http://store.steampowered.com/app/203680
1468,220802,F1 Race Stars - Games Accessory Pack,0.99,Racing,http://store.steampowered.com/app/220802
1468,220803,F1 Race Stars - Music Accessory Pack,0.99,Racing,http://store.steampowered.com/app/220803
1468,220804,F1 Race Stars - Princess Accessory Pack,0.99,Racing,http://store.steampowered.com/app/220804
1468,220805,F1 Race Stars - Science Accessory Pack,0.99,Racing,http://store.steampowered.com/app/220805
1468,220806,F1 Race Stars - Nature Accessory Pack,0.99,Racing,http://store.steampowered.com/app/220806
1468,220807,F1 Race Stars - Monster Accessory Pack,0.99,Racing,http://store.steampowered.com/app/220807
1468,220809,F1 Race Stars - Holiday Accessory Pack,0.99,Racing,http://store.steampowered.com/app/220809
1468,220812,F1 Race Stars - Canada Track,4.99,Racing,http://store.steampowered.com/app/220812
1468,220813,F1 Race Stars - China Track,4.99,Racing,http://store.steampowered.com/app/220813
1468,220811,F1 Race Stars - India Track,4.99,Racing,http://store.steampowered.com/app/220811
1468,221165,GRID 2 - Super Modified Pack,5.99,"Racing, Sports",http://store.steampowered.com/app/221165
1468,44350,GRID 2,29.99,"Racing, Sports",http://store.steampowered.com/app/44350
1468,221162,GRID 2 - GTR Racing Pack,4.99,"Racing, Sports",http://store.steampowered.com/app/221162
1468,221160,GRID 2 - McLaren Racing Pack,6.99,"Racing, Sports",http://store.steampowered.com/app/221160
1468,221164,GRID 2 - Headstart Pack,4.99,"Racing, Sports",http://store.steampowered.com/app/221164
1468,221161,GRID 2 - IndyCar Pack,6.99,"Racing, Sports",http://store.steampowered.com/app/221161
1468,221168,GRID 2 - Car Unlock Pack,4.99,"Racing, Sports",http://store.steampowered.com/app/221168
1468,221167,GRID 2 - Drift Pack,5.99,"Racing, Sports",http://store.steampowered.com/app/221167
1468,221166,GRID 2 - Peak Performance Pack,4.99,"Racing, Sports",http://store.steampowered.com/app/221166
1468,255220,GRID Autosport,39.99,"Racing, Sports",http://store.steampowered.com/app/255220
1468,255690,GRID 2 - Spa-Francorchamps Track Pack,9.99,"Racing, Sports",http://store.steampowered.com/app/255690
1468,255691,GRID 2 - Bathurst Track Pack,9.99,"Racing, Sports",http://store.steampowered.com/app/255691
1468,255692,GRID 2 - Classic GRID Pack,2.99,"Racing, Sports",http://store.steampowered.com/app/255692
1468,282090,GRID Autosport - Black Edition Pack,4.99,"Racing, Sports",http://store.steampowered.com/app/282090
1468,282091,GRID Autosport - Boost Pack,2.99,"Racing, Sports",http://store.steampowered.com/app/282091
1468,282092,GRID Autosport - Premium Garage Pack,6.99,"Racing, Sports",http://store.steampowered.com/app/282092
1468,286570,F1 2015,54.99,"Racing, Sports",http://store.steampowered.com/app/286570
1468,287260,Toybox Turbos,14.99,Racing,http://store.steampowered.com/app/287260
1468,287340,Colin McRae Rally,6.99,"Racing, Sports",http://store.steampowered.com/app/287340
1468,289020,GRID Autosport - Best of British Pack,2.99,"Racing, Sports",http://store.steampowered.com/app/289020
1468,289021,GRID Autosport - Coupé Style Pack,2.99,"Racing, Sports",http://store.steampowered.com/app/289021
1468,289022,GRID Autosport - Sprint Pack,5.99,"Racing, Sports",http://store.steampowered.com/app/289022
1468,289023,GRID Autosport - Road & Track Car Pack,2.99,"Racing, Sports",http://store.steampowered.com/app/289023
1468,289024,GRID Autosport - Touring Legends Pack,12.99,"Racing, Sports",http://store.steampowered.com/app/289024
1468,289025,GRID Autosport - Drag Pack,4.99,,http://store.steampowered.com/app/289025
1468,310560,DiRT Rally,59.99,"Racing, Simulation, Sports",http://store.steampowered.com/app/310560
1468,226580,F1 2014,29.99,"Racing, Sports",http://store.steampowered.com/app/226580
1468,321040,DiRT 3 Complete Edition,29.99,"Racing, Simulation, Sports",http://store.steampowered.com/app/321040
1468,391040,F1 2016,59.99,"Racing, Simulation, Sports",http://store.steampowered.com/app/391040
1468,306670,Overlord: Fellowship of Evil,18.99,"Action, Adventure",http://store.steampowered.com/app/306670
1225,436520,Line of Sight,9.99,"Action, Early Access",http://store.steampowered.com/app/436520
1225,520900,Line of Sight - Founders Pack,69.99,Action,http://store.steampowered.com/app/520900
1455,357070,UBERMOSH,1.99,"Action, Indie",http://store.steampowered.com/app/357070
1455,366420,UBERMOSH: Original Soundtrack,0.51,"Action, Indie",http://store.steampowered.com/app/366420
1455,444940,UBERMOSH:BLACK,2.99,"Action, Indie",http://store.steampowered.com/app/444940
1455,515570,UBERMOSH Vol.3,2.99,"Action, Indie",http://store.steampowered.com/app/515570
1455,527000,SWARMRIDERS: Original Soundtrack,0.59,"Action, Indie",http://store.steampowered.com/app/527000
1419,525790,Naruto Shippuden Uncut: The Serpent's Pupil,1.99,,http://store.steampowered.com/app/525790
1419,525791,Naruto Shippuden Uncut: Eye of the Hawk,1.99,,http://store.steampowered.com/app/525791
1419,525792,Naruto Shippuden Uncut: Zabuza's Blade,1.99,,http://store.steampowered.com/app/525792
1419,525793,Naruto Shippuden Uncut: Guardian of the Iron Wall,1.99,,http://store.steampowered.com/app/525793
1419,525794,Naruto Shippuden Uncut: Jugo of the Northern Hideout,1.99,,http://store.steampowered.com/app/525794
1419,525795,Naruto Shippuden Uncut: S10E06,1.99,,http://store.steampowered.com/app/525795
1419,525796,Naruto Shippuden Uncut: S10E07,1.99,,http://store.steampowered.com/app/525796
1419,525797,Naruto Shippuden Uncut: Kakashi Chronicles - A Boy's Life on the Battlefield - Part 2,1.99,,http://store.steampowered.com/app/525797
1419,525798,Naruto Shippuden Uncut: S10E09,1.99,,http://store.steampowered.com/app/525798
1419,525799,Naruto Shippuden Uncut: The Hunt,1.99,,http://store.steampowered.com/app/525799
1419,525800,Naruto Shippuden Uncut: Clash!,1.99,,http://store.steampowered.com/app/525800
1419,525801,Naruto Shippuden Uncut: Art,1.99,,http://store.steampowered.com/app/525801
1419,525802,Naruto Shippuden Uncut: Disappearance,1.99,,http://store.steampowered.com/app/525802
1419,525803,Naruto Shippuden Uncut: Twilight,1.99,,http://store.steampowered.com/app/525803
1421,525830,Naruto Shippuden Uncut: Truth,1.99,,http://store.steampowered.com/app/525830
1421,525831,Naruto Shippuden Uncut: Battle of Unraikyo,1.99,,http://store.steampowered.com/app/525831
1421,525832,Naruto Shippuden Uncut: The Eight Tails vs Sasuke,1.99,,http://store.steampowered.com/app/525832
1421,525833,Naruto Shippuden Uncut: Wanderer,1.99,,http://store.steampowered.com/app/525833
1421,525834,Naruto Shippuden Uncut: Successor of the Forbidden Jutsu,1.99,,http://store.steampowered.com/app/525834
1421,525835,Naruto Shippuden Uncut: The Successor's Wish,1.99,,http://store.steampowered.com/app/525835
1421,525836,Naruto Shippuden Uncut: Rogue Ninja's Past,1.99,,http://store.steampowered.com/app/525836
1421,525837,Naruto Shippuden Uncut: Heir to Darkness,1.99,,http://store.steampowered.com/app/525837
1421,525838,Naruto Shippuden Uncut: Separation,1.99,,http://store.steampowered.com/app/525838
1421,525839,Naruto Shippuden Uncut: The Forbidden Jutsu Released,1.99,,http://store.steampowered.com/app/525839
1421,525840,Naruto Shippuden Uncut: Master and Student,1.99,,http://store.steampowered.com/app/525840
1421,525841,Naruto Shippuden Uncut: Somber News,1.99,,http://store.steampowered.com/app/525841
1421,525842,Naruto Shippuden Uncut: Following the Master's Shadow,1.99,,http://store.steampowered.com/app/525842
1433,526200,Naruto Shippuden Uncut: Decryption,1.99,,http://store.steampowered.com/app/526200
1433,526201,Naruto Shippuden Uncut: The First Challenge,1.99,,http://store.steampowered.com/app/526201
1433,526202,Naruto Shippuden Uncut: Surpassing the Master,1.99,,http://store.steampowered.com/app/526202
1433,526203,Naruto Shippuden Uncut: Assault on the Leaf Village!,1.99,,http://store.steampowered.com/app/526203
1433,526204,Naruto Shippuden Uncut: Power to Believe,1.99,,http://store.steampowered.com/app/526204
1433,526205,Naruto Shippuden Uncut: Pain vs Kakashi,1.99,,http://store.steampowered.com/app/526205
1433,526206,Naruto Shippuden Uncut: Mystery of Pain,1.99,,http://store.steampowered.com/app/526206
1433,526207,"Naruto Shippuden Uncut: Surname is Sarutobi! Given Name, Konohamaru!",1.99,,http://store.steampowered.com/app/526207
1433,526208,Naruto Shippuden Uncut: Pain to the World,1.99,,http://store.steampowered.com/app/526208
1433,526209,Naruto Shippuden Uncut: Explosion! Sage Mode,1.99,,http://store.steampowered.com/app/526209
1433,526210,Naruto Shippuden Uncut: Danger! Sage Mode Limit Reached,1.99,,http://store.steampowered.com/app/526210
1433,526211,"Naruto Shippuden Uncut: Nine Tails, Captured!",1.99,,http://store.steampowered.com/app/526211
1433,526212,Naruto Shippuden Uncut: Confessions,1.99,,http://store.steampowered.com/app/526212
1420,525810,"Naruto Shippuden Uncut: Tales of a Gutsy Ninja: Jiraiya Ninja Scrolls, Part 1",1.99,,http://store.steampowered.com/app/525810
1420,525811,"Naruto Shippuden Uncut: Tales of a Gutsy Ninja : Jiraiya Ninja Scrolls, Part 2",1.99,,http://store.steampowered.com/app/525811
1420,525812,Naruto Shippuden Uncut: Infiltrate! The Village Hidden in the Rain,1.99,,http://store.steampowered.com/app/525812
1420,525813,Naruto Shippuden Uncut: The Man Who Became God,1.99,,http://store.steampowered.com/app/525813
1420,525814,Naruto Shippuden Uncut: Honored Sage Mode!,1.99,,http://store.steampowered.com/app/525814
1420,525815,"Naruto Shippuden Uncut: In Attendance, The Six Paths of Pain",1.99,,http://store.steampowered.com/app/525815
1420,525816,Naruto Shippuden Uncut: The Tale of Jiraiya the Gallant,1.99,,http://store.steampowered.com/app/525816
1420,525817,Naruto Shippuden Uncut: Banquet Invitation,1.99,,http://store.steampowered.com/app/525817
1420,525818,Naruto Shippuden Uncut: The Longest Moment...,1.99,,http://store.steampowered.com/app/525818
1420,525819,Naruto Shippuden Uncut: The Light & Dark of the Mangekyo Sharingan,1.99,,http://store.steampowered.com/app/525819
1420,525820,Naruto Shippuden Uncut: Amaterasu!,1.99,,http://store.steampowered.com/app/525820
1420,525821,Naruto Shippuden Uncut: The End,1.99,,http://store.steampowered.com/app/525821
1420,525822,Naruto Shippuden Uncut: The Mystery of Tobi,1.99,,http://store.steampowered.com/app/525822
1420,525823,Naruto Shippuden Uncut: Fate,1.99,,http://store.steampowered.com/app/525823
1011,401190,Dinosaur Hunt,0.99,"Action, Adventure, Indie, Simulation",http://store.steampowered.com/app/401190
1011,440730,Survival Zombies The Inverted Evolution,4.99,"Action, Adventure, Indie, Simulation, Early Access",http://store.steampowered.com/app/440730
1011,434942,Dinosaur Hunt - Brontosaurus Expansion Pack,0.49,"Action, Adventure, Indie, Simulation",http://store.steampowered.com/app/434942
1011,434944,Dinosaur Hunt - WW2 War Expansion Pack,0.99,"Action, Adventure, Indie, Simulation",http://store.steampowered.com/app/434944
1011,431190,"Dinosaur Hunt - Vampires, Gargoyles, Mutants Hunter Expansion Pack",0.99,"Action, Adventure, Indie, Simulation",http://store.steampowered.com/app/431190
1011,434941,Dinosaur Hunt - Guns Expansion Pack,0.99,"Action, Adventure, Indie, Simulation",http://store.steampowered.com/app/434941
1011,434943,Dinosaur Hunt - Wild West Guns Expansion Pack,0.99,"Action, Adventure, Indie, Simulation",http://store.steampowered.com/app/434943
1011,408100,Dinosaur Hunt - Stegosaurus Expansion Pack,0.99,"Action, Adventure, Indie, Simulation",http://store.steampowered.com/app/408100
1011,408102,Dinosaur Hunt - Dragon Hunter Expansion Pack,0.99,"Action, Adventure, Indie, Simulation",http://store.steampowered.com/app/408102
1011,408101,Dinosaur Hunt - Carnotaurus Expansion Pack,0.99,"Action, Adventure, Indie, Simulation",http://store.steampowered.com/app/408101
1011,431191,Dinosaur Hunt - Giant Spiders Hunter Expansion Pack,0.99,"Action, Adventure, Indie, Simulation",http://store.steampowered.com/app/431191
1011,434940,Dinosaur Hunt - Medieval Knights Hunter Expansion Pack,0.99,"Action, Adventure, Indie, Simulation",http://store.steampowered.com/app/434940
419,401190,Dinosaur Hunt,0.99,"Action, Adventure, Indie, Simulation",http://store.steampowered.com/app/401190
419,408100,Dinosaur Hunt - Stegosaurus Expansion Pack,0.99,"Action, Adventure, Indie, Simulation",http://store.steampowered.com/app/408100
419,408101,Dinosaur Hunt - Carnotaurus Expansion Pack,0.99,"Action, Adventure, Indie, Simulation",http://store.steampowered.com/app/408101
419,408102,Dinosaur Hunt - Dragon Hunter Expansion Pack,0.99,"Action, Adventure, Indie, Simulation",http://store.steampowered.com/app/408102
419,431190,"Dinosaur Hunt - Vampires, Gargoyles, Mutants Hunter Expansion Pack",0.99,"Action, Adventure, Indie, Simulation",http://store.steampowered.com/app/431190
419,431191,Dinosaur Hunt - Giant Spiders Hunter Expansion Pack,0.99,"Action, Adventure, Indie, Simulation",http://store.steampowered.com/app/431191
419,434940,Dinosaur Hunt - Medieval Knights Hunter Expansion Pack,0.99,"Action, Adventure, Indie, Simulation",http://store.steampowered.com/app/434940
419,434941,Dinosaur Hunt - Guns Expansion Pack,0.99,"Action, Adventure, Indie, Simulation",http://store.steampowered.com/app/434941
419,434942,Dinosaur Hunt - Brontosaurus Expansion Pack,0.49,"Action, Adventure, Indie, Simulation",http://store.steampowered.com/app/434942
419,434943,Dinosaur Hunt - Wild West Guns Expansion Pack,0.99,"Action, Adventure, Indie, Simulation",http://store.steampowered.com/app/434943
419,434944,Dinosaur Hunt - WW2 War Expansion Pack,0.99,"Action, Adventure, Indie, Simulation",http://store.steampowered.com/app/434944
1460,265120,Meridian: New World,6.99,"Indie, Strategy",http://store.steampowered.com/app/265120
1460,288240,Meridian: New World Video and Soundtrack,6.99,"Indie, Strategy",http://store.steampowered.com/app/288240
1460,451400,Meridian: Squad 22,14.99,"Action, Indie, Strategy",http://store.steampowered.com/app/451400
1460,486960,Meridian: Squad 22 - Soundtrack,1.99,"Action, Indie, Strategy",http://store.steampowered.com/app/486960
317,428430,Endorlight,2.99,"Adventure, Casual, Indie",http://store.steampowered.com/app/428430
317,450730,Endorlight - Soundtrack,0.99,"Adventure, Casual, Indie",http://store.steampowered.com/app/450730
1379,350200,Revolution 60,9.99,Adventure,http://store.steampowered.com/app/350200
1379,470180,Revolution 60: Special Edition,4.99,Adventure,http://store.steampowered.com/app/470180
1385,353640,Train Valley,9.99,"Casual, Indie, Simulation, Strategy",http://store.steampowered.com/app/353640
1385,369990,"Gremlins, Inc.",14.99,"Indie, Strategy",http://store.steampowered.com/app/369990
1137,465780,New Retro Arcade: Neon,19.99,"Action, Adventure, Casual, Indie, Racing, Simulation, Sports",http://store.steampowered.com/app/465780
1137,494570,New Retro Arcade: Neon - Official Soundtrack,9.99,"Action, Adventure, Casual, Racing, Simulation, Sports",http://store.steampowered.com/app/494570
279,293180,Overcast - Walden and the Werewolf,0.99,"Action, Adventure, Indie",http://store.steampowered.com/app/293180
279,303390,Dead Bits,0.99,"Action, Casual, Indie",http://store.steampowered.com/app/303390
279,306160,Dead Bits (Soundtrack),0.99,"Action, Casual, Indie",http://store.steampowered.com/app/306160
279,343360,Particula,0.99,"Casual, Indie, Strategy",http://store.steampowered.com/app/343360
279,448070,Red Risk,0.99,"Action, Casual, Indie, Strategy",http://store.steampowered.com/app/448070
279,450470,Red Risk (Soundtrack),1.99,Casual,http://store.steampowered.com/app/450470
1440,485660,Karma Miwa,2.99,"Action, Adventure, Casual, Indie",http://store.steampowered.com/app/485660
1440,485920,Neon Warp,2.99,"Action, Casual, Indie",http://store.steampowered.com/app/485920
1440,487330,Totally Unbalanced,3.99,"Action, Adventure, Casual, Indie, Racing",http://store.steampowered.com/app/487330
1440,502380,Tangled Up!,4.99,"Action, Adventure, Casual, Indie, Strategy",http://store.steampowered.com/app/502380
1441,485640,Genius Greedy Mouse,4.99,"Action, Adventure, Casual, Indie, Strategy",http://store.steampowered.com/app/485640
1441,485660,Karma Miwa,2.99,"Action, Adventure, Casual, Indie",http://store.steampowered.com/app/485660
1441,485920,Neon Warp,2.99,"Action, Casual, Indie",http://store.steampowered.com/app/485920
1441,487270,Go Mission: Space Travel,0.99,"Action, Adventure, Casual, Indie, Strategy",http://store.steampowered.com/app/487270
1441,502380,Tangled Up!,4.99,"Action, Adventure, Casual, Indie, Strategy",http://store.steampowered.com/app/502380
1441,503710,Void,4.99,"Action, Adventure, Casual, Indie, Simulation, Strategy",http://store.steampowered.com/app/503710
658,389700,My Bones,1.99,"Adventure, Indie",http://store.steampowered.com/app/389700
658,400740,VERGE:Lost chapter,1.99,"Action, Adventure, Indie",http://store.steampowered.com/app/400740
658,428630,White Mirror,1.99,Indie,http://store.steampowered.com/app/428630
658,453670,The Lost Souls,1.99,Indie,http://store.steampowered.com/app/453670
658,513570,Wooden House,2.99,"Action, Adventure, Indie",http://store.steampowered.com/app/513570
355,55140,MX vs. ATV Reflex,19.99,Racing,http://store.steampowered.com/app/55140
355,282050,MX vs. ATV Supercross Encore,29.99,"Racing, Simulation, Sports",http://store.steampowered.com/app/282050
355,359220,MX vs. ATV Unleashed,9.99,"Racing, Simulation",http://store.steampowered.com/app/359220
355,420890,MX vs. ATV Supercross Encore - Supercross Track Pack 1,9.99,"Racing, Simulation, Sports",http://store.steampowered.com/app/420890
355,421160,MX vs. ATV Supercross Encore - Supercross Track Pack 2,9.99,"Racing, Simulation, Sports",http://store.steampowered.com/app/421160
355,421161,MX vs. ATV Supercross Encore - Supercross Track Pack 3,9.99,"Racing, Simulation, Sports",http://store.steampowered.com/app/421161
355,421162,MX vs. ATV Supercross Encore - Supercross Track Pack 4,9.99,"Racing, Simulation, Sports",http://store.steampowered.com/app/421162
355,421163,MX vs. ATV Supercross Encore - The Stewart Compound,9.99,"Racing, Simulation, Sports",http://store.steampowered.com/app/421163
355,421164,MX vs. ATV Supercross Encore - Copper Canyon Open World,9.99,"Racing, Simulation, Sports",http://store.steampowered.com/app/421164
355,421165,MX vs. ATV Supercross Encore - Rhythm Racing Pack,5.99,"Racing, Simulation, Sports",http://store.steampowered.com/app/421165
355,421166,MX vs. ATV Supercross Encore - 2 Stroke 4 Pack,1.99,"Racing, Simulation, Sports",http://store.steampowered.com/app/421166
355,429710,MX vs. ATV Supercross Encore - 2015 KTM 125 SX,2.99,"Racing, Simulation, Sports",http://store.steampowered.com/app/429710
355,429711,MX vs. ATV Supercross Encore - 2015 KTM 250 SX MX,2.99,"Racing, Simulation, Sports",http://store.steampowered.com/app/429711
355,429890,MX vs. ATV Supercross Encore - 2015 KTM 250 SX-F MX,2.99,"Racing, Simulation, Sports",http://store.steampowered.com/app/429890
355,429900,MX vs. ATV Supercross Encore - 2015 KTM 350 SX-F MX,2.99,"Racing, Simulation, Sports",http://store.steampowered.com/app/429900
355,429901,MX vs. ATV Supercross Encore - 2015 KTM 450 SX-F MX,2.99,"Racing, Simulation, Sports",http://store.steampowered.com/app/429901
355,429902,MX vs. ATV Supercross Encore - KTM 450 SX ATV,2.99,"Racing, Simulation, Sports",http://store.steampowered.com/app/429902
355,429903,MX vs. ATV Supercross Encore - 2015 Husqvarna FC 250 MX,2.99,"Racing, Simulation, Sports",http://store.steampowered.com/app/429903
355,429904,MX vs. ATV Supercross Encore - 2015 Husqvarna FC 350 MX,2.99,"Racing, Simulation, Sports",http://store.steampowered.com/app/429904
355,429905,MX vs. ATV Supercross Encore - 2015 Husqvarna TC 125 MX,2.99,"Racing, Simulation, Sports",http://store.steampowered.com/app/429905
355,429906,MX vs. ATV Supercross Encore - 2015 Husqvarna TC 250 MX,2.99,"Racing, Simulation, Sports",http://store.steampowered.com/app/429906
355,429907,MX vs. ATV Supercross Encore - 2015 Husqvarna FC 450 MX,2.99,"Racing, Simulation, Sports",http://store.steampowered.com/app/429907
355,429908,MX vs. ATV Supercross Encore - 2015 Honda CRF250R MX,2.99,"Racing, Simulation, Sports",http://store.steampowered.com/app/429908
355,430310,MX vs. ATV Supercross Encore - 2015 Honda CRF450R MX,2.99,"Racing, Simulation, Sports",http://store.steampowered.com/app/430310
355,430311,MX vs. ATV Supercross Encore - Honda TRX450R ATV,2.99,"Racing, Simulation, Sports",http://store.steampowered.com/app/430311
355,430312,MX vs. ATV Supercross Encore - Kawasaki KFX450 ATV,2.99,"Racing, Simulation, Sports",http://store.steampowered.com/app/430312
355,430313,MX vs. ATV Supercross Encore - 2015 Kawasaki KX250F MX,2.99,"Racing, Simulation, Sports",http://store.steampowered.com/app/430313
355,430314,MX vs. ATV Supercross Encore - 2015 Kawasaki KX450F MX,2.99,"Racing, Simulation, Sports",http://store.steampowered.com/app/430314
355,430315,MX vs. ATV Supercross Encore - Suzuki LT450R ATV,2.99,"Racing, Simulation, Sports",http://store.steampowered.com/app/430315
355,430316,MX vs. ATV Supercross Encore - 2015 Suzuki RMZ250 MX,2.99,"Racing, Simulation, Sports",http://store.steampowered.com/app/430316
355,430317,MX vs. ATV Supercross Encore - 2015 Suzuki RMZ450 MX,2.99,"Racing, Simulation, Sports",http://store.steampowered.com/app/430317
355,430318,MX vs. ATV Supercross Encore - Yamaha YFZ450 ATV,2.99,"Racing, Simulation, Sports",http://store.steampowered.com/app/430318
355,430319,MX vs. ATV Supercross Encore - 2015 Yamaha YZ125 MX,2.99,"Racing, Simulation, Sports",http://store.steampowered.com/app/430319
355,430320,MX vs. ATV Supercross Encore - 2015 Yamaha YZ250F MX,2.99,"Racing, Simulation, Sports",http://store.steampowered.com/app/430320
355,430321,MX vs. ATV Supercross Encore - 2015 Yamaha YZ450F MX,2.99,"Racing, Simulation, Sports",http://store.steampowered.com/app/430321
355,430322,MX vs. ATV Supercross Encore - Squall Valley,7.99,"Racing, Simulation, Sports",http://store.steampowered.com/app/430322
1401,522333,Shadow Warrior 2 - Soundtrack,5.99,"Action, Adventure",http://store.steampowered.com/app/522333
1401,522334,Shadow Warrior 2 - Solid Gold Pack,0.99,"Action, Adventure",http://store.steampowered.com/app/522334
1401,522335,Shadow Warrior 2 - Digital Artbook,2.99,"Action, Adventure",http://store.steampowered.com/app/522335
1401,324800,Shadow Warrior 2,35.99,"Action, Adventure",http://store.steampowered.com/app/324800
1418,3300,Bejeweled 2 Deluxe,4.99,Casual,http://store.steampowered.com/app/3300
1418,3350,Bejeweled Deluxe,4.99,Casual,http://store.steampowered.com/app/3350
1418,3330,Zuma Deluxe,4.99,Casual,http://store.steampowered.com/app/3330
1418,3390,Feeding Frenzy 2 Deluxe,4.99,Casual,http://store.steampowered.com/app/3390
1418,3310,Chuzzle Deluxe,4.99,Casual,http://store.steampowered.com/app/3310
1418,3320,Insaniquarium Deluxe,4.99,Casual,http://store.steampowered.com/app/3320
1418,3380,Dynomite Deluxe,4.99,Casual,http://store.steampowered.com/app/3380
1418,3420,Iggle Pop Deluxe,4.99,Casual,http://store.steampowered.com/app/3420
1418,3430,Pizza Frenzy Deluxe,4.99,Casual,http://store.steampowered.com/app/3430
1418,3450,Typer Shark! Deluxe,4.99,Casual,http://store.steampowered.com/app/3450
1418,3340,AstroPop Deluxe,4.99,Casual,http://store.steampowered.com/app/3340
1418,3410,Heavy Weapon Deluxe,4.99,Casual,http://store.steampowered.com/app/3410
1418,3440,Rocket Mania Deluxe,4.99,Casual,http://store.steampowered.com/app/3440
1418,3400,Hammer Heads Deluxe,4.99,Casual,http://store.steampowered.com/app/3400
1418,3360,Big Money! Deluxe,4.99,Casual,http://store.steampowered.com/app/3360
1418,3460,Talismania Deluxe,4.99,Casual,http://store.steampowered.com/app/3460
1418,3480,Peggle Deluxe,4.99,Casual,http://store.steampowered.com/app/3480
1418,3540,Peggle™ Nights,4.99,Casual,http://store.steampowered.com/app/3540
1418,3560,Bejeweled Twist,4.99,"Strategy, Casual",http://store.steampowered.com/app/3560
1418,3580,The Wizard's Pen™,4.99,Casual,http://store.steampowered.com/app/3580
1418,3590,Plants vs. Zombies GOTY Edition,4.99,Strategy,http://store.steampowered.com/app/3590
1418,3620,Zuma's Revenge!,4.99,"Action, Casual",http://store.steampowered.com/app/3620
1418,78000,Bejeweled® 3,4.99,"Strategy, Casual",http://store.steampowered.com/app/78000
1282,311500,Vanguard Princess Hilda Rize,1.99,"Action, Casual, Indie",http://store.steampowered.com/app/311500
1282,329150,Vanguard Princess Lilith,2.99,"Action, Casual, Indie",http://store.steampowered.com/app/329150
1282,406440,Vanguard Princess Kurumi,3.99,"Action, Casual, Indie",http://store.steampowered.com/app/406440
1282,511170,Artwork and Soundtrack,2.99,"Action, Casual, Indie",http://store.steampowered.com/app/511170
1399,45740,Dead Rising® 2,19.99,"Action, Adventure",http://store.steampowered.com/app/45740
1399,45770,Dead Rising 2: Off the Record,19.99,"Action, Adventure",http://store.steampowered.com/app/45770
1399,427190,DEAD RISING®,19.99,"Action, Adventure",http://store.steampowered.com/app/427190
1392,488050,The Metronomicon - The Soundtrack!,6.39,"Action, Indie, RPG",http://store.steampowered.com/app/488050
1392,416790,The Metronomicon,15.99,"Action, Indie, RPG",http://store.steampowered.com/app/416790
1404,404770,SUPERFIGHT,9.99,"Casual, Indie, Strategy",http://store.steampowered.com/app/404770
1404,440500,SUPERFIGHT - The Walking Dead Deck,4.99,"Action, Casual, Indie",http://store.steampowered.com/app/440500
1404,441610,SUPERFIGHT - The Red Deck,4.99,"Casual, Indie, Strategy",http://store.steampowered.com/app/441610
1404,460830,SUPERFIGHT - The Orange Deck,4.99,"Casual, Indie, Strategy",http://store.steampowered.com/app/460830
1404,460840,SUPERFIGHT - The Digital Deck,4.99,"Casual, Indie, Strategy",http://store.steampowered.com/app/460840
1404,474930,SUPERFIGHT - The Mindcrack Deck,4.99,"Casual, Indie, Strategy",http://store.steampowered.com/app/474930
1404,476350,SUPERFIGHT - The Green Deck,4.99,"Casual, Indie, Strategy",http://store.steampowered.com/app/476350
1404,476351,SUPERFIGHT - The Anime Deck,4.99,"Casual, Indie, Strategy",http://store.steampowered.com/app/476351
1404,476352,SUPERFIGHT - The Expansion One Deck,4.99,"Casual, Indie, Strategy",http://store.steampowered.com/app/476352
1406,440500,SUPERFIGHT - The Walking Dead Deck,4.99,"Action, Casual, Indie",http://store.steampowered.com/app/440500
1406,441610,SUPERFIGHT - The Red Deck,4.99,"Casual, Indie, Strategy",http://store.steampowered.com/app/441610
1406,460830,SUPERFIGHT - The Orange Deck,4.99,"Casual, Indie, Strategy",http://store.steampowered.com/app/460830
1406,460840,SUPERFIGHT - The Digital Deck,4.99,"Casual, Indie, Strategy",http://store.steampowered.com/app/460840
1406,474930,SUPERFIGHT - The Mindcrack Deck,4.99,"Casual, Indie, Strategy",http://store.steampowered.com/app/474930
1406,476350,SUPERFIGHT - The Green Deck,4.99,"Casual, Indie, Strategy",http://store.steampowered.com/app/476350
1406,476351,SUPERFIGHT - The Anime Deck,4.99,"Casual, Indie, Strategy",http://store.steampowered.com/app/476351
1406,476352,SUPERFIGHT - The Expansion One Deck,4.99,"Casual, Indie, Strategy",http://store.steampowered.com/app/476352
1407,331710,Why So Evil,1.99,"Action, Adventure, Casual, Indie",http://store.steampowered.com/app/331710
1407,354850,Why So Evil 2: Dystopia,1.99,"Action, Adventure, Casual, Indie",http://store.steampowered.com/app/354850
1407,368900,Brilliant Bob,2.99,"Action, Adventure, Casual, Indie",http://store.steampowered.com/app/368900
1407,385200,Absconding Zatwor,1.99,"Action, Casual, Indie",http://store.steampowered.com/app/385200
1407,395980,Break Into Zatwor,1.99,"Casual, Indie",http://store.steampowered.com/app/395980
1407,397620,GooCubelets,1.99,"Casual, Indie",http://store.steampowered.com/app/397620
1407,410590,Fiends of Imprisonment,1.99,"Casual, Indie",http://store.steampowered.com/app/410590
1407,416270,GooCubelets 2,1.99,"Casual, Indie",http://store.steampowered.com/app/416270
1407,431270,GooCubelets: The Algoorithm,1.99,"Casual, Indie",http://store.steampowered.com/app/431270
1407,432150,They Came From The Moon,1.99,"Casual, Indie",http://store.steampowered.com/app/432150
1407,447880,Beast Blaster,3.99,"Action, Casual, Indie",http://store.steampowered.com/app/447880
1407,460660,GooCubelets: OCD,1.99,"Casual, Indie",http://store.steampowered.com/app/460660
1407,462370,Cyborg Detonator,3.99,"Casual, Indie",http://store.steampowered.com/app/462370
1407,505440,GooCubelets: The Void,1.99,"Casual, Indie",http://store.steampowered.com/app/505440
1407,516700,Zombie Boom,3.99,"Action, Casual, Indie",http://store.steampowered.com/app/516700
1403,353380,Steam Link,34.99,,http://store.steampowered.com/app/353380
1403,469660,John Wick,12.79,,http://store.steampowered.com/app/469660
1293,364250,XIIZEAL,11.99,Action,http://store.steampowered.com/app/364250
1293,379520,DELTAZEAL,11.99,Action,http://store.steampowered.com/app/379520
1293,406480,XIIZEAL Original Soundtrack,4.99,Action,http://store.steampowered.com/app/406480
1293,406490,DELTAZEAL Original Soundtrack,4.99,Action,http://store.steampowered.com/app/406490
1293,430290,Shmups Skill Test,4.99,Action,http://store.steampowered.com/app/430290
1293,430300,MINUS ZERO,1.99,Action,http://store.steampowered.com/app/430300
1293,465060,EXZEAL,11.99,Action,http://store.steampowered.com/app/465060
1293,465070,TRIZEAL Remix,11.99,Action,http://store.steampowered.com/app/465070
1293,467870,MINUS ZERO - Original Sound Track,1.99,,http://store.steampowered.com/app/467870
1293,473100,Shmups Skill Test Original Soundtrack,4.99,,http://store.steampowered.com/app/473100
1293,473110,EXZEAL Original Soundtrack,4.99,,http://store.steampowered.com/app/473110
1293,473120,TRIZEAL Original Soundtrack,4.99,,http://store.steampowered.com/app/473120
1248,430290,Shmups Skill Test,4.99,Action,http://store.steampowered.com/app/430290
1248,430300,MINUS ZERO,1.99,Action,http://store.steampowered.com/app/430300
1248,465060,EXZEAL,11.99,Action,http://store.steampowered.com/app/465060
1248,465070,TRIZEAL Remix,11.99,Action,http://store.steampowered.com/app/465070
1248,467870,MINUS ZERO - Original Sound Track,1.99,,http://store.steampowered.com/app/467870
1248,473100,Shmups Skill Test Original Soundtrack,4.99,,http://store.steampowered.com/app/473100
1248,473110,EXZEAL Original Soundtrack,4.99,,http://store.steampowered.com/app/473110
1248,473120,TRIZEAL Original Soundtrack,4.99,,http://store.steampowered.com/app/473120
1409,449630,Rage Parking Simulator 2016,3.99,"Casual, Indie, Racing",http://store.steampowered.com/app/449630
1409,501690,Torch Cave,3.99,"Casual, Indie",http://store.steampowered.com/app/501690
1410,461570,The Last Photon,3.99,"Casual, Indie",http://store.steampowered.com/app/461570
1410,488200,The First Spark,3.99,"Casual, Indie",http://store.steampowered.com/app/488200
1410,492240,Tracks of Triumph: Industrial Zone,3.99,"Casual, Indie",http://store.steampowered.com/app/492240
1382,440550,RunGunJumpGun,7.99,"Action, Indie",http://store.steampowered.com/app/440550
1382,523840,RunGunJumpGun - Soundtrack/Special Edition Upgrade,1.99,"Action, Indie",http://store.steampowered.com/app/523840
1386,496390,Shiny,12.99,"Action, Indie",http://store.steampowered.com/app/496390
1386,523820,Shiny - Official Soundtrack,3.99,"Action, Indie",http://store.steampowered.com/app/523820
1386,523821,Shiny - Digital Artbook,3.99,"Action, Indie",http://store.steampowered.com/app/523821
1356,285500,Hard Truck Apocalypse / Ex Machina,7.99,"Action, Racing, RPG",http://store.steampowered.com/app/285500
1356,285520,Sledgehammer / Gear Grinder,1.59,"Action, Racing",http://store.steampowered.com/app/285520
1356,286810,Hard Truck Apocalypse: Rise Of Clans / Ex Machina: Meridian 113,5.99,"Action, Racing",http://store.steampowered.com/app/286810
1356,286830,Hard Truck Apocalypse: Arcade / Ex Machina: Arcade,4.99,"Action, Racing",http://store.steampowered.com/app/286830
1356,289600,Marauder,9.99,"RPG, Strategy",http://store.steampowered.com/app/289600
1332,359250,City of Fools,7.99,"Adventure, Casual, Indie",http://store.steampowered.com/app/359250
1332,359260,Green Moon,6.99,"Adventure, Casual, Indie",http://store.steampowered.com/app/359260
1332,486170,Bathory - The Bloody Countess,5.99,"Adventure, Casual, Indie",http://store.steampowered.com/app/486170
667,463110,Farnham Fables,0.99,"Adventure, Casual, Indie",http://store.steampowered.com/app/463110
667,524360,Farnham Fables Tape 1 Episode 2,0.99,"Adventure, Casual, Indie",http://store.steampowered.com/app/524360
1390,325120,Notch - The Innocent LunA: Eclipsed SinnerS,9.99,"Adventure, Casual, Indie",http://store.steampowered.com/app/325120
1390,348240,Gun Wings,3.99,"Action, Casual, Indie",http://store.steampowered.com/app/348240
1349,400450,NeuroVoider,13.99,"Action, Indie, RPG",http://store.steampowered.com/app/400450
1349,521010,NeuroVoider - Deluxe Upgrade,8.99,"Action, Indie, RPG",http://store.steampowered.com/app/521010
1373,383270,Hue,14.99,"Adventure, Indie",http://store.steampowered.com/app/383270
1373,517450,Hue Official Soundtrack,6.99,"Adventure, Indie",http://store.steampowered.com/app/517450
1295,510710,Bloxiq VR,14.99,"Casual, Indie, Strategy",http://store.steampowered.com/app/510710
1295,516090,Buy Bloxiq Soundtrack,3.99,"Casual, Indie, Strategy",http://store.steampowered.com/app/516090
1387,487220,Freebie,0.99,"Casual, Indie",http://store.steampowered.com/app/487220
1387,509110,Spikit,0.99,"Casual, Indie",http://store.steampowered.com/app/509110
1222,453270,Madness Cubed,5.99,"Action, Adventure, Indie, Massively Multiplayer, Simulation",http://store.steampowered.com/app/453270
1222,473810,Killbot,1.99,"Action, Adventure, Indie, Massively Multiplayer, Simulation",http://store.steampowered.com/app/473810
803,104200,BEEP,0.49,"Action, Adventure, Indie, Simulation, Strategy",http://store.steampowered.com/app/104200
803,263980,Out There Somewhere,1.99,"Action, Adventure, Indie, Simulation, Strategy",http://store.steampowered.com/app/263980
803,317250,Airscape - The Fall of Gravity,9.99,"Action, Adventure, Indie",http://store.steampowered.com/app/317250
803,341500,Camera Obscura,1.99,"Action, Adventure, Casual, Indie",http://store.steampowered.com/app/341500
803,351150,DRAGON: A Game About a Dragon,4.99,"Adventure, Casual, Indie, RPG",http://store.steampowered.com/app/351150
803,371670,Rolling Sun,4.99,"Action, Adventure, Indie, Simulation, Strategy",http://store.steampowered.com/app/371670
803,394540,Spaceport Hope,1.99,"Action, Adventure, Indie",http://store.steampowered.com/app/394540
803,396360,LocoSoccer,0.99,"Casual, Indie, Simulation, Sports",http://store.steampowered.com/app/396360
803,429700,Squirbs,4.99,"Action, Adventure, Indie, Strategy",http://store.steampowered.com/app/429700
498,438180,Super Mustache,0.99,"Action, Adventure, Casual, Indie",http://store.steampowered.com/app/438180
498,454200,Neon Hardcorps,0.99,"Action, Indie",http://store.steampowered.com/app/454200
498,485330,Star Drifter,0.99,"Action, Casual, Indie",http://store.steampowered.com/app/485330
396,263980,Out There Somewhere,1.99,"Action, Adventure, Indie, Simulation, Strategy",http://store.steampowered.com/app/263980
396,317250,Airscape - The Fall of Gravity,9.99,"Action, Adventure, Indie",http://store.steampowered.com/app/317250
396,351150,DRAGON: A Game About a Dragon,4.99,"Adventure, Casual, Indie, RPG",http://store.steampowered.com/app/351150
1372,485160,Black Hole Hazard,4.99,"Action, Indie",http://store.steampowered.com/app/485160
1372,522830,Black Hole Hazard Soundtrack,2.99,"Action, Indie",http://store.steampowered.com/app/522830
972,406850,Crush Your Enemies,9.99,"Action, Indie, Strategy",http://store.steampowered.com/app/406850
972,501510,Crush Your Enemies - Plundered Loot DLC,3.99,"Action, Indie, Strategy",http://store.steampowered.com/app/501510
1378,485220,The Orb Chambers™,4.99,"Action, Casual, Indie, Strategy",http://store.steampowered.com/app/485220
1378,501830,The Orb Chambers II,6.99,"Action, Casual, Indie, Strategy",http://store.steampowered.com/app/501830
1367,522770,Naruto Shippuden Uncut: Nightmare,1.99,,http://store.steampowered.com/app/522770
1367,522771,Naruto Shippuden Uncut: Wind,1.99,,http://store.steampowered.com/app/522771
1367,522772,Naruto Shippuden Uncut: Squirming,1.99,,http://store.steampowered.com/app/522772
1367,522773,Naruto Shippuden Uncut: Robbed of Sleep,1.99,,http://store.steampowered.com/app/522773
1367,522774,Naruto Shippuden Uncut: Loneliness,1.99,,http://store.steampowered.com/app/522774
1367,522775,Naruto Shippuden Uncut: A New Enemy,1.99,,http://store.steampowered.com/app/522775
1367,522776,Naruto Shippuden Uncut: Vicissitudes of Life,1.99,,http://store.steampowered.com/app/522776
1367,522777,Naruto Shippuden Uncut: Contact,1.99,,http://store.steampowered.com/app/522777
1367,522778,Naruto Shippuden Uncut: Teammate,1.99,,http://store.steampowered.com/app/522778
1367,522779,Naruto Shippuden Uncut: The Two Kings,1.99,,http://store.steampowered.com/app/522779
1367,522780,Naruto Shippuden Uncut: The Jet-Black Signal Fire,1.99,,http://store.steampowered.com/app/522780
1367,522781,Naruto Shippuden Uncut: Lockdown of Darkness,1.99,,http://store.steampowered.com/app/522781
1369,522810,Naruto Shippuden Uncut: The Judgment,1.99,,http://store.steampowered.com/app/522810
1369,522811,Naruto Shippuden Uncut: Unfulfilled Scream,1.99,,http://store.steampowered.com/app/522811
1369,522812,Naruto Shippuden Uncut: Last Words,1.99,,http://store.steampowered.com/app/522812
1369,522813,Naruto Shippuden Uncut: Sad News,1.99,,http://store.steampowered.com/app/522813
1369,522814,Naruto Shippuden Uncut: Team Ten,1.99,,http://store.steampowered.com/app/522814
1369,522815,Naruto Shippuden Uncut: Target: Locked On,1.99,,http://store.steampowered.com/app/522815
1369,522816,Naruto Shippuden Uncut: Kakuzu's Abilities,1.99,,http://store.steampowered.com/app/522816
1369,522817,Naruto Shippuden Uncut: Terrifying Secret,1.99,,http://store.steampowered.com/app/522817
1369,522818,Naruto Shippuden Uncut: Shikamaru's Genius,1.99,,http://store.steampowered.com/app/522818
1369,522819,"Naruto Shippuden Uncut: When You Curse Someone, You Dig Your Own Grave",1.99,,http://store.steampowered.com/app/522819
1369,522820,Naruto Shippuden Uncut: Wind Style: Rasen Shuriken!,1.99,,http://store.steampowered.com/app/522820
1371,522860,Naruto Shippuden Uncut: Everyone's Feelings,1.99,,http://store.steampowered.com/app/522860
1371,522861,Naruto Shippuden Uncut: Regroup!,1.99,,http://store.steampowered.com/app/522861
1371,522862,Naruto Shippuden Uncut: The Four-Corner Sealing Barrier,1.99,,http://store.steampowered.com/app/522862
1371,522863,Naruto Shippuden Uncut: Breaking the Crystal Style,1.99,,http://store.steampowered.com/app/522863
1371,522864,Naruto Shippuden Uncut: Battle over the Barrier,1.99,,http://store.steampowered.com/app/522864
1371,522865,Naruto Shippuden Uncut: Red Camellia,1.99,,http://store.steampowered.com/app/522865
1371,522866,Naruto Shippuden Uncut: Strange Bedfellows,1.99,,http://store.steampowered.com/app/522866
1371,522867,Naruto Shippuden Uncut: Guidepost of the Camellia,1.99,,http://store.steampowered.com/app/522867
1371,522868,Naruto Shippuden Uncut: Counterattack of the Curse Mark,1.99,,http://store.steampowered.com/app/522868
1371,522869,Naruto Shippuden Uncut: Memory of Guilt,1.99,,http://store.steampowered.com/app/522869
1371,522870,Naruto Shippuden Uncut: Shattered Promise,1.99,,http://store.steampowered.com/app/522870
1371,522871,Naruto Shippuden Uncut: A Place to Return to,1.99,,http://store.steampowered.com/app/522871
1376,519210,Daylight's End VR Edition - Chapter 1,1.99,,http://store.steampowered.com/app/519210
1376,519211,Daylight's End VR Edition - Chapter 2,1.99,,http://store.steampowered.com/app/519211
1376,519212,Daylight's End VR Edition - Chapter 3,1.99,,http://store.steampowered.com/app/519212
1376,519213,Daylight's End VR Edition - Chapter 4,1.99,,http://store.steampowered.com/app/519213
1376,519214,Daylight's End VR Edition - Chapter 5,1.99,,http://store.steampowered.com/app/519214
1376,519215,Daylight's End VR Edition - Chapter 6,1.99,,http://store.steampowered.com/app/519215
1376,519216,Daylight's End VR Edition - Chapter 7,1.99,,http://store.steampowered.com/app/519216
1376,519217,Daylight's End VR Edition - Chapter 8,1.99,,http://store.steampowered.com/app/519217
1376,519218,Daylight's End VR Edition - Chapter 9,1.99,,http://store.steampowered.com/app/519218
1376,519219,Daylight's End VR Edition - Chapter 10,1.99,,http://store.steampowered.com/app/519219
1337,520101,Naruto Shippuden Uncut: Beasts: Alive Again!,1.99,,http://store.steampowered.com/app/520101
1337,520102,Naruto Shippuden Uncut: Kakashi Enlightened!,1.99,,http://store.steampowered.com/app/520102
1337,520103,Naruto Shippuden Uncut: Aesthetics of an Instant,1.99,,http://store.steampowered.com/app/520103
1337,520104,Naruto Shippuden Uncut: The Legacy,1.99,,http://store.steampowered.com/app/520104
1337,520105,Naruto Shippuden Uncut: Return of the Kazekage,1.99,,http://store.steampowered.com/app/520105
1337,520106,Naruto Shippuden Uncut: The New Target,1.99,,http://store.steampowered.com/app/520106
1337,520107,Naruto Shippuden Uncut: Formation! New Team Kakashi,1.99,,http://store.steampowered.com/app/520107
1337,520108,Naruto Shippuden Uncut: An Unnecessary Addition,1.99,,http://store.steampowered.com/app/520108
1337,520109,Naruto Shippuden Uncut: The Fake Smile,1.99,,http://store.steampowered.com/app/520109
1337,520110,Naruto Shippuden Uncut: Untitled,1.99,,http://store.steampowered.com/app/520110
1337,520111,Naruto Shippuden Uncut: Simulation,1.99,,http://store.steampowered.com/app/520111
1337,520112,Naruto Shippuden Uncut: The Tenchi Bridge,1.99,,http://store.steampowered.com/app/520112
1337,520700,Naruto Shippuden Uncut: Impossible Dream,1.99,,http://store.steampowered.com/app/520700
1343,520760,Naruto Shippuden Uncut: The Nine Tails Unleashed,1.99,,http://store.steampowered.com/app/520760
1343,520761,Naruto Shippuden Uncut: The Top-Secret Mission Begins,1.99,,http://store.steampowered.com/app/520761
1343,520762,Naruto Shippuden Uncut: Orochimaru vs. Jinchuuriki,1.99,,http://store.steampowered.com/app/520762
1343,520763,Naruto Shippuden Uncut: Sakura's Tears,1.99,,http://store.steampowered.com/app/520763
1343,520764,Naruto Shippuden Uncut: The Secret of the Battle!,1.99,,http://store.steampowered.com/app/520764
1343,520765,Naruto Shippuden Uncut: The Consequences of Betryal,1.99,,http://store.steampowered.com/app/520765
1343,520766,Naruto Shippuden Uncut: The Unfinished Page,1.99,,http://store.steampowered.com/app/520766
1343,520767,Naruto Shippuden Uncut: Infiltration: The Den of the Snake!,1.99,,http://store.steampowered.com/app/520767
1343,520768,Naruto Shippuden Uncut: Bonds,1.99,,http://store.steampowered.com/app/520768
1343,520769,Naruto Shippuden Uncut: Something Important?,1.99,,http://store.steampowered.com/app/520769
1343,520770,Naruto Shippuden Uncut: The Picture Book's Story,1.99,,http://store.steampowered.com/app/520770
1343,520771,Naruto Shippuden Uncut: Reunion,1.99,,http://store.steampowered.com/app/520771
1343,520772,Naruto Shippuden Uncut: The Power of Uchiha,1.99,,http://store.steampowered.com/app/520772
1343,521290,Naruto Shippuden Uncut: Title,1.99,,http://store.steampowered.com/app/521290
1368,522790,Naruto Shippuden Uncut: Revived Souls,1.99,,http://store.steampowered.com/app/522790
1368,522791,Naruto Shippuden Uncut: Everyone's Struggle to the Death,1.99,,http://store.steampowered.com/app/522791
1368,522792,Naruto Shippuden Uncut: Moment of Awakening,1.99,,http://store.steampowered.com/app/522792
1368,522793,Naruto Shippuden Uncut: Despair,1.99,,http://store.steampowered.com/app/522793
1368,522794,Naruto Shippuden Uncut: Resonance,1.99,,http://store.steampowered.com/app/522794
1368,522795,Naruto Shippuden Uncut: My Friend,1.99,,http://store.steampowered.com/app/522795
1368,522796,Naruto Shippuden Uncut: The Quietly Approaching Threat,1.99,,http://store.steampowered.com/app/522796
1368,522797,Naruto Shippuden Uncut: Akatsuki's Invasion,1.99,,http://store.steampowered.com/app/522797
1368,522798,Naruto Shippuden Uncut: Under the Starry Sky,1.99,,http://store.steampowered.com/app/522798
1368,522799,Naruto Shippuden Uncut: The Old Monk's Prayer,1.99,,http://store.steampowered.com/app/522799
1368,522800,Naruto Shippuden Uncut: The Next Step,1.99,,http://store.steampowered.com/app/522800
1368,522801,Naruto Shippuden Uncut: Climbing Silver,1.99,,http://store.steampowered.com/app/522801
1370,522840,Naruto Shippuden Uncut: The Price of Power,1.99,,http://store.steampowered.com/app/522840
1370,522841,Naruto Shippuden Uncut: A Shinobi's Determination,1.99,,http://store.steampowered.com/app/522841
1370,522842,Naruto Shippuden Uncut: Orochimaru's Hideout Discovered,1.99,,http://store.steampowered.com/app/522842
1370,522843,Naruto Shippuden Uncut: Encounter,1.99,,http://store.steampowered.com/app/522843
1370,522844,Naruto Shippuden Uncut: Connecting Hearts,1.99,,http://store.steampowered.com/app/522844
1370,522845,Naruto Shippuden Uncut: A Night of Rain,1.99,,http://store.steampowered.com/app/522845
1370,522846,Naruto Shippuden Uncut: The Two Charms,1.99,,http://store.steampowered.com/app/522846
1370,522847,Naruto Shippuden Uncut: The Unseeing Enemy,1.99,,http://store.steampowered.com/app/522847
1370,522848,Naruto Shippuden Uncut: The Labyrinth of Distorted Reflection,1.99,,http://store.steampowered.com/app/522848
1370,522849,Naruto Shippuden Uncut: The Target Appears,1.99,,http://store.steampowered.com/app/522849
1370,522850,Naruto Shippuden Uncut: The Rampaging Tailed Beast,1.99,,http://store.steampowered.com/app/522850
1370,522851,Naruto Shippuden Uncut: Inside the Mist,1.99,,http://store.steampowered.com/app/522851
1264,516970,Naruto Shippuden Uncut: Homecoming,1.99,,http://store.steampowered.com/app/516970
1264,516971,Naruto Shippuden Uncut: The Akatsuki Makes Its Move,1.99,,http://store.steampowered.com/app/516971
1264,516972,Naruto Shippuden Uncut: The Results of Training,1.99,,http://store.steampowered.com/app/516972
1264,516973,Naruto Shippuden Uncut: The Jinchuriki of the Sand,1.99,,http://store.steampowered.com/app/516973
1264,516974,Naruto Shippuden Uncut: The Kazekage Stands Tall,1.99,,http://store.steampowered.com/app/516974
1264,516975,Naruto Shippuden Uncut: Mission Cleared,1.99,,http://store.steampowered.com/app/516975
1264,516976,"Naruto Shippuden Uncut: Run, Kankuro",1.99,,http://store.steampowered.com/app/516976
1264,516977,"Naruto Shippuden Uncut: Team Kakashi, Deployed",1.99,,http://store.steampowered.com/app/516977
1264,516978,Naruto Shippuden Uncut: The Jinchuriki's Tears,1.99,,http://store.steampowered.com/app/516978
1264,516979,Naruto Shippuden Uncut: Sealing Jutsu: Nine Phantom Dragons,1.99,,http://store.steampowered.com/app/516979
1264,516980,Naruto Shippuden Uncut: The Medical Ninja's Student,1.99,,http://store.steampowered.com/app/516980
1264,516981,Naruto Shippuden Uncut: The Retired Granny's Determination,1.99,,http://store.steampowered.com/app/516981
1264,516982,Naruto Shippuden Uncut: A Meeting With Destiny,1.99,,http://store.steampowered.com/app/516982
1324,520050,Naruto Shippuden Uncut: Naruto's Growth,1.99,,http://store.steampowered.com/app/520050
1324,520051,Naruto Shippuden Uncut: The Secret Weapon is Called….,1.99,,http://store.steampowered.com/app/520051
1324,520052,Naruto Shippuden Uncut: The Secret of Jinchuriki,1.99,,http://store.steampowered.com/app/520052
1324,520053,Naruto Shippuden Uncut: The Death of Gaara!,1.99,,http://store.steampowered.com/app/520053
1324,520054,Naruto Shippuden Uncut: Charge Tactic! Button Hook Entry!!,1.99,,http://store.steampowered.com/app/520054
1324,520055,Naruto Shippuden Uncut: Traps Activate! Team Guy's Enemy,1.99,,http://store.steampowered.com/app/520055
1324,520056,Naruto Shippuden Uncut: Hiruko vs. Two Kunoichi!,1.99,,http://store.steampowered.com/app/520056
1324,520057,Naruto Shippuden Uncut: Sasori's Real Face,1.99,,http://store.steampowered.com/app/520057
1324,520058,Naruto Shippuden Uncut: Chiyo's Secret Skills,1.99,,http://store.steampowered.com/app/520058
1324,520059,Naruto Shippuden Uncut: Father and Mother,1.99,,http://store.steampowered.com/app/520059
1324,520060,Naruto Shippuden Uncut: The Third Kazekage,1.99,,http://store.steampowered.com/app/520060
1324,520061,Naruto Shippuden Uncut: Three Minutes Between Life and Death,1.99,,http://store.steampowered.com/app/520061
1324,520100,Naruto Shippuden Uncut: Puppet Fight: 10 vs. 100!,1.99,,http://store.steampowered.com/app/520100
1268,12520,18 Wheels of Steel: American Long Haul,4.99,Racing,http://store.steampowered.com/app/12520
1268,33730,18 Wheels of Steel: Extreme Trucker,9.99,Simulation,http://store.steampowered.com/app/33730
1268,362780,18 Wheels of Steel: Extreme Trucker 2,9.99,Simulation,http://store.steampowered.com/app/362780
1328,499910,SHINRAI - Broken Beyond Despair,14.99,"Adventure, Indie",http://store.steampowered.com/app/499910
1328,509120,SHINRAI - Broken Beyond Despair Soundtrack,7.99,Indie,http://store.steampowered.com/app/509120
825,363490,Escape Machines,0.99,"Action, Adventure, Indie, RPG, Strategy, Early Access",http://store.steampowered.com/app/363490
825,399430,Tinboy,0.99,"Casual, Indie",http://store.steampowered.com/app/399430
825,412600,Lup,0.99,"Action, Indie",http://store.steampowered.com/app/412600
825,487220,Freebie,0.99,"Casual, Indie",http://store.steampowered.com/app/487220
825,497050,Shape Shifter,0.99,"Casual, Indie",http://store.steampowered.com/app/497050
473,418070,Turbo Pug,0.99,"Casual, Indie",http://store.steampowered.com/app/418070
473,466840,Super Space Pug,0.99,"Action, Casual, Indie",http://store.steampowered.com/app/466840
473,469730,Super Mega Neo Pug,0.99,"Action, Casual, Indie",http://store.steampowered.com/app/469730
1297,504400,Optika,4.99,"Adventure, Casual, Indie",http://store.steampowered.com/app/504400
1297,516910,Optika - Soundtrack,2.99,"Adventure, Casual, Indie",http://store.steampowered.com/app/516910
604,40300,Risen,9.99,RPG,http://store.steampowered.com/app/40300
604,40390,Risen 2: Dark Waters,9.99,RPG,http://store.steampowered.com/app/40390
604,40391,Risen 2: Dark Waters - A Pirate's Clothes DLC,1.99,,http://store.steampowered.com/app/40391
604,40392,Risen 2: Dark Waters - Treasure Isle DLC,4.99,"Action, Adventure",http://store.steampowered.com/app/40392
604,40393,Risen 2: Dark Waters - Air Temple DLC,4.99,RPG,http://store.steampowered.com/app/40393
604,249250,Risen 3 - Adventure Garb,1.99,RPG,http://store.steampowered.com/app/249250
604,249270,Risen 3 - Fog Island,4.99,RPG,http://store.steampowered.com/app/249270
604,249290,Risen 3 - Uprising of the Little Guys,4.99,RPG,http://store.steampowered.com/app/249290
604,249230,Risen 3 - Titan Lords,19.99,RPG,http://store.steampowered.com/app/249230
1333,489970,Mugen Souls Z - Ultimate Weapon Bundle,3.99,"Adventure, RPG, Strategy",http://store.steampowered.com/app/489970
1333,489971,Mugen Souls Z - Overwhelming Weapon Bundle,3.99,"Adventure, RPG, Strategy",http://store.steampowered.com/app/489971
1333,489972,Mugen Souls Z - Jiggly Co. Equipment Bundle 3,1.99,"Adventure, RPG, Strategy",http://store.steampowered.com/app/489972
1333,489973,Mugen Souls Z - Overwhelming G Up Fever Bundle,3.99,"Adventure, RPG, Strategy",http://store.steampowered.com/app/489973
1333,489974,Mugen Souls Z - Overwhelming Ticket Bundle,3.99,"Adventure, RPG, Strategy",http://store.steampowered.com/app/489974
1333,489975,Mugen Souls Z - Clothing Bundle 1,3.99,"Adventure, RPG, Strategy",http://store.steampowered.com/app/489975
1333,489976,Mugen Souls Z - Clothing Bundle 2,4.99,"Adventure, RPG, Strategy",http://store.steampowered.com/app/489976
1333,489977,Mugen Souls Z - Character Clothing Bundle,1.99,"Adventure, RPG, Strategy",http://store.steampowered.com/app/489977
1333,489978,Mugen Souls Z - Ultimate Unlocks Bundle,3.99,"Adventure, RPG, Strategy",http://store.steampowered.com/app/489978
1333,490410,Mugen Souls Z - Overwhelming Point Fever Bundle,4.99,"Adventure, RPG, Strategy",http://store.steampowered.com/app/490410
1333,490411,Mugen Souls Z - Overwhelming G Fever Bundle,4.99,"Adventure, RPG, Strategy",http://store.steampowered.com/app/490411
1333,490412,Mugen Souls Z - Overwhelming Mugen Point Fever Bundle,4.99,"Adventure, RPG, Strategy",http://store.steampowered.com/app/490412
1336,282900,Hyperdimension Neptunia Re;Birth1 / 超次次元ゲイム ネプテューヌRe;Birth1,29.99,"RPG, Strategy",http://store.steampowered.com/app/282900
1336,513730,Hyperdimension Neptunia Re;Birth1 Deluxe Pack / DELUXEセット（ディジタル限定版）,9.99,"RPG, Strategy",http://store.steampowered.com/app/513730
1340,282900,Hyperdimension Neptunia Re;Birth1 / 超次次元ゲイム ネプテューヌRe;Birth1,29.99,"RPG, Strategy",http://store.steampowered.com/app/282900
1340,319011,Hyperdimension Neptunia Re;Birth1 Additional Content3 / コンテンツ追加パック３,0.99,"RPG, Strategy",http://store.steampowered.com/app/319011
1340,319014,Hyperdimension Neptunia Re;Birth1 Plutia Battle Entry / プルルートバトル参加ライセンス,0.99,"RPG, Strategy",http://store.steampowered.com/app/319014
1340,319015,Hyperdimension Neptunia Re;Birth1 Peashy Battle Entry / ピーシェバトル参加ライセンス,0.99,"RPG, Strategy",http://store.steampowered.com/app/319015
1340,319016,Hyperdimension Neptunia Re;Birth1 Histoire Battle Entry / イストワールバトル参加ライセンス,0.99,"RPG, Strategy",http://store.steampowered.com/app/319016
1340,319017,Hyperdimension Neptunia Re;Birth1 Additional Content1 / コンテンツ追加パック１,0.99,"RPG, Strategy",http://store.steampowered.com/app/319017
1340,319018,Hyperdimension Neptunia Re;Birth1 Additional Content2 / コンテンツ追加パック２,0.99,"RPG, Strategy",http://store.steampowered.com/app/319018
1340,513730,Hyperdimension Neptunia Re;Birth1 Deluxe Pack / DELUXEセット（ディジタル限定版）,9.99,"RPG, Strategy",http://store.steampowered.com/app/513730
1153,218740,Pid,9.99,"Adventure, Indie",http://store.steampowered.com/app/218740
1153,471920,Pan-Pan,12.99,"Adventure, Indie",http://store.steampowered.com/app/471920
1153,508270,Pan-Pan Soundtrack,2.99,"Adventure, Indie",http://store.steampowered.com/app/508270
1153,508271,Pan-Pan Manual,2.99,"Adventure, Indie",http://store.steampowered.com/app/508271
1355,431600,Automobilista,39.99,"Racing, Simulation, Sports",http://store.steampowered.com/app/431600
1355,521600,Automobilista - Season Pass for all DLCs,29.99,"Racing, Simulation, Sports",http://store.steampowered.com/app/521600
1161,271860,Super Killer Hornet: Resurrection,4.99,Indie,http://store.steampowered.com/app/271860
1161,292620,Pressured,2.99,Indie,http://store.steampowered.com/app/292620
1161,326120,Horizon Shift,0.74,"Action, Indie",http://store.steampowered.com/app/326120
1161,354920,Pester,0.99,Indie,http://store.steampowered.com/app/354920
1161,407940,Hyper Bounce Blast,4.99,"Action, Indie",http://store.steampowered.com/app/407940
567,347560,Terra Incognita ~ Chapter One: The Descendant,0.99,"Adventure, Indie, RPG, Early Access",http://store.steampowered.com/app/347560
567,375510,New kind of adventure,0.99,"Adventure, Indie, RPG, Early Access",http://store.steampowered.com/app/375510
567,388160,Project Druid - 2D Labyrinth Explorer-,0.99,"Casual, Indie",http://store.steampowered.com/app/388160
567,391070,Stellar 2D,0.99,"Action, Casual, Indie",http://store.steampowered.com/app/391070
567,403560,Eaten Alive,0.99,Indie,http://store.steampowered.com/app/403560
567,403900,Clergy Splode,0.99,"Action, Indie",http://store.steampowered.com/app/403900
567,410210,Ampersand,0.99,"Indie, Racing",http://store.steampowered.com/app/410210
567,449200,Calcu-Late,0.99,"Adventure, Indie, RPG",http://store.steampowered.com/app/449200
1361,488660,Just Deserts,9.99,"Casual, Indie, Simulation, Strategy",http://store.steampowered.com/app/488660
1361,517290,Just Deserts - Swimwear Set,1.99,"Casual, Indie, Simulation, Strategy",http://store.steampowered.com/app/517290
1361,517291,Just Deserts - Sleepwear Costume Set,1.99,"Casual, Indie, Simulation, Strategy",http://store.steampowered.com/app/517291
1361,517292,Just Deserts - School Uniform Set,1.99,"Casual, Indie, Simulation, Strategy",http://store.steampowered.com/app/517292
903,378610,Valley,19.99,"Action, Adventure, Indie",http://store.steampowered.com/app/378610
903,494420,Valley - Soundtrack,6.99,"Action, Adventure, Indie",http://store.steampowered.com/app/494420
1271,443330,Malus Code,12.99,Adventure,http://store.steampowered.com/app/443330
1271,514320,Malus Code - Original Soundtrack,2.99,Adventure,http://store.steampowered.com/app/514320
1330,435530,The Final Station,14.99,"Action, Adventure, Indie",http://store.steampowered.com/app/435530
1330,520500,The Final Station OST and Artbook DLC,4.99,"Action, Adventure, Indie",http://store.steampowered.com/app/520500
1350,337000,Deus Ex: Mankind Divided,59.99,"Action, RPG",http://store.steampowered.com/app/337000
1350,470070,Deus Ex: Mankind Divided™ DLC - Season Pass,29.99,"Action, RPG",http://store.steampowered.com/app/470070
1351,337000,Deus Ex: Mankind Divided,59.99,"Action, RPG",http://store.steampowered.com/app/337000
1351,353370,Steam Controller,29.99,,http://store.steampowered.com/app/353370
1352,337000,Deus Ex: Mankind Divided,59.99,"Action, RPG",http://store.steampowered.com/app/337000
1352,353370,Steam Controller,29.99,,http://store.steampowered.com/app/353370
1352,470070,Deus Ex: Mankind Divided™ DLC - Season Pass,29.99,"Action, RPG",http://store.steampowered.com/app/470070
1209,425410,Road to Ballhalla,14.99,"Action, Adventure, Indie, Racing",http://store.steampowered.com/app/425410
1209,489530,Road to Ballhalla Soundtrack,4.99,"Action, Adventure, Indie, Racing",http://store.steampowered.com/app/489530
982,367040,InsanZ - Retro Survival Horror,7.99,"Action, Indie",http://store.steampowered.com/app/367040
982,448140,Night light,5.99,"Action, Adventure, Casual, Indie",http://store.steampowered.com/app/448140
827,266210,One Way Heroics,3.49,"Indie, RPG",http://store.steampowered.com/app/266210
827,352840,One Way Heroics Plus,6.49,"Indie, RPG",http://store.steampowered.com/app/352840
694,377470,ENKI,9.99,"Adventure, Indie",http://store.steampowered.com/app/377470
694,377480,N.E.R.O.: Nothing Ever Remains Obscure,19.99,"Adventure, Indie",http://store.steampowered.com/app/377480
531,283000,Strategic War in Europe,14.99,"Indie, Strategy",http://store.steampowered.com/app/283000
531,283020,The Campaign Series: Fall Weiss,14.99,"Indie, Strategy",http://store.steampowered.com/app/283020
531,302320,Storm over the Pacific,9.99,"Simulation, Strategy",http://store.steampowered.com/app/302320
531,305390,World War 2: Time of Wrath,1.99,"Indie, Strategy",http://store.steampowered.com/app/305390
538,383330,Star Chronicles: Delta Quadrant,0.99,"Indie, Strategy",http://store.steampowered.com/app/383330
538,451880,Catch a Falling Star,0.99,"Casual, Indie",http://store.steampowered.com/app/451880
347,385070,Atonement: Scourge of Time,8.99,"Adventure, Indie, RPG",http://store.steampowered.com/app/385070
347,391660,Incitement 3,8.99,"Adventure, Indie, RPG",http://store.steampowered.com/app/391660
347,412170,City of Chains,8.99,"Adventure, Indie, RPG, Strategy",http://store.steampowered.com/app/412170
347,457820,Outrage,3.99,"Adventure, Indie, RPG",http://store.steampowered.com/app/457820
347,467000,Insincere,3.99,"Action, Indie",http://store.steampowered.com/app/467000
1005,496500,Moon Colonization Project,2.99,"Adventure, Casual, Indie, Simulation, Strategy, Early Access",http://store.steampowered.com/app/496500
1005,501200,Moon Colonization Project | Soundtrack,1.19,Indie,http://store.steampowered.com/app/501200
1100,222880,Insurgency,4.99,"Action, Indie, Strategy",http://store.steampowered.com/app/222880
1100,447820,Day of Infamy,19.99,"Action, Indie, Strategy, Early Access",http://store.steampowered.com/app/447820
1114,400180,Okhlos,12.99,"Action, Indie, Strategy",http://store.steampowered.com/app/400180
1114,509030,Okhlos - Soundtrack,7.99,"Action, Indie, Strategy",http://store.steampowered.com/app/509030
1114,509031,Okhlos - Encyclopedia,0.99,"Action, Indie, Strategy",http://store.steampowered.com/app/509031
1114,509032,Okhlos - Prototypes,0.99,"Action, Indie, Strategy",http://store.steampowered.com/app/509032
494,399670,Game Corp DX,2.99,"Indie, Simulation",http://store.steampowered.com/app/399670
494,454060,Blueprint Tycoon,2.99,"Casual, Indie, Simulation",http://store.steampowered.com/app/454060
357,220780,Thomas Was Alone,9.99,Indie,http://store.steampowered.com/app/220780
357,365770,Volume,19.99,"Action, Indie",http://store.steampowered.com/app/365770
363,340490,Subterrain,16.99,Indie,http://store.steampowered.com/app/340490
363,470670,Subterrain - Original Soundtrack,2.99,Indie,http://store.steampowered.com/app/470670
284,258520,The Vanishing of Ethan Carter,19.99,"Adventure, Indie",http://store.steampowered.com/app/258520
284,457880,The Vanishing of Ethan Carter VR,9.99,"Adventure, Indie",http://store.steampowered.com/app/457880
1017,388430,TankZone Battle,8.99,"Action, Indie",http://store.steampowered.com/app/388430
1017,497040,Underground Keeper,5.99,"Casual, Indie",http://store.steampowered.com/app/497040
1002,499520,The Turing Test,19.99,Adventure,http://store.steampowered.com/app/499520
1002,508340,The Turing Test - Upgrade Pack,9.99,Adventure,http://store.steampowered.com/app/508340
754,284750,Enigmatis: The Ghosts of Maple Creek,9.99,"Adventure, Casual",http://store.steampowered.com/app/284750
754,284790,Nightmares from the Deep 2: The Siren`s Call,9.99,"Adventure, Casual",http://store.steampowered.com/app/284790
754,363330,Mind Snares: Alice's Journey,9.99,"Adventure, Casual",http://store.steampowered.com/app/363330
754,399890,The Secret Order 2: Masked Intent,9.99,"Adventure, Casual",http://store.steampowered.com/app/399890
536,40960,The Stronghold Collection,19.99,Strategy,http://store.steampowered.com/app/40960
536,47400,Stronghold 3 Gold,29.99,"Simulation, Strategy",http://store.steampowered.com/app/47400
359,296710,Monstrum,17.99,Indie,http://store.steampowered.com/app/296710
359,385870,Monstrum - Original Soundtrack,4.99,Indie,http://store.steampowered.com/app/385870
416,314290,Obludia,8.99,"Action, Indie",http://store.steampowered.com/app/314290
416,405550,Jet Set Knights,9.99,"Action, Indie",http://store.steampowered.com/app/405550
251,273540,Victory: The Age of Racing - Deluxe Edition Content,6.99,"Indie, Racing, Simulation, Sports",http://store.steampowered.com/app/273540
251,346610,Racecraft,19.99,"Indie, Racing, Simulation, Sports, Early Access",http://store.steampowered.com/app/346610
923,349220,The Black Watchmen,14.99,"Indie, Massively Multiplayer, RPG",http://store.steampowered.com/app/349220
923,379750,The Black Watchmen - Original Soundtrack,9.99,"Adventure, Casual, Indie, Massively Multiplayer, Strategy",http://store.steampowered.com/app/379750
923,396810,The Black Watchmen - Season 2: Enduring Conflict,14.99,"Indie, Massively Multiplayer, RPG",http://store.steampowered.com/app/396810
923,397370,The Black Watchmen - Mother Russia,4.99,"Indie, Massively Multiplayer, RPG",http://store.steampowered.com/app/397370
953,437890,AuroraRL,4.99,"Action, Adventure, Indie, RPG, Strategy, Early Access",http://store.steampowered.com/app/437890
953,497740,AuroraRL - OST,1.99,"Action, Adventure, Indie, RPG, Strategy",http://store.steampowered.com/app/497740
869,266050,Into the Dark: Ultimate Trash Edition,7.99,"Action, Adventure, Indie",http://store.steampowered.com/app/266050
869,460940,Father´s Island,4.99,Adventure,http://store.steampowered.com/app/460940
622,341150,Age of Fear 2: The Chaos Lord,14.99,"Adventure, Indie, RPG, Strategy",http://store.steampowered.com/app/341150
622,351480,Age of Fear: The Undead King,14.99,"Adventure, Indie, RPG, Strategy",http://store.steampowered.com/app/351480
507,249360,Zafehouse: Diaries,9.99,"Indie, RPG, Simulation, Strategy",http://store.steampowered.com/app/249360
507,337040,Deadnaut,9.99,"Indie, RPG, Strategy",http://store.steampowered.com/app/337040
507,428350,Fear Equation,14.99,"Indie, RPG, Simulation, Strategy",http://store.steampowered.com/app/428350
298,333830,Franchise Hockey Manager 2,19.99,"Indie, Simulation, Sports, Strategy",http://store.steampowered.com/app/333830
298,402430,Out of the Park Baseball 17,39.99,"Indie, Simulation, Sports, Strategy",http://store.steampowered.com/app/402430
304,427860,The Next World,12.99,"Adventure, Casual, Indie",http://store.steampowered.com/app/427860
304,461020,The Next World Soundtrack,3.99,,http://store.steampowered.com/app/461020
166,271590,Grand Theft Auto V,59.99,"Action, Adventure",http://store.steampowered.com/app/271590
166,,"Great White Shark: GTA$1,250,000",19.99,,http://store.steampowered.com/app/
1191,326840,Heart&Slash,14.99,"Action, Adventure, Indie",http://store.steampowered.com/app/326840
1191,469740,Heart&Slash Soundtrack,9.99,"Action, Adventure, Indie",http://store.steampowered.com/app/469740
1246,7110,Jade Empire™: Special Edition,14.99,RPG,http://store.steampowered.com/app/7110
1246,17460,Mass Effect,19.99,"Action, RPG",http://store.steampowered.com/app/17460
1246,24980,Mass Effect 2 Digital Deluxe Edition,29.99,RPG,http://store.steampowered.com/app/24980
1246,47810,Dragon Age: Origins - Ultimate Edition,29.99,RPG,http://store.steampowered.com/app/47810
1115,501720,Sekwere,0.99,"Action, Casual, Indie",http://store.steampowered.com/app/501720
1115,503310,Sekwere Soundtrack,0.99,"Action, Casual, Indie",http://store.steampowered.com/app/503310
836,460120,Megadimension Neptunia VII,49.99,"RPG, Strategy",http://store.steampowered.com/app/460120
836,488340,Megadimension Neptunia VII Digital Deluxe Set,9.99,"RPG, Strategy",http://store.steampowered.com/app/488340
568,428370,Windlands,19.99,"Adventure, Indie",http://store.steampowered.com/app/428370
568,485810,Windlands - Original Soundtrack,6.99,"Adventure, Indie",http://store.steampowered.com/app/485810
597,67000,The Polynomial - Space of the music,6.99,"Action, Casual, Indie",http://store.steampowered.com/app/67000
597,379420,Polynomial 2,11.99,"Action, Indie, Simulation, Early Access",http://store.steampowered.com/app/379420
490,405970,Flat Kingdom Paper's Cut Edition,7.99,"Action, Adventure, Indie",http://store.steampowered.com/app/405970
490,457560,Flat Kingdom - Soundtrack + Artbook,4.99,"Action, Adventure, Indie",http://store.steampowered.com/app/457560
281,311690,Enter the Gungeon,14.99,"Action, Adventure, Indie",http://store.steampowered.com/app/311690
281,457840,Enter the Gungeon - Soundtrack,6.99,"Action, Adventure, Indie",http://store.steampowered.com/app/457840
281,457841,Enter the Gungeon - Digital Comic,1.99,"Action, Adventure, Indie",http://store.steampowered.com/app/457841
281,457842,Enter the Gungeon - Microtransaction Gun,0.99,"Action, Adventure, Indie",http://store.steampowered.com/app/457842
341,466350,Fossil Echo,14.99,"Action, Adventure, Indie",http://store.steampowered.com/app/466350
341,466360,Fossil Echo - Special Edition Content Pack,9.99,"Action, Adventure, Indie",http://store.steampowered.com/app/466360
1339,410110,12 is Better Than 6,3.99,"Action, Indie",http://store.steampowered.com/app/410110
1339,411110,Soundtrack,2.99,"Action, Indie",http://store.steampowered.com/app/411110
1339,450830,12 is Better Than 6 Art Book,0.99,"Action, Indie",http://store.steampowered.com/app/450830
539,434610,Forbidden planet,0.99,"Indie, Strategy",http://store.steampowered.com/app/434610
539,457710,Road Madness,0.99,"Action, Racing",http://store.steampowered.com/app/457710
539,491300,Forbidden planet OST,0.99,"Indie, Strategy",http://store.steampowered.com/app/491300
539,491310,Road Madness OST,0.99,"Action, Racing",http://store.steampowered.com/app/491310
850,398970,Fasaria World Online,9.99,"Adventure, Indie, Massively Multiplayer, RPG, Strategy",http://store.steampowered.com/app/398970
850,495790,Fasaria World Online - ELITE Sponsorship,24.99,"Adventure, Indie, Massively Multiplayer, RPG, Strategy",http://store.steampowered.com/app/495790
850,515800,Fasaria World: Ancients of Moons MMORPG,9.99,"Adventure, Indie, Massively Multiplayer, RPG",http://store.steampowered.com/app/515800
1150,460750,Blade Ballet,14.99,"Action, Casual, Indie",http://store.steampowered.com/app/460750
1150,510600,Blade Ballet Soundtrack,4.99,"Action, Casual, Indie",http://store.steampowered.com/app/510600
585,277560,Where Angels Cry,4.99,Casual,http://store.steampowered.com/app/277560
585,413470,Where Angels Cry: Tears of the Fallen (Collector's Edition),14.99,Adventure,http://store.steampowered.com/app/413470
1226,495980,Selma and the Wisp,9.99,"Adventure, Casual, Indie",http://store.steampowered.com/app/495980
1226,512990,Selma and the Wisp - Soundtrack,1.99,"Adventure, Casual, Indie",http://store.steampowered.com/app/512990
916,380080,SONAR Steam Edition,499.99,Audio Production,http://store.steampowered.com/app/380080
916,500400,SONAR Platinum - Lifetime Pass,499.99,Audio Production,http://store.steampowered.com/app/500400
501,314020,Morphopolis,1.99,"Action, Adventure, Casual, Indie, Simulation, Strategy",http://store.steampowered.com/app/314020
501,340070,Battle Ranch: Pigs vs Plants,1.99,"Action, Adventure, Casual, Indie, Strategy",http://store.steampowered.com/app/340070
501,360380,Tiny Bridge: Ratventure,9.99,"Adventure, Casual, Indie, Simulation, Strategy",http://store.steampowered.com/app/360380
501,416080,The Odyssey: Winds of Athena,4.99,"Action, Adventure, Casual, Indie, Simulation, Strategy",http://store.steampowered.com/app/416080
614,348360,Doodle God,5.99,"Casual, Indie, Simulation",http://store.steampowered.com/app/348360
614,431640,Doodle Kingdom,5.99,"Action, Casual, Indie, Simulation",http://store.steampowered.com/app/431640
441,444260,Mindless Running,1.99,"Adventure, Indie",http://store.steampowered.com/app/444260
441,491000,Gravity Cat,2.99,Indie,http://store.steampowered.com/app/491000
526,449540,There's Poop In My Soup,0.99,"Casual, Indie",http://store.steampowered.com/app/449540
526,485870,Super Duper Party Pooper,0.99,"Casual, Indie, Simulation, Strategy",http://store.steampowered.com/app/485870
262,209080,Guns of Icarus Online,9.99,"Action, Adventure, Indie, Simulation",http://store.steampowered.com/app/209080
262,252590,Guns of Icarus Alliance,14.99,"Action, Adventure, Indie, Simulation",http://store.steampowered.com/app/252590
262,"217810,217811",Guns of Icarus Online Collector's Edition Upgrade,4.99,,"http://store.steampowered.com/app/217810,217811"
1085,400580,Black Closet,19.99,"Indie, RPG, Simulation, Strategy",http://store.steampowered.com/app/400580
1085,449250,A Little Lily Princess,14.99,"Indie, Simulation",http://store.steampowered.com/app/449250
929,349220,The Black Watchmen,14.99,"Indie, Massively Multiplayer, RPG",http://store.steampowered.com/app/349220
929,379750,The Black Watchmen - Original Soundtrack,9.99,"Adventure, Casual, Indie, Massively Multiplayer, Strategy",http://store.steampowered.com/app/379750
929,396810,The Black Watchmen - Season 2: Enduring Conflict,14.99,"Indie, Massively Multiplayer, RPG",http://store.steampowered.com/app/396810
929,397370,The Black Watchmen - Mother Russia,4.99,"Indie, Massively Multiplayer, RPG",http://store.steampowered.com/app/397370
929,449730,Ahnayro: The Dream World,5.99,"Adventure, Casual, Indie, Strategy, Early Access",http://store.steampowered.com/app/449730
1275,465360,Uprising: Join or Die,6.99,"Action, Strategy",http://store.steampowered.com/app/465360
1275,514050,Uprising 2: Lead and Destroy,6.99,"Action, Strategy",http://store.steampowered.com/app/514050
676,333600,NEKOPARA Vol. 1,9.99,"Casual, Indie",http://store.steampowered.com/app/333600
676,385800,NEKOPARA Vol. 0,2.99,"Casual, Indie",http://store.steampowered.com/app/385800
676,420110,NEKOPARA Vol. 2,9.99,"Casual, Indie",http://store.steampowered.com/app/420110
406,402030,Zenohell,9.99,Action,http://store.steampowered.com/app/402030
406,466820,Zenodyne R,9.99,"Action, Indie",http://store.steampowered.com/app/466820
413,242860,Verdun,24.99,"Action, Indie, Simulation, Strategy",http://store.steampowered.com/app/242860
413,343440,Crash Drive 2,4.99,"Action, Casual, Indie, Racing, Simulation",http://store.steampowered.com/app/343440
413,423810,Marooners,12.99,"Action, Casual, Indie, Early Access",http://store.steampowered.com/app/423810
305,457680,OPUS: The Day We Found Earth,8.99,"Adventure, Indie",http://store.steampowered.com/app/457680
305,458740,OPUS Original Soundtrack,6.99,"Adventure, Indie",http://store.steampowered.com/app/458740
215,419460,"That Dragon, Cancer",14.99,"Adventure, Indie",http://store.steampowered.com/app/419460
215,433500,Thank You For Playing,9.99,,http://store.steampowered.com/app/433500
974,495960,"The Secret Monster Society - Chapter 1:  Monsters, Fires and Forbidden Forests",5.99,"Adventure, Casual, Indie",http://store.steampowered.com/app/495960
974,500250,The Secret Monster Society Soundtrack,1.99,"Adventure, Casual, Indie",http://store.steampowered.com/app/500250
653,261900,The Real Texas,14.99,"Action, Adventure, Indie, RPG",http://store.steampowered.com/app/261900
653,468790,The Real Texas - Cellpop Goes Out At Night,3.99,"Action, Adventure, Indie, RPG",http://store.steampowered.com/app/468790
533,388120,Spakoyno: Back to the USSR 2.0,7.99,"Adventure, Casual",http://store.steampowered.com/app/388120
533,459660,Spakoyno: Back To USSR 2.0 - OST,0.99,"Adventure, Casual",http://store.steampowered.com/app/459660
346,428900,"Linea, the Game",1.99,"Action, Casual, Indie",http://store.steampowered.com/app/428900
346,453330,"Linea, the Game - Broken Chiptunes",0.99,"Action, Casual, Indie",http://store.steampowered.com/app/453330
1307,417580,Now You See Me,13.99,,http://store.steampowered.com/app/417580
1307,504930,Now You See Me 2,19.29,,http://store.steampowered.com/app/504930
1303,112100,Avadon: The Black Fortress,2.99,"RPG, Indie",http://store.steampowered.com/app/112100
1303,"200960,200980,200990,201000,201010",Geneforge Saga,19.99,"Strategy, RPG, Indie","http://store.steampowered.com/app/200960,200980,200990,201000,201010"
1303,208400,Avernum: Escape From the Pit,9.99,"Strategy, RPG, Indie",http://store.steampowered.com/app/208400
1303,206020,Avernum 4,4.99,"RPG, Indie",http://store.steampowered.com/app/206020
1303,206040,Avernum 5,4.99,"RPG, Indie",http://store.steampowered.com/app/206040
1303,206060,Avernum 6,4.99,"RPG, Indie",http://store.steampowered.com/app/206060
1303,218020,Nethergate: Resurrection,4.99,"Strategy, RPG, Indie",http://store.steampowered.com/app/218020
1303,233310,Avadon 2: The Corruption,9.99,"Indie, RPG, Strategy",http://store.steampowered.com/app/233310
1303,337850,Avernum 2: Crystal Souls,19.99,"Adventure, Indie, RPG, Strategy",http://store.steampowered.com/app/337850
1156,391040,F1 2016,59.99,"Racing, Simulation, Sports",http://store.steampowered.com/app/391040
1156,353370,Steam Controller,29.99,,http://store.steampowered.com/app/353370
1259,507390,Gone In November,0.99,"Adventure, Indie",http://store.steampowered.com/app/507390
1259,511240,Gone In November Collector's Edition Content,0.99,"Adventure, Indie",http://store.steampowered.com/app/511240
1265,50960,Mystery Case Files: Huntsville,9.99,Casual,http://store.steampowered.com/app/50960
1265,50970,Mystery Case Files: Madame Fate,9.99,Casual,http://store.steampowered.com/app/50970
1265,50980,Mystery Case Files: Prime Suspects,9.99,Casual,http://store.steampowered.com/app/50980
1265,50990,Mystery Case Files: Ravenhearst,9.99,Casual,http://store.steampowered.com/app/50990
1265,51000,Mystery Case Files: Return to Ravenhearst,9.99,Casual,http://store.steampowered.com/app/51000
1265,438560,Mystery Case Files®: Escape from Ravenhearst™,9.99,"Adventure, Casual",http://store.steampowered.com/app/438560
1265,514700,Mystery Case Files®: 13th Skull™ Collector's Edition,13.99,"Adventure, Casual",http://store.steampowered.com/app/514700
1266,513770,Click Space Miner,0.99,"Action, Casual, Indie",http://store.steampowered.com/app/513770
1266,516100,Space Click Miner - Expansion Pack,1.99,"Action, Casual, Indie",http://store.steampowered.com/app/516100
1188,220440,DmC: Devil May Cry,29.99,"Action, Adventure",http://store.steampowered.com/app/220440
1188,223790,DmC Devil May Cry: Costume Pack,3.99,Action,http://store.steampowered.com/app/223790
1188,223792,DmC Devil May Cry: Weapon Bundle,1.99,Action,http://store.steampowered.com/app/223792
1188,223793,DmC Devil May Cry: Vergil's Downfall,8.99,Action,http://store.steampowered.com/app/223793
1188,359490,Unlock All Modes,1.49,Action,http://store.steampowered.com/app/359490
1188,359491,S.Nero/Dante/Vergil,4.99,Action,http://store.steampowered.com/app/359491
1188,359495,"Proud Souls (200,000)",2.99,Action,http://store.steampowered.com/app/359495
1188,359496,Lady & Trish Costumes,3.99,Action,http://store.steampowered.com/app/359496
1188,359497,"Red Orbs (300,000)",1.99,Action,http://store.steampowered.com/app/359497
1188,329050,Devil May Cry® 4 Special Edition,24.99,Action,http://store.steampowered.com/app/329050
1190,21640,Flock!,4.99,"Casual, Strategy",http://store.steampowered.com/app/21640
1190,45740,Dead Rising® 2,19.99,"Action, Adventure",http://store.steampowered.com/app/45740
1190,45773,Dead Rising 2: Off the Record BBQ Chef Skills Pack,1.99,Action,http://store.steampowered.com/app/45773
1190,45774,Dead Rising 2: Off the Record COSPLAY Skills Pack,1.99,Action,http://store.steampowered.com/app/45774
1190,45775,Dead Rising 2: Off the Record Cyborg Skills Pack,1.99,Action,http://store.steampowered.com/app/45775
1190,45776,Dead Rising 2: Off the Record Firefighter Skills Pack,1.99,Action,http://store.steampowered.com/app/45776
1190,220440,DmC: Devil May Cry,29.99,"Action, Adventure",http://store.steampowered.com/app/220440
1190,223790,DmC Devil May Cry: Costume Pack,3.99,Action,http://store.steampowered.com/app/223790
1190,221040,Resident Evil 6 / Biohazard 6,29.99,"Action, Adventure",http://store.steampowered.com/app/221040
1190,223792,DmC Devil May Cry: Weapon Bundle,1.99,Action,http://store.steampowered.com/app/223792
1190,223793,DmC Devil May Cry: Vergil's Downfall,8.99,Action,http://store.steampowered.com/app/223793
1190,232530,RE6 / BH6: Onslaught Mode,3.99,"Action, Adventure",http://store.steampowered.com/app/232530
1190,232550,RE6 / BH6: Predator Mode,3.99,"Action, Adventure",http://store.steampowered.com/app/232550
1190,232590,RE6 / BH6: Survivors Mode,3.99,"Action, Adventure",http://store.steampowered.com/app/232590
1190,232570,RE6 / BH6: Siege Mode,3.99,"Action, Adventure",http://store.steampowered.com/app/232570
1190,226720,LOST PLANET® 3,24.99,Action,http://store.steampowered.com/app/226720
1190,234230,LOST PLANET® 3 - Assault Pack,2.99,Action,http://store.steampowered.com/app/234230
1190,234210,LOST PLANET® 3 - Punisher Pack,2.99,Action,http://store.steampowered.com/app/234210
1190,234250,LOST PLANET® 3 - Freedom Fighter Pack,2.99,Action,http://store.steampowered.com/app/234250
1190,236570,LOST PLANET® 3 - Survival Pack,4.99,Action,http://store.steampowered.com/app/236570
1190,233940,LOST PLANET® 3 - Map Pack 2,4.99,Action,http://store.steampowered.com/app/233940
1190,233920,LOST PLANET® 3 - Map Pack 1,4.99,Action,http://store.steampowered.com/app/233920
1190,233960,LOST PLANET® 3 - Map Pack 3,4.99,Action,http://store.steampowered.com/app/233960
1190,235210,STRIDER™ / ストライダー飛竜®,14.99,"Action, Adventure",http://store.steampowered.com/app/235210
1190,45770,Dead Rising 2: Off the Record,19.99,"Action, Adventure",http://store.steampowered.com/app/45770
1190,353050,Dead Rising 2 - Ninja Skills Pack,1.99,"Action, Adventure",http://store.steampowered.com/app/353050
1190,353051,Dead Rising 2 - Psychopath Skills Pack,1.99,"Action, Adventure",http://store.steampowered.com/app/353051
1190,353052,Dead Rising 2 - Soldier of Fortune Pack,1.99,"Action, Adventure",http://store.steampowered.com/app/353052
1190,353053,Dead Rising 2 - Sports Fan Skills Pack,1.99,"Action, Adventure",http://store.steampowered.com/app/353053
1190,381710,Resident Evil 0 Costume Pack 1,2.99,"Action, Adventure",http://store.steampowered.com/app/381710
1190,381711,Resident Evil 0 Costume Pack 2,2.99,"Action, Adventure",http://store.steampowered.com/app/381711
1190,381712,Resident Evil 0 Costume Pack 3,2.99,"Action, Adventure",http://store.steampowered.com/app/381712
1190,381713,Resident Evil 0 Costume Pack 4,2.99,"Action, Adventure",http://store.steampowered.com/app/381713
1190,339340,Resident Evil 0 / biohazard 0 HD REMASTER,19.99,"Action, Adventure",http://store.steampowered.com/app/339340
1190,450000,Upgrade Pack/エージェントゴーストパック,14.99,Action,http://store.steampowered.com/app/450000
1190,450001,Fashion Victim Pack/ユニークカラーセット,2.99,Action,http://store.steampowered.com/app/450001
1190,390340,Umbrella Corps™/Biohazard Umbrella Corps™,29.99,Action,http://store.steampowered.com/app/390340
1196,453810,Blasting Agent: Ultimate Edition,2.99,"Action, Adventure, Indie",http://store.steampowered.com/app/453810
1196,509200,Blasting Agent: Ultimate Edition OST,1.99,"Action, Adventure, Indie",http://store.steampowered.com/app/509200
1232,221040,Resident Evil 6 / Biohazard 6,29.99,"Action, Adventure",http://store.steampowered.com/app/221040
1232,254700,resident evil 4 / biohazard 4,19.99,"Action, Adventure",http://store.steampowered.com/app/254700
1232,21690,Resident Evil™ 5/ Biohazard 5®,19.99,"Action, Adventure",http://store.steampowered.com/app/21690
1144,45740,Dead Rising® 2,19.99,"Action, Adventure",http://store.steampowered.com/app/45740
1144,45773,Dead Rising 2: Off the Record BBQ Chef Skills Pack,1.99,Action,http://store.steampowered.com/app/45773
1144,45774,Dead Rising 2: Off the Record COSPLAY Skills Pack,1.99,Action,http://store.steampowered.com/app/45774
1144,45775,Dead Rising 2: Off the Record Cyborg Skills Pack,1.99,Action,http://store.steampowered.com/app/45775
1144,45776,Dead Rising 2: Off the Record Firefighter Skills Pack,1.99,Action,http://store.steampowered.com/app/45776
1144,265550,Dead Rising 3 Apocalypse Edition,29.99,Action,http://store.steampowered.com/app/265550
1144,45770,Dead Rising 2: Off the Record,19.99,"Action, Adventure",http://store.steampowered.com/app/45770
1144,353050,Dead Rising 2 - Ninja Skills Pack,1.99,"Action, Adventure",http://store.steampowered.com/app/353050
1144,353051,Dead Rising 2 - Psychopath Skills Pack,1.99,"Action, Adventure",http://store.steampowered.com/app/353051
1144,353052,Dead Rising 2 - Soldier of Fortune Pack,1.99,"Action, Adventure",http://store.steampowered.com/app/353052
1144,353053,Dead Rising 2 - Sports Fan Skills Pack,1.99,"Action, Adventure",http://store.steampowered.com/app/353053
1144,427190,DEAD RISING®,19.99,"Action, Adventure",http://store.steampowered.com/app/427190
809,359490,Unlock All Modes,1.49,Action,http://store.steampowered.com/app/359490
809,359491,S.Nero/Dante/Vergil,4.99,Action,http://store.steampowered.com/app/359491
809,359495,"Proud Souls (200,000)",2.99,Action,http://store.steampowered.com/app/359495
809,359496,Lady & Trish Costumes,3.99,Action,http://store.steampowered.com/app/359496
809,359497,"Red Orbs (300,000)",1.99,Action,http://store.steampowered.com/app/359497
809,329050,Devil May Cry® 4 Special Edition,24.99,Action,http://store.steampowered.com/app/329050
1290,462030,BitRay,0.74,"Casual, Indie",http://store.steampowered.com/app/462030
1290,512450,BitRay2,1.99,"Casual, Indie",http://store.steampowered.com/app/512450
1291,258200,Talisman: Prologue,6.99,"Indie, RPG, Strategy",http://store.steampowered.com/app/258200
1291,247000,Talisman: Digital Edition,14.99,"Indie, RPG, Strategy",http://store.steampowered.com/app/247000
1291,358460,Talisman: The Horus Heresy,14.99,Strategy,http://store.steampowered.com/app/358460
1068,270070,The Girl and the Robot,9.99,"Action, Adventure, Indie, RPG",http://store.steampowered.com/app/270070
1068,506720,The Girl and the Robot - Music and Digital Art Book,3.99,"Action, Adventure, Indie, RPG",http://store.steampowered.com/app/506720
548,358460,Talisman: The Horus Heresy,14.99,Strategy,http://store.steampowered.com/app/358460
548,442820,Talisman: The Horus Heresy Soundtrack,6.99,Strategy,http://store.steampowered.com/app/442820
1289,438480,Rock 'N' Roll Defense,1.99,"Action, Adventure, Casual, Strategy",http://store.steampowered.com/app/438480
1289,451160,Rock 'N' Roll Defense - Soundtrack,1.99,"Action, Adventure, Strategy",http://store.steampowered.com/app/451160
1288,424000,Project Pulsation,4.99,"Action, Adventure",http://store.steampowered.com/app/424000
1288,432600,Project Pulsation - Soundtracks,1.99,"Action, Adventure",http://store.steampowered.com/app/432600
1288,466890,Z.I.O.N.,4.99,"Action, Adventure",http://store.steampowered.com/app/466890
1288,487610,Z.I.O.N. - Soundtracks,1.99,"Action, Adventure",http://store.steampowered.com/app/487610
1288,502090,Invisible Mind,4.99,"Adventure, Indie",http://store.steampowered.com/app/502090
1105,291170,Royal Defense,5.99,"Casual, Indie, Strategy",http://store.steampowered.com/app/291170
1105,320830,Royal Defense - Invisible Threat,2.99,"Casual, Indie, Strategy",http://store.steampowered.com/app/320830
917,443205,SONAR Platinum,399.99,Audio Production,http://store.steampowered.com/app/443205
917,500400,SONAR Platinum - Lifetime Pass,399.99,Audio Production,http://store.steampowered.com/app/500400
1274,511400,Tiger & Bunny The Movie: The Beginning,12.99,,http://store.steampowered.com/app/511400
1274,511410,Tiger & Bunny The Movie 2: The Rising,12.99,,http://store.steampowered.com/app/511410
1267,381870,Koala Kids,2.99,Indie,http://store.steampowered.com/app/381870
1267,431840,3DRPG,9.99,"Adventure, Indie, RPG",http://store.steampowered.com/app/431840
1267,513980,Oh No! Bugs!,4.99,"Casual, Indie",http://store.steampowered.com/app/513980
1047,201290,Sins of a Solar Empire®: Trinity,19.99,Strategy,http://store.steampowered.com/app/201290
1047,204880,Sins of a Solar Empire®: Rebellion,39.99,"Indie, Strategy",http://store.steampowered.com/app/204880
1047,228600,Sins of a Solar Empire®: Rebellion - Original Soundtrack,9.99,Strategy,http://store.steampowered.com/app/228600
1047,228601,Sins of a Solar Empire®: Rebellion - Forbidden Worlds™ DLC,4.99,Strategy,http://store.steampowered.com/app/228601
1047,255910,Sins of a Solar Empire®: Rebellion - Stellar Phenomena®,4.99,Strategy,http://store.steampowered.com/app/255910
1047,487280,Sins of a Solar Empire: Rebellion® - Outlaw Sectors™ DLC,4.99,"Indie, Strategy",http://store.steampowered.com/app/487280
1252,375010,Energy Balance,2.99,"Casual, Indie",http://store.steampowered.com/app/375010
1252,403550,Energy Balance Soundtrack,0.99,"Casual, Indie",http://store.steampowered.com/app/403550
1252,415960,Energy Cycle,0.99,"Casual, Indie",http://store.steampowered.com/app/415960
1252,423240,Energy Cycle Soundtrack,0.99,"Casual, Indie",http://store.steampowered.com/app/423240
1252,426120,Energy Cycle Collector's Edition Content,0.99,"Casual, Indie",http://store.steampowered.com/app/426120
1219,389270,Through Abandoned,0.99,"Adventure, Indie",http://store.steampowered.com/app/389270
1219,513340,Through Abandoned 2. The Forest,2.99,"Adventure, Indie",http://store.steampowered.com/app/513340
1204,403850,Sky To Fly: Faster Than Wind,3.99,"Action, Adventure, Indie, Racing, Simulation, Sports",http://store.steampowered.com/app/403850
1204,409560,Run Rabbit Run,3.99,"Action, Adventure, Indie, Simulation",http://store.steampowered.com/app/409560
1204,450070,Run Rabbit Run - Soundtrack,0.89,"Action, Adventure, Indie, Simulation",http://store.steampowered.com/app/450070
1204,457810,Sky to Fly: Soulless Leviathan,3.99,"Action, Adventure, Indie, Racing, Simulation, Sports",http://store.steampowered.com/app/457810
1207,403850,Sky To Fly: Faster Than Wind,3.99,"Action, Adventure, Indie, Racing, Simulation, Sports",http://store.steampowered.com/app/403850
1207,409560,Run Rabbit Run,3.99,"Action, Adventure, Indie, Simulation",http://store.steampowered.com/app/409560
1207,457810,Sky to Fly: Soulless Leviathan,3.99,"Action, Adventure, Indie, Racing, Simulation, Sports",http://store.steampowered.com/app/457810
936,296240,The Promised Land,6.99,"Adventure, Casual, Strategy",http://store.steampowered.com/app/296240
936,302490,Ballad of Solar,6.99,"Adventure, Casual, Strategy",http://store.steampowered.com/app/302490
936,306200,The Happy Hereafter,3.99,"Casual, Strategy",http://store.steampowered.com/app/306200
936,338960,Rescue Team,4.99,"Casual, Simulation, Strategy",http://store.steampowered.com/app/338960
936,338980,MOAI: Build Your Dream,6.99,"Casual, Simulation, Strategy",http://store.steampowered.com/app/338980
763,339350,Choice of Robots,4.99,"Indie, RPG",http://store.steampowered.com/app/339350
763,466430,Choice of Alexandria,2.99,"Adventure, Indie, RPG",http://store.steampowered.com/app/466430
801,204180,Waveform,1.99,"Action, Adventure, Casual, Indie, Simulation, Strategy",http://store.steampowered.com/app/204180
801,351490,Intergalactic Bubbles,0.49,"Action, Casual, Indie, Strategy",http://store.steampowered.com/app/351490
801,391420,Gun Rocket,1.99,"Action, Adventure, Indie, Strategy",http://store.steampowered.com/app/391420
461,220740,Chaos on Deponia,2.99,"Adventure, Indie",http://store.steampowered.com/app/220740
461,105000,A New Beginning - Final Cut,9.99,"Adventure, Indie",http://store.steampowered.com/app/105000
461,203830,The Dark Eye: Chains of Satinav,19.99,"Adventure, Indie",http://store.steampowered.com/app/203830
461,327220,Anna's Quest,19.99,"Adventure, Indie",http://store.steampowered.com/app/327220
461,339190,Dead Synchronicity: Tomorrow Comes Today,19.99,"Adventure, Indie",http://store.steampowered.com/app/339190
1258,325120,Notch - The Innocent LunA: Eclipsed SinnerS,9.99,"Adventure, Casual, Indie",http://store.steampowered.com/app/325120
1258,355440,Notch Original Soundtrack - Alpha Episode,4.99,"Casual, Indie",http://store.steampowered.com/app/355440
1258,355450,Notch Original Soundtrack - Omega Episode,4.99,"Casual, Indie",http://store.steampowered.com/app/355450
1258,414610,Notch - Deluxe Content DLC,1.99,"Adventure, Casual, Indie",http://store.steampowered.com/app/414610
1029,461570,The Last Photon,3.99,"Casual, Indie",http://store.steampowered.com/app/461570
1029,488200,The First Spark,3.99,"Casual, Indie",http://store.steampowered.com/app/488200
813,204180,Waveform,1.99,"Action, Adventure, Casual, Indie, Simulation, Strategy",http://store.steampowered.com/app/204180
813,263980,Out There Somewhere,1.99,"Action, Adventure, Indie, Simulation, Strategy",http://store.steampowered.com/app/263980
813,274560,Revolution Ace,1.99,"Action, Adventure, Indie, RPG, Simulation, Strategy",http://store.steampowered.com/app/274560
813,291010,The Hat Man: Shadow Ward,1.99,"Action, Adventure, Casual, Indie, RPG, Simulation",http://store.steampowered.com/app/291010
813,295690,PARTICLE MACE,9.99,"Action, Adventure, Casual, Indie, Strategy",http://store.steampowered.com/app/295690
813,306040,The Howler,1.99,"Action, Adventure, Casual, Indie, Simulation, Sports, Strategy",http://store.steampowered.com/app/306040
813,314020,Morphopolis,1.99,"Action, Adventure, Casual, Indie, Simulation, Strategy",http://store.steampowered.com/app/314020
813,314450,Star Saviors,1.99,"Action, Adventure, Indie, RPG, Strategy",http://store.steampowered.com/app/314450
813,317250,Airscape - The Fall of Gravity,9.99,"Action, Adventure, Indie",http://store.steampowered.com/app/317250
813,340070,Battle Ranch: Pigs vs Plants,1.99,"Action, Adventure, Casual, Indie, Strategy",http://store.steampowered.com/app/340070
813,351150,DRAGON: A Game About a Dragon,4.99,"Adventure, Casual, Indie, RPG",http://store.steampowered.com/app/351150
813,351490,Intergalactic Bubbles,0.49,"Action, Casual, Indie, Strategy",http://store.steampowered.com/app/351490
813,371670,Rolling Sun,4.99,"Action, Adventure, Indie, Simulation, Strategy",http://store.steampowered.com/app/371670
813,380020,Three Heroes,4.99,"Action, Indie, RPG",http://store.steampowered.com/app/380020
813,391260,Labyronia RPG,1.99,"Action, Adventure, Casual, Indie, RPG, Strategy",http://store.steampowered.com/app/391260
813,391420,Gun Rocket,1.99,"Action, Adventure, Indie, Strategy",http://store.steampowered.com/app/391420
813,394540,Spaceport Hope,1.99,"Action, Adventure, Indie",http://store.steampowered.com/app/394540
813,396360,LocoSoccer,0.99,"Casual, Indie, Simulation, Sports",http://store.steampowered.com/app/396360
813,397500,Labyronia RPG 2,1.99,"Action, Adventure, Indie, RPG, Strategy",http://store.steampowered.com/app/397500
813,407230,Legend of Mysteria RPG,1.99,"Action, Adventure, Casual, Indie, RPG, Strategy",http://store.steampowered.com/app/407230
813,429700,Squirbs,4.99,"Action, Adventure, Indie, Strategy",http://store.steampowered.com/app/429700
813,434420,The Chosen RPG,1.99,"Adventure, Indie, RPG",http://store.steampowered.com/app/434420
813,461640,Sins Of The Demon RPG,1.99,"Adventure, Indie, RPG",http://store.steampowered.com/app/461640
813,463350,Storm Of Spears RPG,1.99,"Adventure, RPG, Strategy",http://store.steampowered.com/app/463350
693,362410,Adam's Venture Chronicles,2.99,"Adventure, Indie",http://store.steampowered.com/app/362410
693,400360,Adam's Venture: Origins,31.99,"Adventure, Indie",http://store.steampowered.com/app/400360
693,455250,Adam's Venture: Origins Special Edition DLC,6.99,"Adventure, Indie",http://store.steampowered.com/app/455250
275,284390,The Last Door - Collector's Edition,9.99,"Adventure, Indie",http://store.steampowered.com/app/284390
275,402530,The Last Door: Season 2 - Collector's Edition,9.99,Adventure,http://store.steampowered.com/app/402530
365,420740,The Deed,0.99,"Adventure, RPG",http://store.steampowered.com/app/420740
365,460960,The Deed: Dynasty,2.99,"Adventure, Indie, RPG",http://store.steampowered.com/app/460960
169,331670,The Jackbox Party Pack,24.99,"Casual, Indie, Strategy",http://store.steampowered.com/app/331670
169,397460,The Jackbox Party Pack 2,24.99,"Casual, Indie, Strategy",http://store.steampowered.com/app/397460
259,265000,FORCED SHOWDOWN,19.99,"Action, Indie, RPG, Strategy",http://store.steampowered.com/app/265000
259,454960,FORCED SHOWDOWN - Deluxe Edition Content,6.99,"Action, Indie, RPG, Strategy",http://store.steampowered.com/app/454960
259,492750,FORCED SHOWDOWN - Drone Invasion,9.99,"Action, Indie, RPG, Strategy",http://store.steampowered.com/app/492750
259,502830,FORCED SHOWDOWN - Supreme Skin Pack,2.99,"Action, Indie, RPG, Strategy",http://store.steampowered.com/app/502830
1213,499130,Red vs. Blue: Volume 11,9.99,,http://store.steampowered.com/app/499130
1213,499160,Red vs. Blue: Volume 12,9.99,,http://store.steampowered.com/app/499160
1213,499200,Red vs. Blue: Season 13,9.99,,http://store.steampowered.com/app/499200
1231,344850,Big Pharma,24.99,"Indie, Simulation, Strategy",http://store.steampowered.com/app/344850
1231,458640,Big Pharma: Marketing and Malpractice,5.99,"Indie, Simulation, Strategy",http://store.steampowered.com/app/458640
879,423230,Furi,24.99,Action,http://store.steampowered.com/app/423230
879,497690,Furi Original Soundtrack,14.99,"Action, Indie",http://store.steampowered.com/app/497690
977,448720,Puzzle Box,9.99,"Action, Adventure, Casual, Indie, Strategy",http://store.steampowered.com/app/448720
977,500860,Puzzle Box - Level Pack DLC #1,3.99,"Action, Adventure, Casual, Indie, Strategy",http://store.steampowered.com/app/500860
611,470060,1917 - The Alien Invasion,4.99,"Action, Adventure, Casual, Indie, Strategy",http://store.steampowered.com/app/470060
611,489950,1917 - The Alien Invasion - Soundtrack OST,1.99,"Action, Adventure, Casual, Indie, Strategy",http://store.steampowered.com/app/489950
297,434800,The Great Escape,3.99,"Action, Casual, Indie",http://store.steampowered.com/app/434800
297,448790,Infinity Wings - Scout & Grunt,2.99,"Action, Casual, Indie",http://store.steampowered.com/app/448790
93,396120,Mad Max: Fury Road,19.99,,http://store.steampowered.com/app/396120
93,234140,Mad Max,39.99,"Action, Adventure",http://store.steampowered.com/app/234140
1233,495780,Hexoscope,0.99,"Casual, Indie",http://store.steampowered.com/app/495780
1233,511300,Hexoscope OST,0.99,"Casual, Indie",http://store.steampowered.com/app/511300
1233,511301,Hexoscope Collector's Edition Content,0.99,"Casual, Indie",http://store.steampowered.com/app/511301
995,409530,8DAYS,12.99,"Action, Indie",http://store.steampowered.com/app/409530
995,498560,8DAYS OST,2.99,"Action, Indie",http://store.steampowered.com/app/498560
421,386420,Job the Leprechaun,1.99,"Casual, Indie",http://store.steampowered.com/app/386420
421,461760,Reptilian Rebellion,1.99,"Action, Casual, Indie",http://store.steampowered.com/app/461760
421,463180,Super Blue Fighter,0.99,"Action, Casual, Indie",http://store.steampowered.com/app/463180
337,463440,Retool,7.99,"Action, Indie, Strategy",http://store.steampowered.com/app/463440
337,463610,Retool OST,3.99,"Action, Indie, Strategy",http://store.steampowered.com/app/463610
353,289070,Sid Meier’s Civilization® VI,59.99,Strategy,http://store.steampowered.com/app/289070
353,353370,Steam Controller,29.99,,http://store.steampowered.com/app/353370
1007,407420,Gabe Newell Simulator 2.0,3.0,"Action, Adventure, Casual, Indie, Simulation",http://store.steampowered.com/app/407420
1007,496550,Search & Kill ☠,3.99,"Action, Indie, Early Access",http://store.steampowered.com/app/496550
1071,437701,Tom Clancy's The Division™ -  Marine Forces Outfits Pack,4.99,"Action, Adventure, RPG",http://store.steampowered.com/app/437701
1071,437702,Tom Clancy's  The Division™ -  Military Specialists Outfits Pack,4.99,"Action, Adventure, RPG",http://store.steampowered.com/app/437702
1071,459500,Tom Clancy's The Division™ - Sports Fan Outfit Pack,4.99,"Action, Adventure, RPG",http://store.steampowered.com/app/459500
1071,468460,Tom Clancy's The Division™ - Upper East Side Outfit Pack,4.99,"Action, Adventure, RPG",http://store.steampowered.com/app/468460
893,359250,City of Fools,7.99,"Adventure, Casual, Indie",http://store.steampowered.com/app/359250
893,359260,Green Moon,6.99,"Adventure, Casual, Indie",http://store.steampowered.com/app/359260
913,498660,Mind Spheres,1.99,"Casual, Indie, Sports",http://store.steampowered.com/app/498660
913,499360,Mind Spheres (Soundtrack),0.99,"Casual, Indie, Sports",http://store.steampowered.com/app/499360
651,346450,samurai_jazz,0.99,"Action, Adventure, Indie",http://store.steampowered.com/app/346450
651,354970,Shin Samurai Jazz,0.99,"Action, Adventure, Indie",http://store.steampowered.com/app/354970
479,340650,Elements: Soul of Fire,7.99,"Indie, RPG",http://store.steampowered.com/app/340650
479,448640,Elements II: Hearts of Light,4.99,"Indie, RPG, Early Access",http://store.steampowered.com/app/448640
479,468580,Elements Soundtrack,1.99,RPG,http://store.steampowered.com/app/468580
1247,47890,The Sims™ 3,19.99,Simulation,http://store.steampowered.com/app/47890
1247,47898,The Sims™ 3 Generations,19.99,Simulation,http://store.steampowered.com/app/47898
1247,47930,The Sims™ 3 Pets,19.99,Simulation,http://store.steampowered.com/app/47930
1247,223594,The Sims 3: Seasons,19.99,Simulation,http://store.steampowered.com/app/223594
505,383580,Flesh Eaters,1.99,"Action, Adventure, Indie, RPG, Simulation",http://store.steampowered.com/app/383580
505,428950,"Kivi, Toilet and Shotgun",0.99,"Action, Adventure, Casual, Indie",http://store.steampowered.com/app/428950
505,473560,Cosmic Dust & Rust,0.99,"Action, Casual, Indie, Strategy",http://store.steampowered.com/app/473560
1250,485640,Genius Greedy Mouse,4.99,"Action, Adventure, Casual, Indie, Strategy",http://store.steampowered.com/app/485640
1250,485660,Karma Miwa,2.99,"Action, Adventure, Casual, Indie",http://store.steampowered.com/app/485660
1146,427250,8-Bit Armies,14.99,"Indie, Simulation, Strategy",http://store.steampowered.com/app/427250
1146,462170,8-Bit Armies - Soundtrack,3.99,"Simulation, Strategy",http://store.steampowered.com/app/462170
1146,482420,8-Bit Armies - Guardians Campaign,3.99,"Indie, Simulation, Strategy",http://store.steampowered.com/app/482420
1146,497850,8-Bit Hordes,14.99,"Indie, Simulation, Strategy",http://store.steampowered.com/app/497850
1146,510530,8-Bit Hordes - Soundtrack,3.99,"Indie, Simulation, Strategy",http://store.steampowered.com/app/510530
1147,497850,8-Bit Hordes,14.99,"Indie, Simulation, Strategy",http://store.steampowered.com/app/497850
1147,510530,8-Bit Hordes - Soundtrack,3.99,"Indie, Simulation, Strategy",http://store.steampowered.com/app/510530
1021,363490,Escape Machines,0.99,"Action, Adventure, Indie, RPG, Strategy, Early Access",http://store.steampowered.com/app/363490
1021,383330,Star Chronicles: Delta Quadrant,0.99,"Indie, Strategy",http://store.steampowered.com/app/383330
1021,391070,Stellar 2D,0.99,"Action, Casual, Indie",http://store.steampowered.com/app/391070
1021,410210,Ampersand,0.99,"Indie, Racing",http://store.steampowered.com/app/410210
1021,466840,Super Space Pug,0.99,"Action, Casual, Indie",http://store.steampowered.com/app/466840
1021,485330,Star Drifter,0.99,"Action, Casual, Indie",http://store.steampowered.com/app/485330
1021,493650,Deep Space Dash,0.99,"Action, Indie",http://store.steampowered.com/app/493650
560,274190,Broforce,14.99,"Action, Adventure, Casual, Indie",http://store.steampowered.com/app/274190
560,311690,Enter the Gungeon,14.99,"Action, Adventure, Indie",http://store.steampowered.com/app/311690
560,450530,XSplit Premium,9.99,"Utilities, Video Production",http://store.steampowered.com/app/450530
1243,24960,Battlefield: Bad Company™ 2,19.99,Action,http://store.steampowered.com/app/24960
1243,47880,Battlefield: Bad Company 2 Vietnam,14.99,Action,http://store.steampowered.com/app/47880
1243,24963,Battlefield Bad Company 2: SPECACT Kit Upgrade,5.99,Action,http://store.steampowered.com/app/24963
1245,17390,SPORE™,19.99,Simulation,http://store.steampowered.com/app/17390
1245,17440,SPORE™ Creepy & Cute Parts Pack,19.99,Simulation,http://store.steampowered.com/app/17440
1245,24720,SPORE™ Galactic Adventures,19.99,"Action, Simulation",http://store.steampowered.com/app/24720
951,17480,Command & Conquer: Red Alert 3,19.99,Strategy,http://store.steampowered.com/app/17480
951,24800,Command & Conquer: Red Alert 3 - Uprising,19.99,Strategy,http://store.steampowered.com/app/24800
951,24790,Command & Conquer 3: Tiberium Wars,14.99,Strategy,http://store.steampowered.com/app/24790
951,24810,Command & Conquer 3: Kane's Wrath,19.99,Strategy,http://store.steampowered.com/app/24810
951,47700,Command & Conquer 4: Tiberian Twilight,19.99,Strategy,http://store.steampowered.com/app/47700
1241,341800,Keep Talking and Nobody Explodes,14.99,Indie,http://store.steampowered.com/app/341800
1241,515240,Keep Talking and Nobody Explodes - Soundtrack,6.99,Indie,http://store.steampowered.com/app/515240
1215,284750,Enigmatis: The Ghosts of Maple Creek,9.99,"Adventure, Casual",http://store.steampowered.com/app/284750
1215,284770,Enigmatis 2: The Mists of Ravenwood,9.99,"Adventure, Casual",http://store.steampowered.com/app/284770
1215,495110,Enigmatis 3: The Shadow of Karkhala,9.99,"Adventure, Casual",http://store.steampowered.com/app/495110
1217,474750,Reigns,2.99,"Adventure, Indie, RPG, Simulation",http://store.steampowered.com/app/474750
1217,512620,Reigns - Soundtrack,0.99,"Adventure, Indie, RPG, Simulation",http://store.steampowered.com/app/512620
1217,512621,Reigns - Companion Book,0.99,"Adventure, Indie, RPG, Simulation",http://store.steampowered.com/app/512621
1217,512622,Reigns - Songs of Reigns: Interactive OST,0.99,"Adventure, Indie, RPG, Simulation",http://store.steampowered.com/app/512622
1228,501220,Space Ribbon,14.99,"Action, Casual, Indie, Racing, Simulation, Sports, Early Access",http://store.steampowered.com/app/501220
1228,512970,Space Ribbon - Soundtrack Pack,1.99,"Action, Casual, Indie, Racing, Simulation, Sports",http://store.steampowered.com/app/512970
1009,17430,Need for Speed Undercover,9.99,"Action, Racing",http://store.steampowered.com/app/17430
1009,24740,Burnout Paradise: The Ultimate Box,19.99,Racing,http://store.steampowered.com/app/24740
1009,24870,Need for Speed: Shift,19.99,Racing,http://store.steampowered.com/app/24870
1009,47870,Need For Speed: Hot Pursuit,19.99,Racing,http://store.steampowered.com/app/47870
1009,47920,Shift 2 Unleashed,19.99,Racing,http://store.steampowered.com/app/47920
1206,42140,Hamilton's Great Adventure,9.99,"Adventure, Casual, Indie",http://store.steampowered.com/app/42140
1206,42180,Hamilton's Great Adventure: Retro Fever,0.99,"Adventure, Indie, Casual",http://store.steampowered.com/app/42180
1206,"42170,204731,204732",Krater - Collector's Edition,19.99,"Action, Adventure, Indie, RPG, Strategy","http://store.steampowered.com/app/42170,204731,204732"
1206,204734,Krater - Character DLC Mayhem MK13 ,2.99,"Action, Adventure, Strategy, RPG, Indie",http://store.steampowered.com/app/204734
1206,235540,Warhammer: End Times - Vermintide,29.99,"Action, Indie",http://store.steampowered.com/app/235540
1206,336420,Bloodsports.TV,9.99,"Action, Indie, Strategy",http://store.steampowered.com/app/336420
1206,42120,Lead and Gold: Gangs of the Wild West,9.99,Action,http://store.steampowered.com/app/42120
1206,373540,Warhammer: End Times - Vermintide Collector's Edition,14.99,Action,http://store.steampowered.com/app/373540
1206,437070,Warhammer: End Times - Vermintide Schluesselschloss,2.99,"Action, Indie",http://store.steampowered.com/app/437070
1206,453280,Warhammer: End Times - Vermintide Drachenfels,8.99,"Action, Indie",http://store.steampowered.com/app/453280
1229,11450,Overlord™,4.99,RPG,http://store.steampowered.com/app/11450
1229,12810,Overlord II,9.99,RPG,http://store.steampowered.com/app/12810
1229,12710,Overlord™: Raising Hell,9.99,RPG,http://store.steampowered.com/app/12710
1229,306670,Overlord: Fellowship of Evil,18.99,"Action, Adventure",http://store.steampowered.com/app/306670
1046,381650,Ashes of the Singularity - Soundtrack DLC,9.99,"Indie, Simulation, Strategy",http://store.steampowered.com/app/381650
1046,460460,Ashes of the Singularity - Overlord Scenario Pack DLC,3.99,"Indie, Simulation, Strategy",http://store.steampowered.com/app/460460
1046,228880,Ashes of the Singularity,39.99,"Indie, Simulation, Strategy",http://store.steampowered.com/app/228880
1046,475450,Ashes of the Singularity - Gauntlet DLC,3.99,"Indie, Simulation, Strategy",http://store.steampowered.com/app/475450
1046,488010,Ashes of the Singularity - Turtle Wars DLC,3.99,"Indie, Simulation, Strategy",http://store.steampowered.com/app/488010
1046,495360,Ashes of the Singularity - Epic Map Pack DLC,1.99,"Indie, Simulation, Strategy",http://store.steampowered.com/app/495360
1046,495361,Ashes of the Singularity - Oblivion DLC,3.99,"Indie, Simulation, Strategy",http://store.steampowered.com/app/495361
456,452940,Theory Test UK 2016/17 - Driving Test Success,12.99,"Education, Software Training",http://store.steampowered.com/app/452940
456,452950,Hazard Perception Test UK 2016/17 Bundle - Driving Test Success,19.99,"Education, Software Training",http://store.steampowered.com/app/452950
456,478300,The Highway Code UK Edition - Driving Test Success,3.99,"Education, Software Training",http://store.steampowered.com/app/478300
456,478301,Teaching You Road Signs - Driving Test Success,6.99,"Education, Software Training",http://store.steampowered.com/app/478301
1208,453390,Dark Parables: The Little Mermaid and the Purple Tide Collector's Edition,12.99,"Adventure, Casual",http://store.steampowered.com/app/453390
1208,465890,Dark Parables: The Final Cinderella Collector's Edition,12.99,"Adventure, Casual",http://store.steampowered.com/app/465890
1208,496030,Dark Parables: The Swan Princess and The Dire Tree Collector's Edition,13.99,"Adventure, Casual",http://store.steampowered.com/app/496030
1208,499100,Dark Parables: The Exiled Prince Collector's Edition,12.99,"Adventure, Casual",http://store.steampowered.com/app/499100
1208,499110,Dark Parables: Rise of the Snow Queen Collector's Edition,12.99,"Adventure, Casual",http://store.steampowered.com/app/499110
1208,499120,Dark Parables: The Red Riding Hood Sisters Collector's Edition,12.99,"Adventure, Casual",http://store.steampowered.com/app/499120
1208,524600,Dark Parables: Curse of Briar Rose Collector's Edition,12.99,"Adventure, Casual",http://store.steampowered.com/app/524600
704,366890,Zombie Zoeds,3.99,"Action, Adventure, Casual, Indie",http://store.steampowered.com/app/366890
704,461140,Klabi,2.99,"Action, Adventure, Indie",http://store.steampowered.com/app/461140
704,508670,Aircraft War X,2.99,"Action, Indie, Simulation",http://store.steampowered.com/app/508670
1216,343390,Elementary My Dear Majesty!,2.99,Casual,http://store.steampowered.com/app/343390
1216,344440,Sacra Terra: Angelic Night,2.99,"Adventure, Casual",http://store.steampowered.com/app/344440
1216,346140,Hidden Object Bundle 5 in 1,9.99,"Adventure, Casual",http://store.steampowered.com/app/346140
1216,347590,Heroes of Hellas 3: Athens,2.99,"Casual, Strategy",http://store.steampowered.com/app/347590
1216,347610,Hidden Object Bundle 4 in 1,7.99,Casual,http://store.steampowered.com/app/347610
1216,394680,Mountain Crime: Requital,2.99,"Adventure, Casual",http://store.steampowered.com/app/394680
1216,397770,Meridian: Age of Invention,2.99,Casual,http://store.steampowered.com/app/397770
1216,416310,Goblin Defenders: Steel‘n’ Wood,2.99,"Adventure, Casual, Strategy",http://store.steampowered.com/app/416310
1216,416320,Rescue Team 5,3.99,"Adventure, Casual, Strategy",http://store.steampowered.com/app/416320
1216,435040,Incredible Dracula: Chasing Love Collector's Edition,9.99,"Adventure, Casual, Strategy",http://store.steampowered.com/app/435040
1216,448400,Hidden Object 6-in-1 bundle,11.99,Casual,http://store.steampowered.com/app/448400
1216,456690,Weather Lord: Following the Princess Collector's Edition,9.99,"Adventure, Casual, Strategy",http://store.steampowered.com/app/456690
1216,466780,Prehistoric Tales,5.99,"Adventure, Casual, Strategy",http://store.steampowered.com/app/466780
1216,473480,Miko Mole,4.99,"Adventure, Casual, Indie",http://store.steampowered.com/app/473480
1216,486810,House of Snark 6-in-1 Bundle,11.99,"Adventure, Casual",http://store.steampowered.com/app/486810
1183,345290,The Quivering,3.99,Adventure,http://store.steampowered.com/app/345290
1183,353790,Spud!,3.99,Adventure,http://store.steampowered.com/app/353790
1183,361320,Casino Inc.,5.99,"Simulation, Strategy",http://store.steampowered.com/app/361320
1183,383100,Fragile Allegiance,4.99,Strategy,http://store.steampowered.com/app/383100
1183,389900,Hogs of War,4.99,"Action, Strategy",http://store.steampowered.com/app/389900
799,218640,Lucius,9.99,"Action, Adventure, Indie",http://store.steampowered.com/app/218640
799,296830,Lucius II,19.99,"Action, Adventure, Indie, Simulation",http://store.steampowered.com/app/296830
799,364230,Lucius Demake,4.99,"Action, Adventure, Casual, Indie",http://store.steampowered.com/app/364230
1211,498210,Red vs. Blue: The Blood Gulch Chronicles (Volume 1),9.99,,http://store.steampowered.com/app/498210
1211,498230,Red vs. Blue: The Blood Gulch Chronicles (Volume 2),9.99,,http://store.steampowered.com/app/498230
1211,498250,Red vs. Blue: The Blood Gulch Chronicles (Volume 3),9.99,,http://store.steampowered.com/app/498250
1211,498260,Red vs. Blue: The Blood Gulch Chronicles (Volume 4),9.99,,http://store.steampowered.com/app/498260
1211,498270,Red vs. Blue: The Blood Gulch Chronicles (Volume 5),9.99,,http://store.steampowered.com/app/498270
1212,498110,Red vs. Blue: Reconstruction (Volume 6),9.99,,http://store.steampowered.com/app/498110
1212,498910,Red vs. Blue: Recreation (Volume 7),9.99,,http://store.steampowered.com/app/498910
1212,498950,Red vs. Blue: Revelation (Volume 8),9.99,,http://store.steampowered.com/app/498950
1212,498960,Red vs. Blue: Volume 9,9.99,,http://store.steampowered.com/app/498960
1212,499010,Red vs. Blue: Season 10,9.99,,http://store.steampowered.com/app/499010
1189,508990,Handsome Mr. Frog,0.99,"Action, Indie",http://store.steampowered.com/app/508990
1189,511930,Handsome Mr. Frog OST,0.99,"Action, Indie",http://store.steampowered.com/app/511930
650,427860,The Next World,12.99,"Adventure, Casual, Indie",http://store.steampowered.com/app/427860
650,461020,The Next World Soundtrack,3.99,,http://store.steampowered.com/app/461020
650,491740,The Next World: Planetary Exploration,6.99,"Adventure, Casual, Indie, Strategy",http://store.steampowered.com/app/491740
1194,403850,Sky To Fly: Faster Than Wind,3.99,"Action, Adventure, Indie, Racing, Simulation, Sports",http://store.steampowered.com/app/403850
1194,457810,Sky to Fly: Soulless Leviathan,3.99,"Action, Adventure, Indie, Racing, Simulation, Sports",http://store.steampowered.com/app/457810
1182,248470,Doorways: Prelude,9.99,"Action, Adventure, Indie",http://store.steampowered.com/app/248470
1182,311250,Doorways: The Underworld,9.99,"Action, Adventure, Indie",http://store.steampowered.com/app/311250
1182,383930,Doorways: Holy Mountains of Flesh,19.99,"Action, Adventure, Indie",http://store.steampowered.com/app/383930
1151,409560,Run Rabbit Run,3.99,"Action, Adventure, Indie, Simulation",http://store.steampowered.com/app/409560
1151,450070,Run Rabbit Run - Soundtrack,0.89,"Action, Adventure, Indie, Simulation",http://store.steampowered.com/app/450070
552,322080,Disorder,9.99,"Action, Indie",http://store.steampowered.com/app/322080
552,409740,Disorder - Soundtrack,4.99,"Action, Indie",http://store.steampowered.com/app/409740
434,341090,On A Roll 3D,3.99,"Action, Adventure, Casual, Indie",http://store.steampowered.com/app/341090
434,448720,Puzzle Box,9.99,"Action, Adventure, Casual, Indie, Strategy",http://store.steampowered.com/app/448720
434,464760,Bibou,1.99,"Action, Adventure, Casual, Indie",http://store.steampowered.com/app/464760
434,467220,Dyna Bomb,4.99,"Action, Adventure, Casual, Indie",http://store.steampowered.com/app/467220
516,258050,Survivor Squad,8.99,"Action, Indie, Strategy",http://store.steampowered.com/app/258050
516,331720,Survivor Squad: Gauntlets,8.99,"Action, Indie, Strategy",http://store.steampowered.com/app/331720
1052,467220,Dyna Bomb,4.99,"Action, Adventure, Casual, Indie",http://store.steampowered.com/app/467220
1052,496990,Ghost Sweeper,4.99,"Action, Adventure, Casual, Indie",http://store.steampowered.com/app/496990
384,35460,The Ball,9.99,"Action, Adventure, Indie",http://store.steampowered.com/app/35460
384,313630,The Solus Project,19.99,"Adventure, Indie, Simulation",http://store.steampowered.com/app/313630
1028,248330,Dino Run DX,5.99,"Action, Indie, Racing",http://store.steampowered.com/app/248330
1028,328500,Potatoman Seeks the Troof,3.99,Indie,http://store.steampowered.com/app/328500
1028,335170,Potatoman Seeks The Troof OST,1.99,Indie,http://store.steampowered.com/app/335170
1028,341120,Glorkian Warrior: The Trials Of Glork,3.99,Indie,http://store.steampowered.com/app/341120
1028,383140,Glorkian Warrior OST,3.99,Indie,http://store.steampowered.com/app/383140
1028,394220,Last Horizon,4.99,"Action, Indie",http://store.steampowered.com/app/394220
1028,424950,Last Horizon OST,4.99,"Action, Indie",http://store.steampowered.com/app/424950
1028,436470,Gamma Bros 1.5,4.99,"Action, Indie, Early Access",http://store.steampowered.com/app/436470
1028,510800,Dino Run DX OST,2.99,"Action, Indie, Racing",http://store.steampowered.com/app/510800
1158,379720,DOOM,59.99,Action,http://store.steampowered.com/app/379720
1158,353370,Steam Controller,29.99,,http://store.steampowered.com/app/353370
1084,327560,Near Death,14.99,"Action, Adventure, Indie",http://store.steampowered.com/app/327560
1084,443550,Near Death - Original Score,7.99,"Action, Adventure, Indie",http://store.steampowered.com/app/443550
941,452450,Rising Islands,9.99,"Adventure, Indie",http://store.steampowered.com/app/452450
941,501150,Rising Islands - Soundtrack,4.99,"Adventure, Indie",http://store.steampowered.com/app/501150
941,501151,Rising Islands - Art Book,4.99,"Adventure, Indie",http://store.steampowered.com/app/501151
1104,454100,Dungeon Escape,3.99,"Action, Adventure, Indie",http://store.steampowered.com/app/454100
1104,497760,Dungeon Escape - Soundtrack,0.99,"Action, Adventure, Indie",http://store.steampowered.com/app/497760
1143,248530,Depth Hunter 2: Deep Dive,14.99,"Action, Adventure, Casual, Indie, Simulation, Sports",http://store.steampowered.com/app/248530
1143,321510,Depth Hunter 2: Ocean Mysteries,4.99,"Action, Indie, Simulation, Sports",http://store.steampowered.com/app/321510
1143,331300,Depth Hunter 2: Scuba Kids - Hidden Treasures,3.99,"Action, Casual, Indie",http://store.steampowered.com/app/331300
1143,361880,Depth Hunter 2: Treasure Hunter,2.99,"Action, Adventure, Casual, Indie, Simulation, Sports",http://store.steampowered.com/app/361880
872,481180,System Crash,14.99,Strategy,http://store.steampowered.com/app/481180
872,491340,System Crash - Deluxe Content,4.99,Strategy,http://store.steampowered.com/app/491340
344,449680,SAMOLIOTIK,0.99,"Action, Casual, Indie",http://store.steampowered.com/app/449680
344,459240,SAMOLIOTIK - SOUNDTRACK,0.99,"Action, Casual, Indie",http://store.steampowered.com/app/459240
364,295690,PARTICLE MACE,9.99,"Action, Adventure, Casual, Indie, Strategy",http://store.steampowered.com/app/295690
364,317250,Airscape - The Fall of Gravity,9.99,"Action, Adventure, Indie",http://store.steampowered.com/app/317250
364,371670,Rolling Sun,4.99,"Action, Adventure, Indie, Simulation, Strategy",http://store.steampowered.com/app/371670
364,380020,Three Heroes,4.99,"Action, Indie, RPG",http://store.steampowered.com/app/380020
1138,361850,Portal of Evil: Stolen Runes Collector's Edition,6.99,"Adventure, Casual",http://store.steampowered.com/app/361850
1138,396850,Chronicles of the Witches and Warlocks,5.99,"Adventure, Casual",http://store.steampowered.com/app/396850
1138,409600,Contract With The Devil,4.79,"Adventure, Casual",http://store.steampowered.com/app/409600
1140,211070,Check vs Mate,19.99,"Action, Casual, Strategy",http://store.steampowered.com/app/211070
1140,339620,Check vs. Mate - Dark Desert DLC,6.99,"Action, Casual, Strategy",http://store.steampowered.com/app/339620
1140,339630,Check vs. Mate - Floating Island DLC,6.99,"Action, Casual, Strategy",http://store.steampowered.com/app/339630
1141,,Battle vs. Chess - Dark Desert DLC,6.99,,http://store.steampowered.com/app/
1141,,Battle vs Chess - Floating Island DLC,6.99,,http://store.steampowered.com/app/
1132,414290,Princess.Loot.Pixel.Again,4.99,"Action, Adventure, Indie, RPG",http://store.steampowered.com/app/414290
1132,456040,Princess.Loot.Pixel.Again Soundtrack,0.99,"Action, Adventure, Indie, RPG",http://store.steampowered.com/app/456040
1132,492130,"Bye-Bye, Wacky Planet",4.99,"Action, Adventure, Indie, Early Access",http://store.steampowered.com/app/492130
1132,509410,"Bye-Bye, Wacky Planet - Soundtrack",1.99,"Action, Adventure, Casual, Indie",http://store.steampowered.com/app/509410
1102,463750,Kindred Spirits on the Roof Drama CD Vol.1,9.99,,http://store.steampowered.com/app/463750
1102,474230,Kindred Spirits on the Roof Drama CD Vol.2,9.99,,http://store.steampowered.com/app/474230
1102,489910,Kindred Spirits on the Roof Drama CD Vol.3,9.99,,http://store.steampowered.com/app/489910
1102,508280,Kindred Spirits on the Roof Drama CD Vol.4,15.99,,http://store.steampowered.com/app/508280
1103,402620,Kindred Spirits on the Roof,34.99,Adventure,http://store.steampowered.com/app/402620
1103,463750,Kindred Spirits on the Roof Drama CD Vol.1,9.99,,http://store.steampowered.com/app/463750
1103,474230,Kindred Spirits on the Roof Drama CD Vol.2,9.99,,http://store.steampowered.com/app/474230
1103,489910,Kindred Spirits on the Roof Drama CD Vol.3,9.99,,http://store.steampowered.com/app/489910
1103,508280,Kindred Spirits on the Roof Drama CD Vol.4,15.99,,http://store.steampowered.com/app/508280
1130,414290,Princess.Loot.Pixel.Again,4.99,"Action, Adventure, Indie, RPG",http://store.steampowered.com/app/414290
1130,456040,Princess.Loot.Pixel.Again Soundtrack,0.99,"Action, Adventure, Indie, RPG",http://store.steampowered.com/app/456040
1131,492130,"Bye-Bye, Wacky Planet",4.99,"Action, Adventure, Indie, Early Access",http://store.steampowered.com/app/492130
1131,509410,"Bye-Bye, Wacky Planet - Soundtrack",1.99,"Action, Adventure, Casual, Indie",http://store.steampowered.com/app/509410
709,310360,Higurashi When They Cry Hou - Ch.1 Onikakushi,5.99,Adventure,http://store.steampowered.com/app/310360
709,410890,Higurashi When They Cry Hou - Ch.2 Watanagashi,7.99,Adventure,http://store.steampowered.com/app/410890
709,472870,Higurashi When They Cry Hou - Ch.3 Tatarigoroshi,7.99,Adventure,http://store.steampowered.com/app/472870
1128,369290,Airport Madness: World Edition,5.99,Adventure,http://store.steampowered.com/app/369290
1128,387850,Airport Madness 4,9.99,Adventure,http://store.steampowered.com/app/387850
1128,402210,Airport Madness: Time Machine,6.99,Adventure,http://store.steampowered.com/app/402210
1128,445770,Airport Madness 3D,14.99,Adventure,http://store.steampowered.com/app/445770
1107,346140,Hidden Object Bundle 5 in 1,9.99,"Adventure, Casual",http://store.steampowered.com/app/346140
1107,347610,Hidden Object Bundle 4 in 1,7.99,Casual,http://store.steampowered.com/app/347610
1107,394680,Mountain Crime: Requital,2.99,"Adventure, Casual",http://store.steampowered.com/app/394680
1107,448400,Hidden Object 6-in-1 bundle,11.99,Casual,http://store.steampowered.com/app/448400
1107,486810,House of Snark 6-in-1 Bundle,11.99,"Adventure, Casual",http://store.steampowered.com/app/486810
1116,475220,Kabitis,2.99,"Action, Adventure, Casual, Indie",http://store.steampowered.com/app/475220
1116,485640,Genius Greedy Mouse,4.99,"Action, Adventure, Casual, Indie, Strategy",http://store.steampowered.com/app/485640
1116,487330,Totally Unbalanced,3.99,"Action, Adventure, Casual, Indie, Racing",http://store.steampowered.com/app/487330
1116,496990,Ghost Sweeper,4.99,"Action, Adventure, Casual, Indie",http://store.steampowered.com/app/496990
1121,463520,Pristine world,4.99,"Action, Casual, Indie, Strategy",http://store.steampowered.com/app/463520
1121,492790,Pristine world - Original Soundtrack,3.99,"Casual, Indie, Strategy",http://store.steampowered.com/app/492790
1110,485860,Impossible Quest,1.99,"Adventure, Casual, Indie",http://store.steampowered.com/app/485860
1110,485920,Neon Warp,2.99,"Action, Casual, Indie",http://store.steampowered.com/app/485920
437,343930,Fort Defense,5.99,"Adventure, Casual, Indie, Strategy",http://store.steampowered.com/app/343930
437,363350,Fort Defense - Atlantic Ocean,2.99,"Adventure, Casual, Indie, Strategy",http://store.steampowered.com/app/363350
437,363351,Fort Defense - Bermuda Triangle,2.99,"Adventure, Casual, Indie, Strategy",http://store.steampowered.com/app/363351
914,259590,Small World 2 - Cursed!,2.99,"Casual, Indie, Strategy",http://store.steampowered.com/app/259590
914,259591,Small World 2 - Grand Dames,2.99,"Casual, Indie, Strategy",http://store.steampowered.com/app/259591
914,259592,Small World 2 - Be not Afraid...,4.99,"Casual, Indie, Strategy",http://store.steampowered.com/app/259592
914,235620,Small World 2,9.99,"Casual, Indie, Strategy",http://store.steampowered.com/app/235620
990,484950,Evil Maze,1.39,"Action, Adventure, Indie, RPG, Strategy",http://store.steampowered.com/app/484950
990,498520,Evil Maze Game Gallery DLC,2.99,"Action, Adventure, Indie, RPG, Strategy",http://store.steampowered.com/app/498520
549,237740,Angry Video Game Nerd Adventures,9.99,"Action, Adventure, Indie",http://store.steampowered.com/app/237740
549,409750,Angry Video Game Nerd Adventures - Soundtrack,4.99,"Action, Adventure, Indie",http://store.steampowered.com/app/409750
946,240440,Quadrilateral Cowboy,19.99,"Action, Adventure, Indie",http://store.steampowered.com/app/240440
946,489490,Quadrilateral Cowboy Art Book,10.99,,http://store.steampowered.com/app/489490
984,391280,Epic Manager - Create Your Own Adventuring Agency!,17.99,"Adventure, Indie, RPG, Simulation, Strategy, Early Access",http://store.steampowered.com/app/391280
984,502590,Epic Manager - Epic Original Soundtrack,5.99,"Adventure, Indie, RPG, Simulation, Strategy",http://store.steampowered.com/app/502590
399,204180,Waveform,1.99,"Action, Adventure, Casual, Indie, Simulation, Strategy",http://store.steampowered.com/app/204180
399,351490,Intergalactic Bubbles,0.49,"Action, Casual, Indie, Strategy",http://store.steampowered.com/app/351490
399,391420,Gun Rocket,1.99,"Action, Adventure, Indie, Strategy",http://store.steampowered.com/app/391420
399,463350,Storm Of Spears RPG,1.99,"Adventure, RPG, Strategy",http://store.steampowered.com/app/463350
1056,485640,Genius Greedy Mouse,4.99,"Action, Adventure, Casual, Indie, Strategy",http://store.steampowered.com/app/485640
1056,487270,Go Mission: Space Travel,0.99,"Action, Adventure, Casual, Indie, Strategy",http://store.steampowered.com/app/487270
1056,496590,Crystal Cosmos,4.99,"Action, Adventure, Casual, Indie",http://store.steampowered.com/app/496590
1056,496990,Ghost Sweeper,4.99,"Action, Adventure, Casual, Indie",http://store.steampowered.com/app/496990
1053,470060,1917 - The Alien Invasion,4.99,"Action, Adventure, Casual, Indie, Strategy",http://store.steampowered.com/app/470060
1053,476880,Rescue Lucy,2.99,"Adventure, Casual, Indie",http://store.steampowered.com/app/476880
1053,485860,Impossible Quest,1.99,"Adventure, Casual, Indie",http://store.steampowered.com/app/485860
1053,487330,Totally Unbalanced,3.99,"Action, Adventure, Casual, Indie, Racing",http://store.steampowered.com/app/487330
1053,496590,Crystal Cosmos,4.99,"Action, Adventure, Casual, Indie",http://store.steampowered.com/app/496590
1053,496990,Ghost Sweeper,4.99,"Action, Adventure, Casual, Indie",http://store.steampowered.com/app/496990
1054,448790,Infinity Wings - Scout & Grunt,2.99,"Action, Casual, Indie",http://store.steampowered.com/app/448790
1054,470060,1917 - The Alien Invasion,4.99,"Action, Adventure, Casual, Indie, Strategy",http://store.steampowered.com/app/470060
1054,487270,Go Mission: Space Travel,0.99,"Action, Adventure, Casual, Indie, Strategy",http://store.steampowered.com/app/487270
1054,496590,Crystal Cosmos,4.99,"Action, Adventure, Casual, Indie",http://store.steampowered.com/app/496590
1055,448720,Puzzle Box,9.99,"Action, Adventure, Casual, Indie, Strategy",http://store.steampowered.com/app/448720
1055,467220,Dyna Bomb,4.99,"Action, Adventure, Casual, Indie",http://store.steampowered.com/app/467220
1055,470060,1917 - The Alien Invasion,4.99,"Action, Adventure, Casual, Indie, Strategy",http://store.steampowered.com/app/470060
1055,485860,Impossible Quest,1.99,"Adventure, Casual, Indie",http://store.steampowered.com/app/485860
1033,501030,Extravaganza Rising,5.99,"Adventure, Indie, RPG, Strategy",http://store.steampowered.com/app/501030
1033,501460,Monsterville Handbook,2.99,"Adventure, Indie, RPG, Strategy",http://store.steampowered.com/app/501460
1040,464760,Bibou,1.99,"Action, Adventure, Casual, Indie",http://store.steampowered.com/app/464760
1040,475220,Kabitis,2.99,"Action, Adventure, Casual, Indie",http://store.steampowered.com/app/475220
1040,487270,Go Mission: Space Travel,0.99,"Action, Adventure, Casual, Indie, Strategy",http://store.steampowered.com/app/487270
1041,443570,DreamBreak,6.99,"Action, Adventure, Indie",http://store.steampowered.com/app/443570
1041,504970,DreamBreak - Soviet Bloc Edition Content,3.99,"Action, Adventure, Indie",http://store.steampowered.com/app/504970
1034,342620,"It came from space, and ate our brains",9.99,"Action, Adventure, Casual, Indie",http://store.steampowered.com/app/342620
1034,355350,Reign of Bullets,12.99,"Action, Indie",http://store.steampowered.com/app/355350
1034,384000,Cross of the Dutchman,8.99,"Action, Adventure, Indie",http://store.steampowered.com/app/384000
962,441830,I am Setsuna,39.99,RPG,http://store.steampowered.com/app/441830
962,501040,I am Setsuna Official Soundtrack Collection: Winter's End,14.99,RPG,http://store.steampowered.com/app/501040
963,27900,Twin Sector,4.99,"Action, Adventure",http://store.steampowered.com/app/27900
963,27920,Booster Trooper,4.99,"Action, Indie",http://store.steampowered.com/app/27920
963,27940,Dead Horde,9.99,"Action, Indie",http://store.steampowered.com/app/27940
963,211280,Primal Fears,9.99,"Action, Indie",http://store.steampowered.com/app/211280
865,373650,The Assembly,19.99,"Adventure, Indie",http://store.steampowered.com/app/373650
865,497990,The Assembly VR Unlock,10.0,"Adventure, Indie",http://store.steampowered.com/app/497990
1013,402330,Press X to Not Die,2.99,"Action, Indie, Early Access",http://store.steampowered.com/app/402330
1013,497970,Press X to Not Die - Special Edition Content,0.99,"Action, Indie",http://store.steampowered.com/app/497970
1024,398680,Ace Of Words,4.99,"Casual, Indie",http://store.steampowered.com/app/398680
1024,462400,Slide Ride Arcade,4.99,"Casual, Indie, Early Access",http://store.steampowered.com/app/462400
853,390290,Bulb Boy,8.99,"Adventure, Indie",http://store.steampowered.com/app/390290
853,497010,Bulb Boy - Soundtrack Remastered,3.99,"Adventure, Indie",http://store.steampowered.com/app/497010
949,357290,Red Lake,2.99,"Action, Adventure, Indie",http://store.steampowered.com/app/357290
949,448780,Sixtieth Kilometer,3.99,"Adventure, Casual, Indie",http://store.steampowered.com/app/448780
949,485950,Rise of the Ancients,1.99,"Indie, Strategy",http://store.steampowered.com/app/485950
1008,407420,Gabe Newell Simulator 2.0,3.0,"Action, Adventure, Casual, Indie, Simulation",http://store.steampowered.com/app/407420
1008,480580,Portal Mode,0.9,"Action, Adventure, Casual, Indie, Simulation",http://store.steampowered.com/app/480580
1008,496550,Search & Kill ☠,3.99,"Action, Indie, Early Access",http://store.steampowered.com/app/496550
580,257830,Violett Remastered,9.99,"Adventure, Indie",http://store.steampowered.com/app/257830
580,294020,Merchants of Kaidan,1.49,"Adventure, Indie, RPG, Simulation, Strategy",http://store.steampowered.com/app/294020
580,294230,Millie,0.51,"Action, Casual, Indie",http://store.steampowered.com/app/294230
580,301190,Frederic: Resurrection of Music,2.99,"Action, Casual, Indie",http://store.steampowered.com/app/301190
580,340300,Teddy Floppy Ear - Mountain Adventure,4.99,"Adventure, Casual, Indie",http://store.steampowered.com/app/340300
580,340310,Teddy Floppy Ear - Kayaking,4.99,"Adventure, Casual, Indie",http://store.steampowered.com/app/340310
580,371420,Teddy Floppy Ear - The Race,4.99,"Indie, Racing, Simulation, Sports",http://store.steampowered.com/app/371420
580,375460,16bit Trader,0.5,"Adventure, Casual, Indie, RPG, Simulation, Strategy",http://store.steampowered.com/app/375460
580,453100,Frederic: Resurrection of Music Director's Cut,0.59,"Action, Casual, Indie",http://store.steampowered.com/app/453100
580,456810,Zombillie,4.99,"Action, Casual, Indie",http://store.steampowered.com/app/456810
1003,236890,PCMark 8,49.99,Utilities,http://store.steampowered.com/app/236890
1003,"223850,496101,428810,393480,402290,406950,406960,496100",3DMark,29.99,Utilities,"http://store.steampowered.com/app/223850,496101,428810,393480,402290,406950,406960,496100"
509,362380,Push Me Pull You,14.99,"Action, Indie, Sports",http://store.steampowered.com/app/362380
509,488630,Push Me Pull You OST,3.99,"Action, Indie, Sports",http://store.steampowered.com/app/488630
362,6900,Hitman: Codename 47,6.99,Action,http://store.steampowered.com/app/6900
362,6850,Hitman 2: Silent Assassin,6.99,Action,http://store.steampowered.com/app/6850
362,6860,Hitman: Blood Money,8.99,Action,http://store.steampowered.com/app/6860
362,6870,Battlestations: Midway,6.99,Action,http://store.steampowered.com/app/6870
362,6880,Just Cause,6.99,Action,http://store.steampowered.com/app/6880
362,6910,Deus Ex: Game of the Year Edition,6.99,Action,http://store.steampowered.com/app/6910
362,6920,Deus Ex: Invisible War,6.99,Action,http://store.steampowered.com/app/6920
362,6980,Thief: Deadly Shadows,8.99,Action,http://store.steampowered.com/app/6980
362,7000,Tomb Raider: Legend,6.99,"Action, Adventure",http://store.steampowered.com/app/7000
362,8000,Tomb Raider: Anniversary,8.99,"Action, Adventure",http://store.steampowered.com/app/8000
362,8080,Kane and Lynch: Dead Men™,6.99,Action,http://store.steampowered.com/app/8080
362,8140,Tomb Raider: Underworld,8.99,"Action, Adventure",http://store.steampowered.com/app/8140
362,8170,Battlestations Pacific,8.99,"Action, Strategy",http://store.steampowered.com/app/8170
362,8190,Just Cause 2,14.99,"Action, Adventure",http://store.steampowered.com/app/8190
362,35101,Just Cause 2: Black Market Aerial Pack DLC,1.99,"Action, Adventure",http://store.steampowered.com/app/35101
362,35102,Just Cause 2 - Black Market Boom Pack DLC,1.99,"Action, Adventure",http://store.steampowered.com/app/35102
362,35080,Just Cause 2: Bull's Eye Assault Rifle,0.99,"Action, Adventure",http://store.steampowered.com/app/35080
362,35083,Just Cause 2: Rico's Signature Gun DLC,0.99,"Action, Adventure",http://store.steampowered.com/app/35083
362,35089,Just Cause 2: Chevalier Classic,0.99,"Action, Adventure",http://store.steampowered.com/app/35089
362,35090,Just Cause 2: Agency Hovercraft,0.99,"Action, Adventure",http://store.steampowered.com/app/35090
362,35091,Just Cause 2: Monster Truck DLC,0.99,"Action, Adventure",http://store.steampowered.com/app/35091
362,28010,Kane & Lynch 2: The Doggie Bag,5.99,Action,http://store.steampowered.com/app/28010
362,28011,Kane & Lynch 2: Alliance Weapon Pack,2.99,Action,http://store.steampowered.com/app/28011
362,28012,Kane & Lynch 2: Multiplayer Masks Pack,1.99,Action,http://store.steampowered.com/app/28012
362,35135,Lara Croft GoL: Raziel and Kain Character Pack,3.49,"Action, Adventure",http://store.steampowered.com/app/35135
362,35136,Lara Croft GoL: All the Trappings - Challenge Pack 1,3.49,"Action, Adventure",http://store.steampowered.com/app/35136
362,35137,Lara Croft GoL: Things that Go Boom - Challenge Pack 2,3.49,"Action, Adventure",http://store.steampowered.com/app/35137
362,35138,Lara Croft GoL: Hazardous Reunion - Challenge Pack 3,3.49,"Action, Adventure",http://store.steampowered.com/app/35138
362,35130,Lara Croft and the Guardian of Light,9.99,"Action, Adventure",http://store.steampowered.com/app/35130
362,211600,Thief™ Gold,6.99,"Action, Simulation",http://store.steampowered.com/app/211600
362,211740,Thief™ II: The Metal Age,6.99,"Action, Simulation",http://store.steampowered.com/app/211740
362,216411,Hitman: Absolution: Agency Jagd P22G,0.99,Action,http://store.steampowered.com/app/216411
362,216412,Hitman: Absolution: Agency SPS 12,0.99,Action,http://store.steampowered.com/app/216412
362,216413,Hitman: Absolution: Agency HX UMP,0.99,Action,http://store.steampowered.com/app/216413
362,216414,Hitman: Absolution: Bartoli Custom Gun,0.99,Action,http://store.steampowered.com/app/216414
362,216415,Hitman: Absolution: Krugermeier 2-2 Gun,0.99,Action,http://store.steampowered.com/app/216415
362,216416,Hitman: Absolution: Bronson M1928 Gun,0.99,Action,http://store.steampowered.com/app/216416
362,216417,Hitman: Absolution: High Tech Disguise,0.99,Action,http://store.steampowered.com/app/216417
362,216418,Hitman: Absolution: High Roller Disguise,0.99,Action,http://store.steampowered.com/app/216418
362,216419,Hitman: Absolution: Public Enemy Disguise,0.99,Action,http://store.steampowered.com/app/216419
362,216420,Hitman: Absolution: Deus Ex (Adam Jensen) Disguise,0.99,Action,http://store.steampowered.com/app/216420
362,216421,Hitman: Absolution: Deus Ex (Adam Jensen) Handgun,0.99,Action,http://store.steampowered.com/app/216421
362,203140,Hitman: Absolution™,19.99,Action,http://store.steampowered.com/app/203140
362,224300,Legacy of Kain: Defiance,6.99,"Action, Adventure",http://store.steampowered.com/app/224300
362,224920,Legacy of Kain: Soul Reaver,6.99,"Action, Adventure",http://store.steampowered.com/app/224920
362,224940,Legacy of Kain: Soul Reaver 2,6.99,"Action, Adventure",http://store.steampowered.com/app/224940
362,224960,Tomb Raider I,6.99,"Action, Adventure",http://store.steampowered.com/app/224960
362,225300,Tomb Raider II,6.99,"Action, Adventure",http://store.steampowered.com/app/225300
362,225320,Tomb Raider III,6.99,"Action, Adventure",http://store.steampowered.com/app/225320
362,224980,Tomb Raider IV: The Last Revelation,6.99,"Action, Adventure",http://store.steampowered.com/app/224980
362,225000,Tomb Raider V: Chronicles,6.99,"Action, Adventure",http://store.steampowered.com/app/225000
362,225020,Tomb Raider VI: The Angel of Darkness,6.99,Action,http://store.steampowered.com/app/225020
362,203160,Tomb Raider,19.99,"Action, Adventure",http://store.steampowered.com/app/203160
362,208795,Tomb Raider: Silverballer,0.99,"Action, Adventure",http://store.steampowered.com/app/208795
362,208793,Tomb Raider: Fisherman,0.99,"Action, Adventure",http://store.steampowered.com/app/208793
362,208792,Tomb Raider: Scavenger Bandit,0.99,"Action, Adventure",http://store.steampowered.com/app/208792
362,208790,Tomb Raider: Scavenger Scout,0.99,"Action, Adventure",http://store.steampowered.com/app/208790
362,208806,Tomb Raider: Hunter Skin,0.99,"Action, Adventure",http://store.steampowered.com/app/208806
362,208807,Tomb Raider: Aviatrix Skin,0.99,"Action, Adventure",http://store.steampowered.com/app/208807
362,208808,Tomb Raider: Guerilla Skin,0.99,"Action, Adventure",http://store.steampowered.com/app/208808
362,208810,Tomb Raider: Shanty Town,2.99,"Action, Adventure",http://store.steampowered.com/app/208810
362,208812,Tomb Raider: Tomb of the Lost Adventurer,2.99,"Action, Adventure",http://store.steampowered.com/app/208812
362,208796,Tomb Raider: Agency SPS 12,0.99,"Action, Adventure",http://store.steampowered.com/app/208796
362,208798,Tomb Raider: JAGD P22G,0.99,"Action, Adventure",http://store.steampowered.com/app/208798
362,208799,Tomb Raider: M590 12ga,0.99,"Action, Adventure",http://store.steampowered.com/app/208799
362,208797,Tomb Raider: HX AP-15,0.99,"Action, Adventure",http://store.steampowered.com/app/208797
362,208800,Tomb Raider: STG 58 Elite,0.99,"Action, Adventure",http://store.steampowered.com/app/208800
362,208814,Tomb Raider: 1939 Multiplayer Map Pack,3.99,"Action, Adventure",http://store.steampowered.com/app/208814
362,208811,Tomb Raider: Caves and Cliffs Multiplayer Map Pack,4.99,"Action, Adventure",http://store.steampowered.com/app/208811
362,208809,Tomb Raider: Mountaineer Skin,0.99,"Action, Adventure",http://store.steampowered.com/app/208809
362,208818,Tomb Raider: Sure-Shot Skin,0.99,"Action, Adventure",http://store.steampowered.com/app/208818
362,208817,Tomb Raider: Demolition Skin,0.99,"Action, Adventure",http://store.steampowered.com/app/208817
362,208813,Tomb Raider: Shipwrecked Multiplayer Map Pack,3.99,"Action, Adventure",http://store.steampowered.com/app/208813
362,208791,Tomb Raider: Scavenger Executioner,0.99,"Action, Adventure",http://store.steampowered.com/app/208791
362,242960,Blood Omen 2: Legacy of Kain,6.99,Action,http://store.steampowered.com/app/242960
362,247430,Hitman: Contracts,6.99,Action,http://store.steampowered.com/app/247430
362,259900,THIEF: The Bank Heist,4.99,"Action, Adventure, RPG",http://store.steampowered.com/app/259900
362,265191,THIEF DLC: Booster Pack - Opportunist,0.99,"Action, Adventure, RPG",http://store.steampowered.com/app/265191
362,265192,THIEF DLC: Booster Pack - Predator,0.99,"Action, Adventure, RPG",http://store.steampowered.com/app/265192
362,265193,THIEF DLC: Booster Pack - Ghost,0.99,"Action, Adventure, RPG",http://store.steampowered.com/app/265193
362,239160,Thief,29.99,"Action, Adventure",http://store.steampowered.com/app/239160
362,258180,Deus Ex: The Fall,9.99,"Action, Adventure, RPG",http://store.steampowered.com/app/258180
362,318870,Lara Croft and the Temple of Osiris - Deus Ex Pack,1.99,"Action, Adventure",http://store.steampowered.com/app/318870
362,318871,Lara Croft and the Temple of Osiris - Hitman Pack,1.99,"Action, Adventure",http://store.steampowered.com/app/318871
362,318872,Lara Croft and the Temple of Osiris - Legend Pack,1.99,"Action, Adventure",http://store.steampowered.com/app/318872
362,238010,Deus Ex: Human Revolution - Director's Cut,19.99,"Action, RPG",http://store.steampowered.com/app/238010
362,289690,LARA CROFT AND THE TEMPLE OF OSIRIS™,19.99,"Action, Adventure",http://store.steampowered.com/app/289690
362,,Lara Croft and the Temple of Osiris - Season Pass Only,9.99,,http://store.steampowered.com/app/
362,28000,Kane & Lynch 2: Dog Days,9.99,Action,http://store.steampowered.com/app/28000
808,314700,Forsaken Uprising,2.99,"Action, Adventure, Casual, Indie, Massively Multiplayer, RPG, Simulation, Strategy",http://store.steampowered.com/app/314700
808,329950,The Slaughtering Grounds,0.99,"Action, Adventure, Casual, Indie, Massively Multiplayer, RPG, Simulation, Strategy",http://store.steampowered.com/app/329950
808,344750,Deadly Profits,1.99,"Action, Adventure, Casual, Indie, RPG, Simulation, Strategy",http://store.steampowered.com/app/344750
808,373110,Temper Tantrum,0.99,"Action, Adventure, Casual, Indie, Simulation, Strategy",http://store.steampowered.com/app/373110
808,383030,Medieval Mercs,1.99,"Action, Adventure, Casual, Indie, RPG, Strategy",http://store.steampowered.com/app/383030
808,388870,Devils Share,0.99,"Action, Adventure, Casual, Indie, RPG, Simulation, Strategy",http://store.steampowered.com/app/388870
808,392050,Galactic Hitman,1.99,"Action, Adventure, Casual, Indie, RPG, Simulation, Strategy",http://store.steampowered.com/app/392050
808,392870,Attrition: Nuclear Domination,0.99,"Action, Casual, Indie, Simulation, Strategy",http://store.steampowered.com/app/392870
808,407740,Operation: Global Shield,0.99,"Action, Adventure, Casual, Indie, Simulation, Strategy",http://store.steampowered.com/app/407740
808,407750,Paranormal Psychosis,0.99,"Action, Adventure, Casual, Indie, RPG, Simulation, Strategy",http://store.steampowered.com/app/407750
808,407730,Dungeons Of Kragmor,0.99,"Action, Adventure, Casual, Indie, Massively Multiplayer, RPG, Strategy",http://store.steampowered.com/app/407730
808,457930,Starship: Nova Strike,0.99,"Action, Adventure, Casual, Indie, Simulation, Strategy",http://store.steampowered.com/app/457930
808,457940,Krog Wars,3.99,"Action, Casual, Indie, RPG, Simulation, Strategy",http://store.steampowered.com/app/457940
808,473580,Wyatt Derp 2: Peacekeeper,0.99,"Action, Adventure, Casual, Indie, RPG, Simulation, Strategy",http://store.steampowered.com/app/473580
808,473620,Winged Knights: Penetration,0.99,"Action, Adventure, Casual, Indie, Simulation, Strategy",http://store.steampowered.com/app/473620
808,473630,Mini Attack Submarine,0.99,"Action, Adventure, Casual, Indie, Simulation, Strategy",http://store.steampowered.com/app/473630
808,473640,Wyatt Derp,0.99,"Action, Adventure, Casual, Indie, RPG, Simulation, Strategy",http://store.steampowered.com/app/473640
808,473650,Withering Kingdom: Arcane War,0.99,"Action, Adventure, Casual, Indie, RPG, Simulation, Strategy",http://store.steampowered.com/app/473650
808,486340,Gnarltoof's Revenge,0.99,"Action, Adventure, Casual, Indie, RPG, Simulation, Strategy",http://store.steampowered.com/app/486340
808,491250,The Decimation of Olarath,0.99,"Action, Adventure, Casual, Indie, Simulation, Strategy",http://store.steampowered.com/app/491250
808,516230,Withering Kingdom: Flurry Of Arrows,0.99,"Action, Adventure, Casual, Indie, RPG, Simulation, Strategy",http://store.steampowered.com/app/516230
983,107100,Bastion,14.99,"Action, Indie, RPG",http://store.steampowered.com/app/107100
983,107104,Bastion: Original Soundtrack,9.99,"Action, Indie",http://store.steampowered.com/app/107104
983,237930,Transistor,19.99,"Action, Indie, RPG",http://store.steampowered.com/app/237930
983,299240,Transistor: Original Soundtrack,9.99,"Action, Indie, RPG",http://store.steampowered.com/app/299240
833,311860,Data Hacker: Initiation,2.99,"Adventure, Indie, RPG, Simulation",http://store.steampowered.com/app/311860
833,329000,Data Hacker: Corruption,2.99,"Adventure, Indie, RPG, Simulation",http://store.steampowered.com/app/329000
833,331790,Data Hacker: Reboot,4.99,"Adventure, Indie, RPG",http://store.steampowered.com/app/331790
833,340650,Elements: Soul of Fire,7.99,"Indie, RPG",http://store.steampowered.com/app/340650
833,385070,Atonement: Scourge of Time,8.99,"Adventure, Indie, RPG",http://store.steampowered.com/app/385070
833,412170,City of Chains,8.99,"Adventure, Indie, RPG, Strategy",http://store.steampowered.com/app/412170
833,423710,Invasion: Brain Craving,0.99,"Action, Adventure, Casual, Indie, RPG, Simulation, Strategy",http://store.steampowered.com/app/423710
833,448640,Elements II: Hearts of Light,4.99,"Indie, RPG, Early Access",http://store.steampowered.com/app/448640
833,457820,Outrage,3.99,"Adventure, Indie, RPG",http://store.steampowered.com/app/457820
833,467000,Insincere,3.99,"Action, Indie",http://store.steampowered.com/app/467000
833,473470,Purgatory,0.99,"Action, Adventure, Indie, RPG, Strategy",http://store.steampowered.com/app/473470
480,438010,PulseCharge,0.99,"Action, Adventure, Indie",http://store.steampowered.com/app/438010
480,438030,Dead6hot,0.99,"Action, Casual",http://store.steampowered.com/app/438030
480,444480,Broken Dreams,1.99,"Casual, Indie",http://store.steampowered.com/app/444480
480,463220,Dungeon of Zolthan,0.99,"Action, Adventure, Indie",http://store.steampowered.com/app/463220
480,491650,Reset 1-1,1.99,Indie,http://store.steampowered.com/app/491650
482,423710,Invasion: Brain Craving,0.99,"Action, Adventure, Casual, Indie, RPG, Simulation, Strategy",http://store.steampowered.com/app/423710
482,438010,PulseCharge,0.99,"Action, Adventure, Indie",http://store.steampowered.com/app/438010
482,438030,Dead6hot,0.99,"Action, Casual",http://store.steampowered.com/app/438030
482,444480,Broken Dreams,1.99,"Casual, Indie",http://store.steampowered.com/app/444480
482,454890,Project Starship,0.99,"Action, Casual, Indie",http://store.steampowered.com/app/454890
482,463210,State of Anarchy,0.99,"Action, Casual, Indie, Simulation",http://store.steampowered.com/app/463210
482,463220,Dungeon of Zolthan,0.99,"Action, Adventure, Indie",http://store.steampowered.com/app/463220
482,486150,Radical Spectrum: Volume 1,0.99,Action,http://store.steampowered.com/app/486150
482,491650,Reset 1-1,1.99,Indie,http://store.steampowered.com/app/491650
897,328270,Leviathan: The Last Day of the Decade,14.99,"Adventure, Indie",http://store.steampowered.com/app/328270
897,411130,Leviathan: the Cargo — Ongoing series,10.99,"Action, Adventure, Indie, Early Access",http://store.steampowered.com/app/411130
897,452470,Leviathan: The Last Day of the Decade - Soundtrack,3.99,"Adventure, Indie",http://store.steampowered.com/app/452470
897,500970,Leviathan: the Cargo Soundtrack,4.99,"Action, Adventure, Indie",http://store.steampowered.com/app/500970
575,8930,Sid Meier's Civilization® V,29.99,Strategy,http://store.steampowered.com/app/8930
575,16868,Sid Meier’s Civilization® V: Babylon (Nebuchadnezzar II),4.99,Strategy,http://store.steampowered.com/app/16868
575,16862,Civilization V: Cradle of Civilization - Americas,2.99,Strategy,http://store.steampowered.com/app/16862
575,16861,Civilization V: Cradle of Civilization - Asia,2.99,Strategy,http://store.steampowered.com/app/16861
575,16860,Civilization V: Cradle of Civilization - Mediterranean,2.99,Strategy,http://store.steampowered.com/app/16860
575,16863,Civilization V: Cradle of Civilization - Mesopotamia,2.99,Strategy,http://store.steampowered.com/app/16863
575,16867,Double Civilization and Scenario Pack: Spain and Inca,7.49,Strategy,http://store.steampowered.com/app/16867
575,99610,Civilization and Scenario Pack: Polynesia,4.99,Strategy,http://store.steampowered.com/app/99610
575,99611,Civilization and Scenario Pack: Denmark - The Vikings,4.99,Strategy,http://store.steampowered.com/app/99611
575,16866,Civilization V: Explorer’s  Map Pack,4.99,Strategy,http://store.steampowered.com/app/16866
575,99612,Civilization V - Civilization and Scenario Pack: Korea,4.99,Strategy,http://store.steampowered.com/app/99612
575,99614,Civilization V - Wonders of the Ancient World Scenario Pack,4.99,Strategy,http://store.steampowered.com/app/99614
575,16870,Sid Meier's Civilization V - Gods and Kings,29.99,Strategy,http://store.steampowered.com/app/16870
575,235580,Sid Meier's Civilization V: Brave New World,29.99,Strategy,http://store.steampowered.com/app/235580
575,235584,Sid Meier's Civilization V: Scrambled Continents Map Pack,4.99,Strategy,http://store.steampowered.com/app/235584
575,235585,Sid Meier's Civilization V: Scrambled Nations Map Pack,4.99,Strategy,http://store.steampowered.com/app/235585
961,398710,Timberman,0.99,"Action, Casual, Indie",http://store.steampowered.com/app/398710
961,438080,Surfingers,1.99,"Action, Casual, Indie",http://store.steampowered.com/app/438080
961,439910,Risky Rescue,0.49,"Action, Casual, Indie",http://store.steampowered.com/app/439910
961,490820,Fly O'Clock,0.99,"Action, Casual, Indie",http://store.steampowered.com/app/490820
668,464960,Hiiro,2.99,"Adventure, Casual, Indie",http://store.steampowered.com/app/464960
668,468040,Hiiro - Collector's Edition Content,0.99,"Adventure, Casual, Indie",http://store.steampowered.com/app/468040
884,390720,Anarcute,14.99,"Action, Indie",http://store.steampowered.com/app/390720
884,490310,Anarcute - Official Soundtrack,2.99,"Action, Indie",http://store.steampowered.com/app/490310
926,328270,Leviathan: The Last Day of the Decade,14.99,"Adventure, Indie",http://store.steampowered.com/app/328270
926,452470,Leviathan: The Last Day of the Decade - Soundtrack,3.99,"Adventure, Indie",http://store.steampowered.com/app/452470
948,412150,Midsummer Night,4.99,"Adventure, Casual",http://store.steampowered.com/app/412150
948,413840,Electric Highways - OST,1.99,"Adventure, Free to Play, Indie",http://store.steampowered.com/app/413840
948,437890,AuroraRL,4.99,"Action, Adventure, Indie, RPG, Strategy, Early Access",http://store.steampowered.com/app/437890
948,448260,Cubium Dreams,4.99,"Action, Adventure, Indie",http://store.steampowered.com/app/448260
948,461690,Iron Impact,3.99,"Action, Casual, Simulation, Strategy",http://store.steampowered.com/app/461690
948,461720,Tank Blast,4.99,"Action, Casual, Indie, Early Access",http://store.steampowered.com/app/461720
948,497740,AuroraRL - OST,1.99,"Action, Adventure, Indie, RPG, Strategy",http://store.steampowered.com/app/497740
948,497750,Midsummer Night - OST,1.99,"Adventure, Casual",http://store.steampowered.com/app/497750
543,312370,"Warhammer 40,000: Armageddon",39.99,Strategy,http://store.steampowered.com/app/312370
543,353760,"Warhammer 40,000: Armageddon - Vulkan's Wrath",4.99,Strategy,http://store.steampowered.com/app/353760
543,353761,"Warhammer 40,000: Armageddon - Angels of Death",4.99,Strategy,http://store.steampowered.com/app/353761
543,353770,"Warhammer 40,000: Armageddon - Glory of Macragge",4.99,Strategy,http://store.steampowered.com/app/353770
543,405520,"Warhammer 40,000 : Armageddon - Ork Hunters",4.99,Strategy,http://store.steampowered.com/app/405520
543,437110,"Warhammer 40,000: Armageddon - Soundtrack",0.99,Strategy,http://store.steampowered.com/app/437110
543,437140,"Warhammer 40,000: Armageddon - Golgotha",4.99,Strategy,http://store.steampowered.com/app/437140
925,411130,Leviathan: the Cargo — Ongoing series,10.99,"Action, Adventure, Indie, Early Access",http://store.steampowered.com/app/411130
925,500970,Leviathan: the Cargo Soundtrack,4.99,"Action, Adventure, Indie",http://store.steampowered.com/app/500970
823,41070,Serious Sam 3: BFE,39.99,"Action, Indie",http://store.steampowered.com/app/41070
823,233130,Shadow Warrior,39.99,"Action, Adventure",http://store.steampowered.com/app/233130
823,407810,Hard Reset Redux,19.99,"Action, Adventure",http://store.steampowered.com/app/407810
330,289930,TransOcean: The Shipping Company,19.99,"Casual, Simulation, Strategy",http://store.steampowered.com/app/289930
330,350110,TransOcean 2: Rivals,18.74,"Simulation, Strategy",http://store.steampowered.com/app/350110
955,397980,Invasion,1.99,"Action, Indie",http://store.steampowered.com/app/397980
955,403570,Stigmat,4.99,"Adventure, Indie",http://store.steampowered.com/app/403570
955,444790,Abandoned Knight,1.99,"Action, Adventure, Casual",http://store.steampowered.com/app/444790
955,454930,Under Zero,4.99,"Action, Adventure, Indie, Early Access",http://store.steampowered.com/app/454930
955,463040,Experience,1.99,"Action, Casual, Indie",http://store.steampowered.com/app/463040
955,466790,PixBit,1.99,"Action, Indie",http://store.steampowered.com/app/466790
955,473730,Physic Monster,1.99,"Casual, Indie, Simulation, Strategy, Early Access",http://store.steampowered.com/app/473730
955,485410,Alien Run,1.99,"Action, Adventure, Casual",http://store.steampowered.com/app/485410
955,496870,Inverted,2.99,"Action, Adventure, Casual, Indie",http://store.steampowered.com/app/496870
957,3830,Psychonauts,9.99,Action,http://store.steampowered.com/app/3830
957,115100,Costume Quest,9.99,"Adventure, Casual, RPG",http://store.steampowered.com/app/115100
957,115110,Stacking,9.99,"Adventure, Indie",http://store.steampowered.com/app/115110
957,3839,Psychonauts Original Score,4.99,Action,http://store.steampowered.com/app/3839
957,3838,Psychonauts Original Soundtrack,4.99,Action,http://store.steampowered.com/app/3838
957,115120,Iron Brigade,14.99,"Action, Strategy",http://store.steampowered.com/app/115120
957,225270,Brutal Legend Soundtrack,6.99,"Action, Adventure, Strategy",http://store.steampowered.com/app/225270
957,225260,Brutal Legend,14.99,"Action, Adventure, Strategy",http://store.steampowered.com/app/225260
957,232790,Broken Age,24.99,"Adventure, Casual, Indie",http://store.steampowered.com/app/232790
957,316790,Grim Fandango Remastered,14.99,Adventure,http://store.steampowered.com/app/316790
957,246110,MASSIVE CHALICE,19.99,"Indie, Strategy",http://store.steampowered.com/app/246110
957,332460,MASSIVE CHALICE Soundtrack,6.99,Strategy,http://store.steampowered.com/app/332460
957,246070,Hack 'n' Slash,13.37,"Adventure, Casual, Indie",http://store.steampowered.com/app/246070
957,246090,Spacebase DF-9,9.99,"Indie, Simulation, Strategy",http://store.steampowered.com/app/246090
957,271950,Broken Age - Soundtrack,6.99,"Adventure, Casual, Indie",http://store.steampowered.com/app/271950
957,368190,Grim Fandango Remastered - Soundtrack,9.99,Adventure,http://store.steampowered.com/app/368190
957,388210,Day of the Tentacle Remastered,14.99,Adventure,http://store.steampowered.com/app/388210
802,92100,DETOUR,1.99,"Action, Indie, Simulation, Strategy",http://store.steampowered.com/app/92100
802,306040,The Howler,1.99,"Action, Adventure, Casual, Indie, Simulation, Sports, Strategy",http://store.steampowered.com/app/306040
802,340070,Battle Ranch: Pigs vs Plants,1.99,"Action, Adventure, Casual, Indie, Strategy",http://store.steampowered.com/app/340070
802,405610,Flight of the Paladin,1.99,"Action, Adventure, Indie, Strategy",http://store.steampowered.com/app/405610
802,416080,The Odyssey: Winds of Athena,4.99,"Action, Adventure, Casual, Indie, Simulation, Strategy",http://store.steampowered.com/app/416080
954,390970,Russian Horror Story,7.99,"Adventure, Casual",http://store.steampowered.com/app/390970
954,403570,Stigmat,4.99,"Adventure, Indie",http://store.steampowered.com/app/403570
954,463050,The Pit And The Pendulum,4.99,"Adventure, Casual, Indie",http://store.steampowered.com/app/463050
956,388120,Spakoyno: Back to the USSR 2.0,7.99,"Adventure, Casual",http://store.steampowered.com/app/388120
956,397980,Invasion,1.99,"Action, Indie",http://store.steampowered.com/app/397980
956,403570,Stigmat,4.99,"Adventure, Indie",http://store.steampowered.com/app/403570
956,444790,Abandoned Knight,1.99,"Action, Adventure, Casual",http://store.steampowered.com/app/444790
956,454930,Under Zero,4.99,"Action, Adventure, Indie, Early Access",http://store.steampowered.com/app/454930
956,459660,Spakoyno: Back To USSR 2.0 - OST,0.99,"Adventure, Casual",http://store.steampowered.com/app/459660
956,463040,Experience,1.99,"Action, Casual, Indie",http://store.steampowered.com/app/463040
956,463050,The Pit And The Pendulum,4.99,"Adventure, Casual, Indie",http://store.steampowered.com/app/463050
956,466790,PixBit,1.99,"Action, Indie",http://store.steampowered.com/app/466790
956,485410,Alien Run,1.99,"Action, Adventure, Casual",http://store.steampowered.com/app/485410
956,490940,Darconika: The Cube of Soul,3.99,"Adventure, Casual, Indie",http://store.steampowered.com/app/490940
804,274560,Revolution Ace,1.99,"Action, Adventure, Indie, RPG, Simulation, Strategy",http://store.steampowered.com/app/274560
804,295690,PARTICLE MACE,9.99,"Action, Adventure, Casual, Indie, Strategy",http://store.steampowered.com/app/295690
804,314450,Star Saviors,1.99,"Action, Adventure, Indie, RPG, Strategy",http://store.steampowered.com/app/314450
398,391260,Labyronia RPG,1.99,"Action, Adventure, Casual, Indie, RPG, Strategy",http://store.steampowered.com/app/391260
398,397500,Labyronia RPG 2,1.99,"Action, Adventure, Indie, RPG, Strategy",http://store.steampowered.com/app/397500
398,407230,Legend of Mysteria RPG,1.99,"Action, Adventure, Casual, Indie, RPG, Strategy",http://store.steampowered.com/app/407230
398,434420,The Chosen RPG,1.99,"Adventure, Indie, RPG",http://store.steampowered.com/app/434420
398,461640,Sins Of The Demon RPG,1.99,"Adventure, Indie, RPG",http://store.steampowered.com/app/461640
398,463350,Storm Of Spears RPG,1.99,"Adventure, RPG, Strategy",http://store.steampowered.com/app/463350
403,291010,The Hat Man: Shadow Ward,1.99,"Action, Adventure, Casual, Indie, RPG, Simulation",http://store.steampowered.com/app/291010
403,314450,Star Saviors,1.99,"Action, Adventure, Indie, RPG, Strategy",http://store.steampowered.com/app/314450
403,340070,Battle Ranch: Pigs vs Plants,1.99,"Action, Adventure, Casual, Indie, Strategy",http://store.steampowered.com/app/340070
403,377290,Biodrone Battle,1.99,"Action, Adventure, Casual, Indie, Strategy",http://store.steampowered.com/app/377290
403,380020,Three Heroes,4.99,"Action, Indie, RPG",http://store.steampowered.com/app/380020
403,405610,Flight of the Paladin,1.99,"Action, Adventure, Indie, Strategy",http://store.steampowered.com/app/405610
403,434420,The Chosen RPG,1.99,"Adventure, Indie, RPG",http://store.steampowered.com/app/434420
403,461640,Sins Of The Demon RPG,1.99,"Adventure, Indie, RPG",http://store.steampowered.com/app/461640
403,463350,Storm Of Spears RPG,1.99,"Adventure, RPG, Strategy",http://store.steampowered.com/app/463350
944,368590,Albert and Otto,4.99,Indie,http://store.steampowered.com/app/368590
944,390290,Bulb Boy,8.99,"Adventure, Indie",http://store.steampowered.com/app/390290
944,395160,Toby: The Secret Mine,9.99,"Adventure, Indie",http://store.steampowered.com/app/395160
871,487380,Tetradecagon,4.99,"Action, Casual, Indie",http://store.steampowered.com/app/487380
871,497910,Tetradecagon - Soundtrack,0.99,,http://store.steampowered.com/app/497910
395,355150,Gravilon,1.99,"Action, Adventure, Casual, Indie, Strategy",http://store.steampowered.com/app/355150
395,370510,Marble Mayhem: Fragile Ball,1.99,"Action, Casual, Indie, Simulation, Strategy",http://store.steampowered.com/app/370510
395,371670,Rolling Sun,4.99,"Action, Adventure, Indie, Simulation, Strategy",http://store.steampowered.com/app/371670
395,391420,Gun Rocket,1.99,"Action, Adventure, Indie, Strategy",http://store.steampowered.com/app/391420
395,396360,LocoSoccer,0.99,"Casual, Indie, Simulation, Sports",http://store.steampowered.com/app/396360
934,349220,The Black Watchmen,14.99,"Indie, Massively Multiplayer, RPG",http://store.steampowered.com/app/349220
934,449730,Ahnayro: The Dream World,5.99,"Adventure, Casual, Indie, Strategy, Early Access",http://store.steampowered.com/app/449730
920,389160,Shadow Ninja: Apocalypse,1.99,"Action, Adventure, Casual, Indie, Strategy",http://store.steampowered.com/app/389160
920,420050,Shadow Ninja: Endless Runner,0.99,"Action, Adventure, Casual, Indie, Strategy",http://store.steampowered.com/app/420050
877,429470,Space Pilgrim Episode I: Alpha Centauri,0.49,"Adventure, Indie",http://store.steampowered.com/app/429470
877,431710,Space Pilgrim Episode II: Epsilon Indi,1.99,"Adventure, Indie",http://store.steampowered.com/app/431710
877,439250,Space Pilgrim Episode III: Delta Pavonis,1.99,"Adventure, Indie",http://store.steampowered.com/app/439250
877,446640,Space Pilgrim Episode IV: Sol,1.99,"Adventure, Indie",http://store.steampowered.com/app/446640
624,318100,AXYOS,7.99,"Action, Indie, Massively Multiplayer, Early Access",http://store.steampowered.com/app/318100
624,499500,AXYOS - Soundtrack,0.99,"Action, Indie, Massively Multiplayer",http://store.steampowered.com/app/499500
678,301610,openCanvas 6,49.99,"Design & Illustration, Photo Editing",http://store.steampowered.com/app/301610
678,458750,FireAlpaca SE,39.99,"Design & Illustration, Photo Editing",http://store.steampowered.com/app/458750
832,320760,Tokyo School Life,7.49,Adventure,http://store.steampowered.com/app/320760
832,435360,Campus Notes - forget me not.,11.99,"Adventure, Indie",http://store.steampowered.com/app/435360
832,443330,Malus Code,12.99,Adventure,http://store.steampowered.com/app/443330
832,464080,Kyoto Colorful Days,9.99,Adventure,http://store.steampowered.com/app/464080
520,256510,Awesomenauts - SUSI Announcer,3.99,"Action, Indie, Strategy",http://store.steampowered.com/app/256510
520,333150,Awesomenauts - Wildlife Announcer,4.99,"Action, Indie, Strategy",http://store.steampowered.com/app/333150
520,333160,Awesomenauts - Coco Nebulon Announcer,2.99,"Action, Indie, Strategy",http://store.steampowered.com/app/333160
520,351461,Awesomenauts - Wraithlord Scoop Announcer,3.99,"Action, Indie, Strategy",http://store.steampowered.com/app/351461
520,376373,Awesomenauts - The Scrolls of XiPang Announcer,3.99,"Action, Indie, Strategy",http://store.steampowered.com/app/376373
520,399833,Awesomenauts - Ghosthouse Announcer,4.99,"Action, Indie, Strategy",http://store.steampowered.com/app/399833
520,399834,Awesomenauts - Rockstar Announcer,3.49,"Action, Indie, Strategy",http://store.steampowered.com/app/399834
520,399836,Awesomenauts - Skree Announcer,4.49,"Action, Indie, Strategy",http://store.steampowered.com/app/399836
520,443390,Awesomenauts - The Mind Collection Announcer,3.99,"Action, Indie, Strategy",http://store.steampowered.com/app/443390
876,450700,The Spatials: Galactology,12.99,"Indie, Simulation, Strategy, Early Access",http://store.steampowered.com/app/450700
876,494410,The Spatials: Galactology - Soundtrack,4.99,"Indie, Simulation",http://store.steampowered.com/app/494410
876,346420,The Spatials,9.99,"Indie, RPG, Simulation",http://store.steampowered.com/app/346420
701,464510,Black Rose,0.99,Action,http://store.steampowered.com/app/464510
701,464511,Japanese Iris,0.99,Action,http://store.steampowered.com/app/464511
701,464512,Bande Dessinee,0.99,Action,http://store.steampowered.com/app/464512
701,464513,Red Swan,0.99,Action,http://store.steampowered.com/app/464513
701,464520,Amazonic Green & Amazonic Turquoise,2.99,Action,http://store.steampowered.com/app/464520
701,464521,Cutie Marine (Blue) & Cutie Marine (Yellow),2.99,Action,http://store.steampowered.com/app/464521
701,464522,Jet Spanglette (Black) & Jet Spanglette (Red),2.99,Action,http://store.steampowered.com/app/464522
701,464523,Fizzy & Dizzy (Berry) & Fizzy & Dizzy (Cider),2.99,Action,http://store.steampowered.com/app/464523
701,464524,Golden Kagura Pigtails,0.99,Action,http://store.steampowered.com/app/464524
701,464525,Golden Saaya Ponytail,0.99,Action,http://store.steampowered.com/app/464525
701,467030,Golden Wavy Long 'Do,0.99,Action,http://store.steampowered.com/app/467030
701,467031,Golden Saki Pigtails,0.99,Action,http://store.steampowered.com/app/467031
701,467032,Authentic Bunny & Fetish Bunny,2.99,Action,http://store.steampowered.com/app/467032
701,467033,Cowboy Hat,0.99,Action,http://store.steampowered.com/app/467033
701,467034,GaGaGa Ribbon Golden & GaGaGa Ribbon,0.99,Action,http://store.steampowered.com/app/467034
701,467035,Ponytail Wig & Blonde Ponytail Wig,0.99,Action,http://store.steampowered.com/app/467035
701,467036,Rider Scarf,0.99,Action,http://store.steampowered.com/app/467036
701,467037,Rider Belt,0.99,Action,http://store.steampowered.com/app/467037
701,467038,Beast Hands,0.99,Action,http://store.steampowered.com/app/467038
701,467039,Straight Pigtails & Golden Straight Pigtails,1.99,Action,http://store.steampowered.com/app/467039
701,467040,Voluminous Ponytail & Golden Voluminous Ponytail,1.99,Action,http://store.steampowered.com/app/467040
701,467041,Cool Short 'Do & Golden Cool Short 'Do,1.99,Action,http://store.steampowered.com/app/467041
701,467042,Long Ponytail & Golden Long Ponytail,1.99,Action,http://store.steampowered.com/app/467042
701,467043,THE NINJA (Purple) & THE NINJA (Green),2.99,Action,http://store.steampowered.com/app/467043
701,467044,Giant Sword,0.99,Action,http://store.steampowered.com/app/467044
701,467045,Nunchaku,0.99,Action,http://store.steampowered.com/app/467045
701,467046,Death Claw,0.99,Action,http://store.steampowered.com/app/467046
701,467047,Handgun,0.99,Action,http://store.steampowered.com/app/467047
701,467048,Wolf's Hair & Golden Wolf's Hair,1.99,Action,http://store.steampowered.com/app/467048
701,467049,Short Bob & Golden Short Bob,1.99,Action,http://store.steampowered.com/app/467049
701,467050,Wavy Medium 'Do & Golden Wavy Medium 'Do,1.99,Action,http://store.steampowered.com/app/467050
701,467051,Wavy Side Tail & Golden Wavy Side Tail,1.99,Action,http://store.steampowered.com/app/467051
701,482220,Pale Blue Gullwings & Pale Blue Visor,1.99,Action,http://store.steampowered.com/app/482220
701,482221,Strawberry Banana Surprise (X),1.99,Action,http://store.steampowered.com/app/482221
701,482222,Strawberry Banana Surprise (Y),1.99,Action,http://store.steampowered.com/app/482222
701,482223,Pale Pink Gullwings & Pale Pink Visor,1.99,Action,http://store.steampowered.com/app/482223
701,482224,Kitten Mittens & Fuzzy Leggings,0.99,Action,http://store.steampowered.com/app/482224
896,490090,RWBY: Volume 1,6.99,,http://store.steampowered.com/app/490090
896,492470,RWBY: Volume 2,8.99,,http://store.steampowered.com/app/492470
896,492510,RWBY: Volume 3,9.99,,http://store.steampowered.com/app/492510
868,418340,RWBY: Grimm Eclipse,19.99,"Action, Adventure, Indie",http://store.steampowered.com/app/418340
868,490090,RWBY: Volume 1,6.99,,http://store.steampowered.com/app/490090
868,492470,RWBY: Volume 2,8.99,,http://store.steampowered.com/app/492470
868,492510,RWBY: Volume 3,9.99,,http://store.steampowered.com/app/492510
837,460120,Megadimension Neptunia VII,49.99,"RPG, Strategy",http://store.steampowered.com/app/460120
837,476860,Megadimension Neptunia VII Weapon Pack,4.99,"RPG, Strategy",http://store.steampowered.com/app/476860
837,476861,Megadimension Neptunia VII Trial Weapon Pack,4.99,"RPG, Strategy",http://store.steampowered.com/app/476861
837,476862,Megadimension Neptunia VII Ultimate Weapon Pack,4.99,"RPG, Strategy",http://store.steampowered.com/app/476862
837,476863,Megadimension Neptunia VII Nightwear Pack,1.99,"RPG, Strategy",http://store.steampowered.com/app/476863
837,476864,Megadimension Neptunia VII Swimsuit Pack,1.99,"RPG, Strategy",http://store.steampowered.com/app/476864
837,476865,Megadimension Neptunia VII Equipment Pack,1.99,"RPG, Strategy",http://store.steampowered.com/app/476865
837,476866,Megadimension Neptunia VII Processor Pack,1.99,"RPG, Strategy",http://store.steampowered.com/app/476866
837,476867,Megadimension Neptunia VII Party Character [Umio],0.99,"RPG, Strategy",http://store.steampowered.com/app/476867
837,476868,Megadimension Neptunia VII Party Character [Nepgya],0.99,"RPG, Strategy",http://store.steampowered.com/app/476868
837,476869,Megadimension Neptunia VII Party Character [Million Arthur],2.99,"RPG, Strategy",http://store.steampowered.com/app/476869
837,476870,Megadimension Neptunia VII Party Character [God Eater],2.99,"RPG, Strategy",http://store.steampowered.com/app/476870
837,476871,Megadimension Neptunia VII Party Character [Nitroplus],2.99,"RPG, Strategy",http://store.steampowered.com/app/476871
837,488340,Megadimension Neptunia VII Digital Deluxe Set,9.99,"RPG, Strategy",http://store.steampowered.com/app/488340
700,476860,Megadimension Neptunia VII Weapon Pack,4.99,"RPG, Strategy",http://store.steampowered.com/app/476860
700,476861,Megadimension Neptunia VII Trial Weapon Pack,4.99,"RPG, Strategy",http://store.steampowered.com/app/476861
700,476862,Megadimension Neptunia VII Ultimate Weapon Pack,4.99,"RPG, Strategy",http://store.steampowered.com/app/476862
700,476863,Megadimension Neptunia VII Nightwear Pack,1.99,"RPG, Strategy",http://store.steampowered.com/app/476863
700,476864,Megadimension Neptunia VII Swimsuit Pack,1.99,"RPG, Strategy",http://store.steampowered.com/app/476864
700,476865,Megadimension Neptunia VII Equipment Pack,1.99,"RPG, Strategy",http://store.steampowered.com/app/476865
700,476866,Megadimension Neptunia VII Processor Pack,1.99,"RPG, Strategy",http://store.steampowered.com/app/476866
700,476867,Megadimension Neptunia VII Party Character [Umio],0.99,"RPG, Strategy",http://store.steampowered.com/app/476867
700,476868,Megadimension Neptunia VII Party Character [Nepgya],0.99,"RPG, Strategy",http://store.steampowered.com/app/476868
700,476869,Megadimension Neptunia VII Party Character [Million Arthur],2.99,"RPG, Strategy",http://store.steampowered.com/app/476869
700,476870,Megadimension Neptunia VII Party Character [God Eater],2.99,"RPG, Strategy",http://store.steampowered.com/app/476870
700,476871,Megadimension Neptunia VII Party Character [Nitroplus],2.99,"RPG, Strategy",http://store.steampowered.com/app/476871
510,334280,Lost Sea,14.99,"Action, Adventure, Indie",http://store.steampowered.com/app/334280
510,485020,Lost Sea Soundtrack,4.99,"Action, Adventure, Indie",http://store.steampowered.com/app/485020
855,321920,Schein,8.99,"Action, Adventure, Indie",http://store.steampowered.com/app/321920
855,334070,Hektor,9.99,"Action, Adventure, Indie",http://store.steampowered.com/app/334070
855,352520,The Silent Age,9.99,"Adventure, Casual, Indie",http://store.steampowered.com/app/352520
855,355590,Hektor - Official Soundtrack,5.99,"Action, Adventure, Indie",http://store.steampowered.com/app/355590
855,371510,Gunnheim,9.99,"Action, Indie",http://store.steampowered.com/app/371510
854,11370,Nikopol: Secrets of the Immortals,4.99,Adventure,http://store.steampowered.com/app/11370
854,46410,Avencast: Rise of the Mage,0.99,"Action, RPG",http://store.steampowered.com/app/46410
854,298140,Rhiannon: Curse of the Four Branches,5.99,"Adventure, Indie",http://store.steampowered.com/app/298140
854,334070,Hektor,9.99,"Action, Adventure, Indie",http://store.steampowered.com/app/334070
854,352520,The Silent Age,9.99,"Adventure, Casual, Indie",http://store.steampowered.com/app/352520
852,333740,The Falling Sun,4.99,"Indie, Early Access",http://store.steampowered.com/app/333740
852,338710,Urja,9.99,"Casual, Indie, Strategy",http://store.steampowered.com/app/338710
852,349500,Cubicle Quest,4.99,"Indie, RPG, Simulation",http://store.steampowered.com/app/349500
852,429470,Space Pilgrim Episode I: Alpha Centauri,0.49,"Adventure, Indie",http://store.steampowered.com/app/429470
852,431810,Rencounter,5.99,"Indie, RPG, Strategy, Early Access",http://store.steampowered.com/app/431810
852,460660,GooCubelets: OCD,1.99,"Casual, Indie",http://store.steampowered.com/app/460660
852,460960,The Deed: Dynasty,2.99,"Adventure, Indie, RPG",http://store.steampowered.com/app/460960
852,462960,Caveman World: Mountains of Unga Boonga,1.99,"Adventure, Casual, Indie",http://store.steampowered.com/app/462960
852,481870,Mini Thief,3.99,"Casual, Indie, Strategy, Early Access",http://store.steampowered.com/app/481870
805,373730,Way of Gold and Steel,6.99,"Indie, Strategy",http://store.steampowered.com/app/373730
805,448820,Planet in the Shadows,3.99,"Adventure, Indie",http://store.steampowered.com/app/448820
805,491510,Vanilla Bagel: The Roguelike,8.99,"Adventure, Indie, RPG",http://store.steampowered.com/app/491510
839,488370,Inuyasha the Movie: Affections Touching Across Time,9.99,,http://store.steampowered.com/app/488370
839,488380,Inuyasha the Movie 2: The Castle Beyond the Looking Glass,9.99,,http://store.steampowered.com/app/488380
839,488390,Inuyasha the Movie 3: Swords of an Honorable Ruler,9.99,,http://store.steampowered.com/app/488390
839,488400,Inuyasha the Movie 4: Fire on the Mystic Island,9.99,,http://store.steampowered.com/app/488400
861,351090,Regency Solitaire,9.99,Casual,http://store.steampowered.com/app/351090
861,388450,Spooky Bonus,9.99,Casual,http://store.steampowered.com/app/388450
859,446590,7 Mages,13.99,RPG,http://store.steampowered.com/app/446590
859,497540,7 Mages Soundtrack,1.99,RPG,http://store.steampowered.com/app/497540
844,327840,QR Champions: Jump Start Tournament,1.99,"Action, Casual, Indie, Racing, Sports",http://store.steampowered.com/app/327840
844,330690,Quantum Rush Champions Original Soundtracks,3.99,"Action, Racing, Sports",http://store.steampowered.com/app/330690
844,317440,Quantum Rush Champions,9.99,"Action, Casual, Indie, Racing, Simulation, Sports",http://store.steampowered.com/app/317440
844,342650,Fermi's Path,8.99,"Action, Casual, Indie, Racing, Simulation",http://store.steampowered.com/app/342650
844,386540,A.I. Invasion,9.99,"Action, Indie, Simulation, Strategy",http://store.steampowered.com/app/386540
844,412900,A.I. Invasion - Road of Rodan,1.99,"Action, Indie, Simulation, Strategy",http://store.steampowered.com/app/412900
844,423180,A.I. Space Corps,4.99,"Action, Casual, Indie, Simulation, Strategy",http://store.steampowered.com/app/423180
845,327840,QR Champions: Jump Start Tournament,1.99,"Action, Casual, Indie, Racing, Sports",http://store.steampowered.com/app/327840
845,330690,Quantum Rush Champions Original Soundtracks,3.99,"Action, Racing, Sports",http://store.steampowered.com/app/330690
845,317440,Quantum Rush Champions,9.99,"Action, Casual, Indie, Racing, Simulation, Sports",http://store.steampowered.com/app/317440
845,342650,Fermi's Path,8.99,"Action, Casual, Indie, Racing, Simulation",http://store.steampowered.com/app/342650
845,386540,A.I. Invasion,9.99,"Action, Indie, Simulation, Strategy",http://store.steampowered.com/app/386540
845,412900,A.I. Invasion - Road of Rodan,1.99,"Action, Indie, Simulation, Strategy",http://store.steampowered.com/app/412900
845,423180,A.I. Space Corps,4.99,"Action, Casual, Indie, Simulation, Strategy",http://store.steampowered.com/app/423180
846,386540,A.I. Invasion,9.99,"Action, Indie, Simulation, Strategy",http://store.steampowered.com/app/386540
846,412900,A.I. Invasion - Road of Rodan,1.99,"Action, Indie, Simulation, Strategy",http://store.steampowered.com/app/412900
843,327840,QR Champions: Jump Start Tournament,1.99,"Action, Casual, Indie, Racing, Sports",http://store.steampowered.com/app/327840
843,330690,Quantum Rush Champions Original Soundtracks,3.99,"Action, Racing, Sports",http://store.steampowered.com/app/330690
843,317440,Quantum Rush Champions,9.99,"Action, Casual, Indie, Racing, Simulation, Sports",http://store.steampowered.com/app/317440
851,445420,Aselia the Eternal -The Spirit of Eternity Sword-,14.99,"Casual, RPG",http://store.steampowered.com/app/445420
851,465320,Aselia the Eternal Soundtrack,7.99,"Casual, RPG",http://store.steampowered.com/app/465320
425,356570,Party Hard,12.89,"Action, Indie, Strategy",http://store.steampowered.com/app/356570
425,368730,No Time To Explain Remastered,14.99,"Action, Adventure, Casual, Indie",http://store.steampowered.com/app/368730
425,403940,Dungelot: Shattered Lands,9.99,"Action, Indie, RPG",http://store.steampowered.com/app/403940
425,394310,Punch Club,13.99,"Indie, RPG, Strategy",http://store.steampowered.com/app/394310
425,207140,SpeedRunners,14.99,"Action, Casual, Indie, Racing, Sports",http://store.steampowered.com/app/207140
824,363510,STAR-BOX: RPG Adventures in Space,4.99,"Action, Adventure, Casual, Indie, RPG, Simulation",http://store.steampowered.com/app/363510
824,401490,STAR-BOX - 'Galaxy Pet Store',0.99,"Action, Adventure, Casual, Indie, RPG, Simulation",http://store.steampowered.com/app/401490
824,415730,STAR-BOX: Dark Hack,0.99,"Action, Adventure, Casual, Indie, RPG, Simulation",http://store.steampowered.com/app/415730
824,423700,Apocalypse Hotel - The Post-Apocalyptic Hotel Simulator!,6.99,"Casual, Indie, RPG, Simulation",http://store.steampowered.com/app/423700
824,443710,Apocalypse Hotel: Museum of Horror!,0.99,"Casual, Indie, RPG, Simulation",http://store.steampowered.com/app/443710
824,444420,24 Hours 'til Rescue,3.99,"Action, Adventure, Casual, Indie, RPG",http://store.steampowered.com/app/444420
824,446900,Apocalypse Hotel: The Thin Blue Line!,1.99,"Casual, Indie, RPG, Simulation",http://store.steampowered.com/app/446900
824,447300,24 Hours 'til Rescue: Cheat Pack!,0.99,"Action, Adventure, Casual, Indie, RPG",http://store.steampowered.com/app/447300
824,461780,Moonstone Tavern - A Fantasy Tavern Sim!,7.99,"Indie, RPG, Simulation",http://store.steampowered.com/app/461780
380,228280,Baldur's Gate: Enhanced Edition,19.99,"RPG, Strategy",http://store.steampowered.com/app/228280
380,257350,Baldur's Gate II: Enhanced Edition,19.99,"RPG, Strategy",http://store.steampowered.com/app/257350
380,321800,Icewind Dale: Enhanced Edition,19.99,"Adventure, RPG, Strategy",http://store.steampowered.com/app/321800
380,385970,Baldur's Gate: Siege of Dragonspear,19.99,"RPG, Strategy",http://store.steampowered.com/app/385970
380,459280,Baldur's Gate: Enhanced Edition Digital Soundtrack,9.99,"RPG, Strategy",http://store.steampowered.com/app/459280
380,459290,Baldur's Gate: Siege of Dragonspear Digital Soundtrack,9.99,"RPG, Strategy",http://store.steampowered.com/app/459290
380,467600,Icewind Dale: Enhanced Edition Official Soundtrack,9.99,"Adventure, RPG, Strategy",http://store.steampowered.com/app/467600
380,467620,Baldur's Gate II: Enhanced Edition Official Soundtrack,9.99,"RPG, Strategy",http://store.steampowered.com/app/467620
755,13540,Tom Clancy's Rainbow Six® Vegas,9.99,Action,http://store.steampowered.com/app/13540
755,15120,Tom Clancy's Rainbow Six® Vegas 2,9.99,Action,http://store.steampowered.com/app/15120
755,15000,Tom Clancy's Rainbow Six Lockdown™,9.99,Action,http://store.steampowered.com/app/15000
755,19830,Tom Clancy's Rainbow Six® 3 Gold,9.99,Action,http://store.steampowered.com/app/19830
755,359550,Tom Clancy's Rainbow Six® Siege,49.99,Action,http://store.steampowered.com/app/359550
759,15170,Heroes of Might & Magic V,9.99,Strategy,http://store.steampowered.com/app/15170
759,15380,Heroes of Might & Magic V: Hammers of Fate,9.99,Strategy,http://store.steampowered.com/app/15380
759,15370,Heroes of Might & Magic V: Tribes of the East,9.99,Strategy,http://store.steampowered.com/app/15370
759,297000,Heroes® of Might & Magic® III - HD Edition,14.99,"RPG, Strategy",http://store.steampowered.com/app/297000
810,407420,Gabe Newell Simulator 2.0,3.0,"Action, Adventure, Casual, Indie, Simulation",http://store.steampowered.com/app/407420
810,480580,Portal Mode,0.9,"Action, Adventure, Casual, Indie, Simulation",http://store.steampowered.com/app/480580
781,252310,Syder Arcade,9.99,"Action, Indie",http://store.steampowered.com/app/252310
781,336440,Super Cane Magic ZERO,19.99,"Action, Indie, RPG, Early Access",http://store.steampowered.com/app/336440
760,207490,Rayman® Origins,19.99,"Action, Adventure",http://store.steampowered.com/app/207490
760,242550,Rayman® Legends,29.99,"Action, Adventure",http://store.steampowered.com/app/242550
760,260230,Valiant Hearts: The Great War™ / Soldats Inconnus : Mémoires de la Grande Guerre™,14.99,Adventure,http://store.steampowered.com/app/260230
760,276770,Toy Soldiers: War Chest,14.99,"Action, Casual, Strategy",http://store.steampowered.com/app/276770
760,256290,Child of Light,14.99,RPG,http://store.steampowered.com/app/256290
760,245490,Trials Fusion™,19.99,Racing,http://store.steampowered.com/app/245490
760,316750,Tetris® Ultimate,14.99,Casual,http://store.steampowered.com/app/316750
708,466800,The Dope Game,1.99,"Adventure, Casual, Simulation",http://store.steampowered.com/app/466800
708,493230,The Dope Game: The Stash,0.99,"Adventure, Casual, Simulation",http://store.steampowered.com/app/493230
730,451440,Dead Star - Ordo Robots Pilot Portrait and Ship Paint Pack,1.99,"Action, Indie",http://store.steampowered.com/app/451440
730,451442,Dead Star - Kurg Ship Expansion,4.99,"Action, Indie",http://store.steampowered.com/app/451442
730,451443,Dead Star - Quaz'l Ship Expansion,4.99,"Action, Indie",http://store.steampowered.com/app/451443
730,366400,Dead Star,19.99,"Action, Indie",http://store.steampowered.com/app/366400
757,242050,Assassin’s Creed® IV Black Flag™,29.99,"Action, Adventure",http://store.steampowered.com/app/242050
757,289650,Assassin's Creed® Unity,39.99,"Action, Adventure",http://store.steampowered.com/app/289650
757,311560,Assassin’s Creed® Rogue,29.99,"Action, Adventure",http://store.steampowered.com/app/311560
757,368500,Assassin's Creed® Syndicate,39.99,"Action, Adventure",http://store.steampowered.com/app/368500
697,492370,Affairs of the Court: Choice of Romance,5.99,"Adventure, Indie, RPG",http://store.steampowered.com/app/492370
697,492390,Affairs of the Court: Choice of Romance - Play as the Consort,0.99,"Adventure, Indie, RPG",http://store.steampowered.com/app/492390
697,492391,Affairs of the Court: Choice of Romance - A Life Mage Child,0.99,"Adventure, Indie, RPG",http://store.steampowered.com/app/492391
697,492392,Affairs of the Court: Choice of Romance - Death to the Princess,0.99,"Adventure, Indie, RPG",http://store.steampowered.com/app/492392
747,347470,Mayan Death Robots,14.99,"Action, Indie",http://store.steampowered.com/app/347470
747,359350,Defunct,9.99,"Adventure, Indie, Racing",http://store.steampowered.com/app/359350
747,389310,Tic-Toc-Tower,4.99,"Action, Adventure, Indie",http://store.steampowered.com/app/389310
747,428830,Save the Dodos,2.99,"Casual, Indie",http://store.steampowered.com/app/428830
687,386940,Ultimate Chicken Horse,14.99,"Action, Adventure, Casual, Indie",http://store.steampowered.com/app/386940
687,493070,Ultimate Chicken Horse Soundtrack,9.99,"Action, Adventure, Casual, Indie",http://store.steampowered.com/app/493070
577,281610,Homeworld: Deserts of Kharak,49.99,Strategy,http://store.steampowered.com/app/281610
577,244160,Homeworld Remastered Collection,34.99,"Simulation, Strategy",http://store.steampowered.com/app/244160
569,263740,FootLOL: Epic Fail League,4.99,"Action, Indie, RPG, Sports",http://store.steampowered.com/app/263740
569,338120,Marble Duel,4.99,"Casual, Indie",http://store.steampowered.com/app/338120
569,338130,Strategy & Tactics: Wargame Collection,9.99,Strategy,http://store.steampowered.com/app/338130
569,352220,King of Dragon Pass,11.99,"RPG, Strategy",http://store.steampowered.com/app/352220
569,418180,Tempest,14.99,"Action, Indie, RPG",http://store.steampowered.com/app/418180
569,461940,Plancon: Space Conflict,6.99,"Action, RPG",http://store.steampowered.com/app/461940
532,234650,Shadowrun Returns,14.99,"Adventure, Indie, RPG, Strategy",http://store.steampowered.com/app/234650
532,237810,Shadowrun Returns Deluxe DLC,9.99,"Adventure, Indie, RPG, Strategy",http://store.steampowered.com/app/237810
532,300550,Shadowrun: Dragonfall - Director's Cut,14.99,"Adventure, Indie, RPG, Strategy",http://store.steampowered.com/app/300550
532,346940,Shadowrun: Hong Kong - Extended Edition,19.99,"Adventure, Indie, RPG, Strategy",http://store.steampowered.com/app/346940
532,395260,Shadowrun: Hong Kong - Extended Edition Deluxe Upgrade DLC,9.99,"Adventure, Indie, RPG, Strategy",http://store.steampowered.com/app/395260
728,258090,99 Spirits,2.49,"Adventure, Indie, RPG",http://store.steampowered.com/app/258090
728,262142,99 Spirits - Cage of Night,1.99,"Adventure, Indie, RPG",http://store.steampowered.com/app/262142
728,262230,99 Spirits - Weeping Demon's Bell,1.99,"Adventure, Indie",http://store.steampowered.com/app/262230
728,262141,99 Spirits - Art Book + Music Collection,14.99,"Adventure, Indie, RPG",http://store.steampowered.com/app/262141
728,263400,War of the Human Tanks,9.99,"Adventure, Indie, Strategy",http://store.steampowered.com/app/263400
728,271010,Sound of the Human Tanks,9.99,"Adventure, Indie, Strategy",http://store.steampowered.com/app/271010
728,282800,100% Orange Juice,6.99,"Indie, Strategy",http://store.steampowered.com/app/282800
728,301920,War of the Human Tanks - ALTeR,12.99,"Adventure, Indie, Strategy",http://store.steampowered.com/app/301920
728,301930,War of the Human Tanks - Limited Operations,9.99,"Adventure, Indie, Strategy",http://store.steampowered.com/app/301930
728,312340,Sound of the Human Tanks - LO,4.99,,http://store.steampowered.com/app/312340
728,316600,QP Shooting - Dangerous!!,7.99,"Action, Indie",http://store.steampowered.com/app/316600
728,327340,100% Orange Juice - Syura & Nanako Character Pack,1.99,"Indie, Strategy",http://store.steampowered.com/app/327340
728,334080,100% Orange Juice - Saki & Kyousuke Character Pack,1.99,"Indie, Strategy",http://store.steampowered.com/app/334080
728,335190,200% Mixed Juice!,6.99,"Adventure, Indie, RPG",http://store.steampowered.com/app/335190
728,335200,ManaCollect,6.99,"Action, Adventure",http://store.steampowered.com/app/335200
728,338360,100% Orange Juice - Mixed Booster Pack,1.99,"Indie, Strategy",http://store.steampowered.com/app/338360
728,366780,Magical Eyes - Red is for Anguish,14.99,"Adventure, Indie",http://store.steampowered.com/app/366780
728,376200,100% Orange Juice - Krila & Kae Character Pack,1.99,"Indie, Strategy",http://store.steampowered.com/app/376200
728,388790,100% Orange Juice - Alte & Kyoko Character Pack,1.99,"Indie, Strategy",http://store.steampowered.com/app/388790
728,390730,Sora,8.99,"Action, Indie",http://store.steampowered.com/app/390730
728,411400,Sora no Kakera - Sora Original Soundtrack,7.99,Action,http://store.steampowered.com/app/411400
728,411401,Celeste - Sora Extra Soundtrack,5.99,Action,http://store.steampowered.com/app/411401
728,425360,100% Orange Juice - Sham & Sherry Character Pack,1.99,"Indie, Strategy",http://store.steampowered.com/app/425360
728,465480,100% Orange Juice - Breaker Pack,2.99,"Indie, Strategy",http://store.steampowered.com/app/465480
782,419090,Vector Strain,4.99,"Action, Indie",http://store.steampowered.com/app/419090
782,489580,AWA,7.99,"Action, Indie",http://store.steampowered.com/app/489580
798,339400,Runestone Keeper,9.99,"Casual, Indie, RPG, Strategy",http://store.steampowered.com/app/339400
798,415320,Runestone Keeper - Soundtrack,2.99,"Casual, Indie, RPG, Strategy",http://store.steampowered.com/app/415320
789,353370,Steam Controller,49.99,,http://store.steampowered.com/app/353370
789,353380,Steam Link,49.99,,http://store.steampowered.com/app/353380
647,278460,Skyborn,14.99,"Casual, RPG",http://store.steampowered.com/app/278460
647,285420,Deadly Sin 2,4.99,"Casual, RPG",http://store.steampowered.com/app/285420
647,354730,Deadly Sin,4.99,"Casual, RPG",http://store.steampowered.com/app/354730
647,354740,Echoes Of Aetheria,14.99,"Indie, RPG",http://store.steampowered.com/app/354740
383,8200,Sam & Max 101: Culture Shock,3.33,"Action, Adventure",http://store.steampowered.com/app/8200
383,8210,Sam & Max 102: Situation: Comedy,3.33,"Action, Adventure",http://store.steampowered.com/app/8210
383,8220,"Sam & Max 103: The Mole, the Mob and the Meatball",3.33,"Action, Adventure",http://store.steampowered.com/app/8220
383,8230,Sam & Max 104: Abe Lincoln Must Die!,3.33,"Action, Adventure",http://store.steampowered.com/app/8230
383,8240,Sam & Max 105: Reality 2.0,3.33,"Action, Adventure",http://store.steampowered.com/app/8240
383,8250,Sam & Max 106: Bright Side of the Moon,3.33,"Action, Adventure",http://store.steampowered.com/app/8250
383,8260,Sam & Max 201: Ice Station Santa,4.0,Adventure,http://store.steampowered.com/app/8260
383,8270,Sam & Max 202: Moai Better Blues,4.0,Adventure,http://store.steampowered.com/app/8270
383,8280,Sam & Max 203: Night of the Raving Dead,4.0,Adventure,http://store.steampowered.com/app/8280
383,8290,Sam & Max 204: Chariots of the Dogs,4.0,Adventure,http://store.steampowered.com/app/8290
383,8300,Sam & Max 205: What&#146;s New Beelzebub?,4.0,Adventure,http://store.steampowered.com/app/8300
383,8330,Telltale Texas Hold ‘Em,2.99,Casual,http://store.steampowered.com/app/8330
383,31270,Puzzle Agent,4.99,"Adventure, Casual",http://store.steampowered.com/app/31270
383,31280,Poker Night at the Inventory,4.99,"Casual, Sports",http://store.steampowered.com/app/31280
383,201830,Jurassic Park: The Game,19.99,Adventure,http://store.steampowered.com/app/201830
383,94620,Hector: Badge of Carnage - Full Series,6.66,"Adventure, Casual",http://store.steampowered.com/app/94620
383,94590,Puzzle Agent 2,9.99,"Adventure, Casual",http://store.steampowered.com/app/94590
383,207610,The Walking Dead,24.99,Adventure,http://store.steampowered.com/app/207610
383,234710,Poker Night 2,4.99,"Casual, Sports",http://store.steampowered.com/app/234710
383,207620,The Walking Dead: 400 Days,4.99,Adventure,http://store.steampowered.com/app/207620
383,250320,The Wolf Among Us,24.99,Adventure,http://store.steampowered.com/app/250320
383,261030,The Walking Dead: Season 2,24.99,Adventure,http://store.steampowered.com/app/261030
383,330830,Tales from the Borderlands,24.99,Adventure,http://store.steampowered.com/app/330830
383,330840,Game of Thrones - A Telltale Games Series,29.99,Adventure,http://store.steampowered.com/app/330840
383,376870,Minecraft: Story Mode - A Telltale Games Series,24.99,Adventure,http://store.steampowered.com/app/376870
383,429570,The Walking Dead: Michonne - A Telltale Miniseries,14.99,Adventure,http://store.steampowered.com/app/429570
383,456630,Minecraft: Story Mode - Adventure Pass,14.99,Adventure,http://store.steampowered.com/app/456630
383,31220,Sam & Max 301: The Penal Zone,4.0,"Action, Adventure",http://store.steampowered.com/app/31220
383,31230,Sam & Max 302: The Tomb of Sammun-Mak,4.0,Adventure,http://store.steampowered.com/app/31230
383,31240,Sam & Max 303: They Stole Max's Brain!,4.0,Adventure,http://store.steampowered.com/app/31240
383,31250,Sam & Max 304: Beyond the Alley of the Dolls,4.0,Adventure,http://store.steampowered.com/app/31250
383,31260,Sam & Max 305: The City That Dares Not Sleep,4.0,Adventure,http://store.steampowered.com/app/31260
383,31290,Back to the Future: The Game,4.0,Adventure,http://store.steampowered.com/app/31290
383,94500,Back to the Future: Ep 2 - Get Tannen!,4.0,,http://store.steampowered.com/app/94500
383,94510,Back to the Future: Ep 3 - Citizen Brown,4.0,,http://store.steampowered.com/app/94510
383,94520,Back to the Future: Ep 4 - Double Visions,4.0,,http://store.steampowered.com/app/94520
383,94530,Back to the Future: Ep 5 - OUTATIME,4.0,,http://store.steampowered.com/app/94530
383,94610,Hector: Episode 2,6.66,"Adventure, Casual",http://store.steampowered.com/app/94610
383,94620,Hector: Badge of Carnage - Full Series,6.66,"Adventure, Casual",http://store.steampowered.com/app/94620
383,8340,Strong Bad's Cool Game for Attractive People: Season 1,4.0,Adventure,http://store.steampowered.com/app/8340
383,8350,Strong Bad's Cool Game for Attractive People: Episode 2,4.0,Adventure,http://store.steampowered.com/app/8350
383,8360,Strong Bad's Cool Game for Attractive People: Episode 3,4.0,Adventure,http://store.steampowered.com/app/8360
383,8370,Strong Bad's Cool Game for Attractive People: Episode 4,4.0,Adventure,http://store.steampowered.com/app/8370
383,8380,Strong Bad's Cool Game for Attractive People: Episode 5,4.0,Adventure,http://store.steampowered.com/app/8380
383,31170,Tales of Monkey Island Complete Pack,4.0,Adventure,http://store.steampowered.com/app/31170
383,31180,Tales of Monkey Island Complete Pack: Chapter 2 - The Siege of Spinner Cay,4.0,Adventure,http://store.steampowered.com/app/31180
383,31190,Tales of Monkey Island Complete Pack: Chapter 3 - Lair of the Leviathan,4.0,Adventure,http://store.steampowered.com/app/31190
383,31200,Tales of Monkey Island Complete Pack: Chapter 4 - The Trial and Execution of Guybrush Threepwood,4.0,Adventure,http://store.steampowered.com/app/31200
383,31210,Tales of Monkey Island Complete Pack: Chapter 5 - Rise of the Pirate God,4.0,Adventure,http://store.steampowered.com/app/31210
695,460640,Breached,4.89,"Adventure, Indie",http://store.steampowered.com/app/460640
695,493130,Breached - Original Soundtrack,0.99,,http://store.steampowered.com/app/493130
695,493160,Breached - Bonus Content,0.99,,http://store.steampowered.com/app/493160
464,359810,Hare In The Hat,1.99,"Adventure, Indie",http://store.steampowered.com/app/359810
464,430020,Dance of Death,3.99,Adventure,http://store.steampowered.com/app/430020
464,456430,Christmas Adventure: Candy Storm,1.99,"Casual, Indie",http://store.steampowered.com/app/456430
464,460890,Hare In The Hat: The Abyss,0.99,"Adventure, Indie",http://store.steampowered.com/app/460890
464,476920,Amulet of Dreams,6.99,"Adventure, Casual, Indie",http://store.steampowered.com/app/476920
464,485690,Hope Lake,7.99,"Adventure, Casual, Indie",http://store.steampowered.com/app/485690
464,500870,Riddles Of The Past,6.99,"Casual, Indie",http://store.steampowered.com/app/500870
751,259740,Nightmares from the Deep: The Cursed Heart,9.99,"Adventure, Casual",http://store.steampowered.com/app/259740
751,279800,Grim Legends 2: Song of the Dark Swan,9.99,"Adventure, Casual",http://store.steampowered.com/app/279800
751,437420,The Secret Order 3: Ancient Times,9.99,"Adventure, Casual",http://store.steampowered.com/app/437420
751,458480,Mythic Wonders: The Philosopher's Stone,9.99,"Adventure, Casual",http://store.steampowered.com/app/458480
778,462730,Townopolis,3.99,"Casual, Indie, Simulation, Strategy",http://store.steampowered.com/app/462730
778,471170,Romopolis,3.99,"Casual, Indie, Simulation, Strategy",http://store.steampowered.com/app/471170
778,485080,Megapolis,3.99,"Casual, Indie, Simulation, Strategy",http://store.steampowered.com/app/485080
779,259550,Hero of the Kingdom,1.49,"Adventure, Casual, Indie, RPG",http://store.steampowered.com/app/259550
779,346560,Hero of the Kingdom II,7.99,"Adventure, Casual, Indie, RPG",http://store.steampowered.com/app/346560
780,232050,Eador. Masters of the Broken World,19.99,"Indie, Strategy",http://store.steampowered.com/app/232050
780,235660,Eador: Genesis,5.99,"Indie, Strategy",http://store.steampowered.com/app/235660
780,303730,Eador. Masters of the Broken World - Allied Forces,3.99,"Indie, Strategy",http://store.steampowered.com/app/303730
780,477730,Eador. Imperium,19.99,"Indie, RPG, Strategy, Early Access",http://store.steampowered.com/app/477730
749,284710,Abyss: The Wraiths of Eden,9.99,"Adventure, Casual",http://store.steampowered.com/app/284710
749,284730,Dark Arcana: The Carnival,9.99,"Adventure, Casual",http://store.steampowered.com/app/284730
749,369420,9 Clues 2: The Ward,9.99,"Adventure, Casual",http://store.steampowered.com/app/369420
749,458470,Grim Legends 3: The Dark City,9.99,"Adventure, Casual",http://store.steampowered.com/app/458470
752,284770,Enigmatis 2: The Mists of Ravenwood,9.99,"Adventure, Casual",http://store.steampowered.com/app/284770
752,284870,9 Clues: The Secret of Serpent Creek,9.99,"Adventure, Casual",http://store.steampowered.com/app/284870
752,284890,Left in the Dark: No One on Board,9.99,"Adventure, Casual",http://store.steampowered.com/app/284890
752,414660,Vampire Legends: The True Story of Kisilova,9.99,"Adventure, Casual",http://store.steampowered.com/app/414660
753,284810,Nightmares from the Deep 3: Davy Jones,9.99,"Adventure, Casual",http://store.steampowered.com/app/284810
753,284850,Grim Legends: The Forsaken Bride,9.99,Casual,http://store.steampowered.com/app/284850
753,403510,Fairy Tale Mysteries 2: The Beanstalk,9.99,"Adventure, Casual",http://store.steampowered.com/app/403510
753,406870,Eventide: Slavic Fable,9.99,"Adventure, Casual",http://store.steampowered.com/app/406870
727,20900,The Witcher: Enhanced Edition Director's Cut,9.99,"Action, RPG",http://store.steampowered.com/app/20900
727,20920,The Witcher 2: Assassins of Kings Enhanced Edition,19.99,RPG,http://store.steampowered.com/app/20920
727,292030,The Witcher® 3: Wild Hunt,39.99,RPG,http://store.steampowered.com/app/292030
770,299540,Heroes Rise: The Prodigy,2.99,"Indie, RPG",http://store.steampowered.com/app/299540
770,304290,Heroes Rise: The Hero Project,2.99,"Indie, RPG",http://store.steampowered.com/app/304290
770,304300,Heroes Rise: The Hero Project - Warning System,0.99,"Indie, RPG",http://store.steampowered.com/app/304300
770,304301,Heroes Rise: The Hero Project - Perfect Legend Guide,0.99,"Indie, RPG",http://store.steampowered.com/app/304301
770,305200,Heroes Rise: The Prodigy - Perfect Legend Guide,0.99,"Indie, RPG",http://store.steampowered.com/app/305200
770,312300,Heroes Rise: HeroFall,3.99,"Indie, RPG",http://store.steampowered.com/app/312300
770,313930,Heroes Rise: HeroFall - Warning System,0.99,"Indie, RPG",http://store.steampowered.com/app/313930
770,313931,Heroes Rise: HeroFall - Perfect Legend Guide,0.99,"Indie, RPG",http://store.steampowered.com/app/313931
770,313932,Heroes Rise: HeroFall - Ad Space,0.99,"Indie, RPG",http://store.steampowered.com/app/313932
770,318310,Choice of the Deathless,2.99,"Indie, RPG",http://store.steampowered.com/app/318310
770,318330,Mecha Ace,5.99,"Indie, RPG",http://store.steampowered.com/app/318330
770,328550,Thieves' Gambit: The Curse of the Black Cat,2.99,"Indie, RPG",http://store.steampowered.com/app/328550
770,339350,Choice of Robots,4.99,"Indie, RPG",http://store.steampowered.com/app/339350
770,339510,Psy High,3.99,"Indie, RPG",http://store.steampowered.com/app/339510
770,343370,SLAMMED!,3.99,"Indie, RPG",http://store.steampowered.com/app/343370
770,356000,The Hero of Kendrickstone,4.99,"Indie, RPG",http://store.steampowered.com/app/356000
770,356800,Choice of the Petal Throne,3.99,"Indie, RPG",http://store.steampowered.com/app/356800
770,365210,Hollywood Visionary,4.99,"Indie, RPG",http://store.steampowered.com/app/365210
770,386520,Champion of the Gods,4.99,"Indie, RPG",http://store.steampowered.com/app/386520
770,396230,VERSUS: The Lost Ones,3.99,"Indie, RPG",http://store.steampowered.com/app/396230
770,396250,VERSUS: The Lost Ones - WorningBird Hints,0.99,"Indie, RPG",http://store.steampowered.com/app/396250
770,397780,A Wise Use of Time,3.99,"Indie, RPG",http://store.steampowered.com/app/397780
770,406650,Ratings War,2.99,"Indie, RPG",http://store.steampowered.com/app/406650
770,410910,Deathless: The City's Thirst,3.99,"Indie, RPG",http://store.steampowered.com/app/410910
770,416640,Diabolical,3.99,"Indie, RPG",http://store.steampowered.com/app/416640
770,423320,Pendragon Rising,3.99,"Indie, RPG",http://store.steampowered.com/app/423320
770,423440,Choice of Kung Fu,3.99,"Indie, RPG",http://store.steampowered.com/app/423440
770,426330,MetaHuman Inc.,4.99,"Indie, RPG",http://store.steampowered.com/app/426330
770,428020,The ORPHEUS Ruse,3.99,"Indie, RPG",http://store.steampowered.com/app/428020
770,428040,Sixth Grade Detective,3.99,"Indie, RPG",http://store.steampowered.com/app/428040
770,443830,The Daring Mermaid Expedition,2.99,"Indie, RPG",http://store.steampowered.com/app/443830
770,459310,The Hero Project: Redemption Season,3.99,"Adventure, Indie, RPG",http://store.steampowered.com/app/459310
770,459330,The Hero Project: Redemption Season - MeChip Warning System,0.99,"Adventure, Indie, RPG",http://store.steampowered.com/app/459330
770,461650,It's Killing Time,4.99,"Adventure, Indie, RPG",http://store.steampowered.com/app/461650
770,463320,The Sea Eternal,3.99,"Adventure, Indie, RPG",http://store.steampowered.com/app/463320
770,466430,Choice of Alexandria,2.99,"Adventure, Indie, RPG",http://store.steampowered.com/app/466430
770,476490,Choice of the Pirate,3.99,"Adventure, Indie, RPG",http://store.steampowered.com/app/476490
770,492370,Affairs of the Court: Choice of Romance,5.99,"Adventure, Indie, RPG",http://store.steampowered.com/app/492370
770,492390,Affairs of the Court: Choice of Romance - Play as the Consort,0.99,"Adventure, Indie, RPG",http://store.steampowered.com/app/492390
770,492391,Affairs of the Court: Choice of Romance - A Life Mage Child,0.99,"Adventure, Indie, RPG",http://store.steampowered.com/app/492391
770,492392,Affairs of the Court: Choice of Romance - Death to the Princess,0.99,"Adventure, Indie, RPG",http://store.steampowered.com/app/492392
770,520150,A Midsummer Night's Choice,3.99,"Adventure, Indie, RPG",http://store.steampowered.com/app/520150
771,269790,DreadOut,14.99,"Adventure, Indie",http://store.steampowered.com/app/269790
771,298680,DreadOut Soundtrack & Manga DLC,5.99,"Adventure, Indie",http://store.steampowered.com/app/298680
771,418950,DreadOut: Keepers of The Dark,6.99,"Adventure, Indie",http://store.steampowered.com/app/418950
772,375130,Tin Star,4.99,"Indie, RPG",http://store.steampowered.com/app/375130
772,411570,Zombie Exodus,7.99,"Indie, RPG",http://store.steampowered.com/app/411570
772,421630,A Study in Steampunk: Choice by Gaslight,3.99,"Indie, RPG",http://store.steampowered.com/app/421630
772,423120,Community College Hero: Trial by Fire,3.99,"Indie, RPG",http://store.steampowered.com/app/423120
772,439750,The Lost Heir 2: Forging a Kingdom,3.99,"Indie, RPG",http://store.steampowered.com/app/439750
772,439770,The Lost Heir: The Fall of Daria,3.99,"Indie, RPG",http://store.steampowered.com/app/439770
772,446310,Sabres of Infinity,3.99,"Adventure, Indie, RPG",http://store.steampowered.com/app/446310
772,446330,Guns of Infinity,4.99,"Adventure, Indie, RPG",http://store.steampowered.com/app/446330
772,464380,Best of Us,3.99,"Adventure, Indie, RPG",http://store.steampowered.com/app/464380
772,517240,Machinations: Fog of War,3.99,"Adventure, Indie, RPG",http://store.steampowered.com/app/517240
773,446310,Sabres of Infinity,3.99,"Adventure, Indie, RPG",http://store.steampowered.com/app/446310
773,446330,Guns of Infinity,4.99,"Adventure, Indie, RPG",http://store.steampowered.com/app/446330
774,439750,The Lost Heir 2: Forging a Kingdom,3.99,"Indie, RPG",http://store.steampowered.com/app/439750
774,439770,The Lost Heir: The Fall of Daria,3.99,"Indie, RPG",http://store.steampowered.com/app/439770
775,318310,Choice of the Deathless,2.99,"Indie, RPG",http://store.steampowered.com/app/318310
775,410910,Deathless: The City's Thirst,3.99,"Indie, RPG",http://store.steampowered.com/app/410910
776,299540,Heroes Rise: The Prodigy,2.99,"Indie, RPG",http://store.steampowered.com/app/299540
776,304290,Heroes Rise: The Hero Project,2.99,"Indie, RPG",http://store.steampowered.com/app/304290
776,304300,Heroes Rise: The Hero Project - Warning System,0.99,"Indie, RPG",http://store.steampowered.com/app/304300
776,304301,Heroes Rise: The Hero Project - Perfect Legend Guide,0.99,"Indie, RPG",http://store.steampowered.com/app/304301
776,305200,Heroes Rise: The Prodigy - Perfect Legend Guide,0.99,"Indie, RPG",http://store.steampowered.com/app/305200
776,312300,Heroes Rise: HeroFall,3.99,"Indie, RPG",http://store.steampowered.com/app/312300
776,313930,Heroes Rise: HeroFall - Warning System,0.99,"Indie, RPG",http://store.steampowered.com/app/313930
776,313931,Heroes Rise: HeroFall - Perfect Legend Guide,0.99,"Indie, RPG",http://store.steampowered.com/app/313931
776,313932,Heroes Rise: HeroFall - Ad Space,0.99,"Indie, RPG",http://store.steampowered.com/app/313932
761,318310,Choice of the Deathless,2.99,"Indie, RPG",http://store.steampowered.com/app/318310
761,339510,Psy High,3.99,"Indie, RPG",http://store.steampowered.com/app/339510
761,397780,A Wise Use of Time,3.99,"Indie, RPG",http://store.steampowered.com/app/397780
761,410910,Deathless: The City's Thirst,3.99,"Indie, RPG",http://store.steampowered.com/app/410910
761,426330,MetaHuman Inc.,4.99,"Indie, RPG",http://store.steampowered.com/app/426330
761,428020,The ORPHEUS Ruse,3.99,"Indie, RPG",http://store.steampowered.com/app/428020
762,426330,MetaHuman Inc.,4.99,"Indie, RPG",http://store.steampowered.com/app/426330
762,428020,The ORPHEUS Ruse,3.99,"Indie, RPG",http://store.steampowered.com/app/428020
764,318330,Mecha Ace,5.99,"Indie, RPG",http://store.steampowered.com/app/318330
764,339350,Choice of Robots,4.99,"Indie, RPG",http://store.steampowered.com/app/339350
764,396230,VERSUS: The Lost Ones,3.99,"Indie, RPG",http://store.steampowered.com/app/396230
764,406650,Ratings War,2.99,"Indie, RPG",http://store.steampowered.com/app/406650
765,356000,The Hero of Kendrickstone,4.99,"Indie, RPG",http://store.steampowered.com/app/356000
765,356800,Choice of the Petal Throne,3.99,"Indie, RPG",http://store.steampowered.com/app/356800
765,386520,Champion of the Gods,4.99,"Indie, RPG",http://store.steampowered.com/app/386520
765,423320,Pendragon Rising,3.99,"Indie, RPG",http://store.steampowered.com/app/423320
765,423440,Choice of Kung Fu,3.99,"Indie, RPG",http://store.steampowered.com/app/423440
766,328550,Thieves' Gambit: The Curse of the Black Cat,2.99,"Indie, RPG",http://store.steampowered.com/app/328550
766,443830,The Daring Mermaid Expedition,2.99,"Indie, RPG",http://store.steampowered.com/app/443830
766,461650,It's Killing Time,4.99,"Adventure, Indie, RPG",http://store.steampowered.com/app/461650
766,476490,Choice of the Pirate,3.99,"Adventure, Indie, RPG",http://store.steampowered.com/app/476490
767,299540,Heroes Rise: The Prodigy,2.99,"Indie, RPG",http://store.steampowered.com/app/299540
767,304290,Heroes Rise: The Hero Project,2.99,"Indie, RPG",http://store.steampowered.com/app/304290
767,312300,Heroes Rise: HeroFall,3.99,"Indie, RPG",http://store.steampowered.com/app/312300
767,396230,VERSUS: The Lost Ones,3.99,"Indie, RPG",http://store.steampowered.com/app/396230
767,397780,A Wise Use of Time,3.99,"Indie, RPG",http://store.steampowered.com/app/397780
767,416640,Diabolical,3.99,"Indie, RPG",http://store.steampowered.com/app/416640
767,459310,The Hero Project: Redemption Season,3.99,"Adventure, Indie, RPG",http://store.steampowered.com/app/459310
768,318310,Choice of the Deathless,2.99,"Indie, RPG",http://store.steampowered.com/app/318310
768,339350,Choice of Robots,4.99,"Indie, RPG",http://store.steampowered.com/app/339350
768,343370,SLAMMED!,3.99,"Indie, RPG",http://store.steampowered.com/app/343370
768,365210,Hollywood Visionary,4.99,"Indie, RPG",http://store.steampowered.com/app/365210
768,410910,Deathless: The City's Thirst,3.99,"Indie, RPG",http://store.steampowered.com/app/410910
768,423320,Pendragon Rising,3.99,"Indie, RPG",http://store.steampowered.com/app/423320
768,463320,The Sea Eternal,3.99,"Adventure, Indie, RPG",http://store.steampowered.com/app/463320
769,318330,Mecha Ace,5.99,"Indie, RPG",http://store.steampowered.com/app/318330
769,356000,The Hero of Kendrickstone,4.99,"Indie, RPG",http://store.steampowered.com/app/356000
379,228280,Baldur's Gate: Enhanced Edition,19.99,"RPG, Strategy",http://store.steampowered.com/app/228280
379,257350,Baldur's Gate II: Enhanced Edition,19.99,"RPG, Strategy",http://store.steampowered.com/app/257350
379,385970,Baldur's Gate: Siege of Dragonspear,19.99,"RPG, Strategy",http://store.steampowered.com/app/385970
750,417610,Divergent,13.99,,http://store.steampowered.com/app/417610
750,417620,The Divergent Series: Insurgent,13.99,,http://store.steampowered.com/app/417620
750,469690,The Divergent Series: Allegiant,19.49,,http://store.steampowered.com/app/469690
758,427250,8-Bit Armies,14.99,"Indie, Simulation, Strategy",http://store.steampowered.com/app/427250
758,462170,8-Bit Armies - Soundtrack,3.99,"Simulation, Strategy",http://store.steampowered.com/app/462170
758,482420,8-Bit Armies - Guardians Campaign,3.99,"Indie, Simulation, Strategy",http://store.steampowered.com/app/482420
646,7020,Rogue Trooper,9.99,Action,http://store.steampowered.com/app/7020
646,3710,Judge Dredd: Dredd vs. Death,7.99,Action,http://store.steampowered.com/app/3710
646,3720,Evil Genius,9.99,Strategy,http://store.steampowered.com/app/3720
646,3700,Sniper Elite,9.99,Action,http://store.steampowered.com/app/3700
646,3730,Aliens versus Predator Classic 2000,4.99,Action,http://store.steampowered.com/app/3730
646,63380,Sniper Elite V2,29.99,Action,http://store.steampowered.com/app/63380
646,210561,Sniper Elite V2 - Kill Hitler + 2 Rifles,7.99,Action,http://store.steampowered.com/app/210561
646,63398,Sniper Elite V2 - The Neudorf Outpost Pack,4.99,Action,http://store.steampowered.com/app/63398
646,63399,Sniper Elite V2 - The Landwehr Canal Pack,4.99,Action,http://store.steampowered.com/app/63399
646,222021,Sniper Elite V2 - St. Pierre,4.99,Action,http://store.steampowered.com/app/222021
646,227100,Sniper Elite: Nazi Zombie Army,14.99,Action,http://store.steampowered.com/app/227100
646,254820,Ground Control Anthology,4.99,Strategy,http://store.steampowered.com/app/254820
646,254840,Ground Control II: Operation Exodus,4.99,Strategy,http://store.steampowered.com/app/254840
646,254860,Lords of the Realm III,4.99,"Simulation, Strategy",http://store.steampowered.com/app/254860
646,254880,MoonBase Commander,5.99,Strategy,http://store.steampowered.com/app/254880
646,254920,Lords of the Realm,1.99,Strategy,http://store.steampowered.com/app/254920
646,247910,Sniper Elite: Nazi Zombie Army 2,14.99,"Action, Adventure",http://store.steampowered.com/app/247910
646,281940,Woolfe - The Red Hood Diaries,9.99,"Action, Adventure, Indie",http://store.steampowered.com/app/281940
646,301640,Zombie Army Trilogy,44.99,Action,http://store.steampowered.com/app/301640
646,305180,Sniper Elite 3 - Target Hitler: Hunt the Grey Wolf,9.99,"Action, Adventure",http://store.steampowered.com/app/305180
646,305181,Sniper Elite 3 - Camouflage Weapons Pack,3.99,"Action, Adventure",http://store.steampowered.com/app/305181
646,305182,Sniper Elite 3 - Hunter Weapons Pack,3.99,"Action, Adventure",http://store.steampowered.com/app/305182
646,305183,Sniper Elite 3 - Patriot Weapons Pack,3.99,"Action, Adventure",http://store.steampowered.com/app/305183
646,305184,Sniper Elite 3 - Sniper Rifles Pack,3.99,"Action, Adventure",http://store.steampowered.com/app/305184
646,305185,Sniper Elite 3 - Axis Weapons Pack,3.99,"Action, Adventure",http://store.steampowered.com/app/305185
646,305186,Sniper Elite 3 - Eastern Front Weapons Pack,3.99,"Action, Adventure",http://store.steampowered.com/app/305186
646,305187,Sniper Elite 3 - Allied Reinforcements Outfit Pack,8.99,"Action, Adventure",http://store.steampowered.com/app/305187
646,238090,Sniper Elite 3,49.99,"Action, Adventure",http://store.steampowered.com/app/238090
646,312680,Sniper Elite 3 - Save Churchill Part 1: In Shadows,6.99,"Action, Adventure",http://store.steampowered.com/app/312680
646,312690,Sniper Elite 3 - Save Churchill Part 2: Belly of the Beast,6.99,"Action, Adventure",http://store.steampowered.com/app/312690
646,312740,Sniper Elite 3 - Save Churchill Part 3: Confrontation,6.99,"Action, Adventure",http://store.steampowered.com/app/312740
646,326430,Sniper Elite 3 - U.S. Camouflage Rifles Pack,1.99,"Action, Adventure",http://store.steampowered.com/app/326430
646,326431,Sniper Elite 3 - International Camouflage Rifles Pack,1.99,"Action, Adventure",http://store.steampowered.com/app/326431
646,397350,Lords of the Realm II,2.99,"RPG, Strategy",http://store.steampowered.com/app/397350
646,404040,Lords of Magic: Special Edition,4.99,"RPG, Strategy",http://store.steampowered.com/app/404040
746,259550,Hero of the Kingdom,1.49,"Adventure, Casual, Indie, RPG",http://store.steampowered.com/app/259550
746,317380,War on Folvos,3.99,"Indie, Strategy",http://store.steampowered.com/app/317380
746,346560,Hero of the Kingdom II,7.99,"Adventure, Casual, Indie, RPG",http://store.steampowered.com/app/346560
746,436140,Empire of the Gods,1.99,"Casual, Indie, Strategy",http://store.steampowered.com/app/436140
746,462730,Townopolis,3.99,"Casual, Indie, Simulation, Strategy",http://store.steampowered.com/app/462730
746,471170,Romopolis,3.99,"Casual, Indie, Simulation, Strategy",http://store.steampowered.com/app/471170
746,485080,Megapolis,3.99,"Casual, Indie, Simulation, Strategy",http://store.steampowered.com/app/485080
690,2500,Shadowgrounds,6.99,Action,http://store.steampowered.com/app/2500
690,11200,Shadowgrounds Survivor,9.99,Action,http://store.steampowered.com/app/11200
690,35700,Trine Enchanted Edition,14.99,"Action, Adventure, Indie",http://store.steampowered.com/app/35700
690,35720,Trine 2: Complete Story,19.99,"Action, Adventure, Indie",http://store.steampowered.com/app/35720
690,319910,Trine 3: The Artifacts of Power,21.99,"Action, Adventure, Indie",http://store.steampowered.com/app/319910
690,425210,Shadwen,16.99,"Action, Adventure",http://store.steampowered.com/app/425210
712,8990,Borderlands: The Zombie Island of Dr. Ned,9.99,"Action, RPG",http://store.steampowered.com/app/8990
712,40940,Borderlands: Mad Moxxi's Underdome Riot,9.99,"Action, RPG",http://store.steampowered.com/app/40940
712,50110,Borderlands: The Secret Armory of General Knoxx,9.99,"Action, RPG",http://store.steampowered.com/app/50110
712,65920,Borderlands: Claptrap's Robot Revolution,9.99,"Action, RPG",http://store.steampowered.com/app/65920
712,8980,Borderlands,19.99,"Action, RPG",http://store.steampowered.com/app/8980
712,49520,Borderlands 2,19.99,"Action, RPG",http://store.steampowered.com/app/49520
712,261640,Borderlands: The Pre-Sequel,39.99,"Action, RPG",http://store.steampowered.com/app/261640
712,330830,Tales from the Borderlands,24.99,Adventure,http://store.steampowered.com/app/330830
724,348340,Siege Wars,1.99,"Casual, Indie",http://store.steampowered.com/app/348340
724,448560,Mind Games,2.99,Indie,http://store.steampowered.com/app/448560
724,464230,Colours of Magic: Aqua Teeter,0.99,"Casual, Indie",http://store.steampowered.com/app/464230
736,420740,The Deed,0.99,"Adventure, RPG",http://store.steampowered.com/app/420740
736,429470,Space Pilgrim Episode I: Alpha Centauri,0.49,"Adventure, Indie",http://store.steampowered.com/app/429470
736,431710,Space Pilgrim Episode II: Epsilon Indi,1.99,"Adventure, Indie",http://store.steampowered.com/app/431710
736,439250,Space Pilgrim Episode III: Delta Pavonis,1.99,"Adventure, Indie",http://store.steampowered.com/app/439250
736,446640,Space Pilgrim Episode IV: Sol,1.99,"Adventure, Indie",http://store.steampowered.com/app/446640
736,460960,The Deed: Dynasty,2.99,"Adventure, Indie, RPG",http://store.steampowered.com/app/460960
734,470240,DEMIAN,1.99,,http://store.steampowered.com/app/470240
734,470250,Break Ups,1.99,,http://store.steampowered.com/app/470250
664,2540,RIP - Trilogy™,4.99,"Indie, Casual",http://store.steampowered.com/app/2540
664,11340,Larva Mortus,4.99,"Action, Indie",http://store.steampowered.com/app/11340
664,11390,Crash Time 2,9.99,"Action, Racing",http://store.steampowered.com/app/11390
664,46520,Wasteland Angel,9.99,"Action, Indie",http://store.steampowered.com/app/46520
664,371510,Gunnheim,9.99,"Action, Indie",http://store.steampowered.com/app/371510
665,11330,Obulis,4.99,"Casual, Indie",http://store.steampowered.com/app/11330
665,11360,Chains,4.99,Indie,http://store.steampowered.com/app/11360
665,321920,Schein,8.99,"Action, Adventure, Indie",http://store.steampowered.com/app/321920
665,335080,Biology Battle,4.99,"Action, Casual, Indie, Strategy",http://store.steampowered.com/app/335080
665,345130,Dark Matter,4.99,"Action, Casual, Indie",http://store.steampowered.com/app/345130
682,408270,War for the Overworld - Jack O'Worker Skin,0.99,"Indie, Strategy",http://store.steampowered.com/app/408270
682,410410,War for the Overworld - Santa Worker Skin,0.99,"Indie, Strategy",http://store.steampowered.com/app/410410
682,488170,War for the Overworld - Aloha Worker Skin,0.99,"Indie, Strategy",http://store.steampowered.com/app/488170
721,35700,Trine Enchanted Edition,14.99,"Action, Adventure, Indie",http://store.steampowered.com/app/35700
721,35720,Trine 2: Complete Story,19.99,"Action, Adventure, Indie",http://store.steampowered.com/app/35720
721,319910,Trine 3: The Artifacts of Power,21.99,"Action, Adventure, Indie",http://store.steampowered.com/app/319910
729,279560,Dracula 4 and  5 - Special Steam Edition,7.99,Adventure,http://store.steampowered.com/app/279560
729,289800,Dracula: The Resurrection,4.99,"Adventure, Casual",http://store.steampowered.com/app/289800
729,289820,Dracula 2: The Last Sanctuary,4.99,"Adventure, Casual",http://store.steampowered.com/app/289820
729,289840,Dracula 3: The Path of the Dragon,7.99,"Adventure, Casual",http://store.steampowered.com/app/289840
394,371120,Discouraged Workers,14.99,"Adventure, Indie",http://store.steampowered.com/app/371120
394,375160,Discouraged Workers - Original Sound Track,4.99,Indie,http://store.steampowered.com/app/375160
394,382390,Discouraged Workers - Digital Art Book,2.99,Indie,http://store.steampowered.com/app/382390
394,384650,Discouraged Workers - Digital Concept Book,0.99,Indie,http://store.steampowered.com/app/384650
725,427780,PERFECT ANGLE: The puzzle game based on optical illusions,6.99,"Adventure, Casual, Indie, Strategy",http://store.steampowered.com/app/427780
725,487620,Perfect Angle VR - Zen edition,4.99,"Casual, Indie, Simulation, Strategy",http://store.steampowered.com/app/487620
429,257990,Oozi: Earth Adventure,4.99,"Casual, Indie",http://store.steampowered.com/app/257990
429,270550,Yet Another Zombie Defense,2.99,"Action, Indie, Strategy",http://store.steampowered.com/app/270550
429,307230,"I, Zombie",1.99,"Casual, Indie, Strategy",http://store.steampowered.com/app/307230
656,358090,D4: Dark Dreams Don’t Die -Season One-,14.99,"Adventure, Casual, Indie",http://store.steampowered.com/app/358090
656,368060,D4: SWERY's Choice Costume Set -4 Cups of Coffee-,0.99,,http://store.steampowered.com/app/368060
656,368061,D4: SWERY's Choice Costume Set -4 Bottles of Tequila-,0.99,,http://store.steampowered.com/app/368061
656,372510,D4: Mini Soundtrack,3.99,"Adventure, Casual, Indie",http://store.steampowered.com/app/372510
656,372511,D4: Special Art Book,4.99,"Adventure, Casual, Indie",http://store.steampowered.com/app/372511
656,372512,D4: Season One Voice Over Script,4.99,"Adventure, Casual, Indie",http://store.steampowered.com/app/372512
656,373560,D4: Special Costume Set -12 Beers-,2.99,"Adventure, Casual, Indie",http://store.steampowered.com/app/373560
656,380910,D4: In Game Document Full Unlock Key,0.99,"Adventure, Casual, Indie",http://store.steampowered.com/app/380910
656,384220,D4: David's Costume Full Unlock Key,1.99,"Adventure, Casual, Indie",http://store.steampowered.com/app/384220
656,384221,D4: Forrest's Costume Full Unlock Key,0.99,"Adventure, Casual, Indie",http://store.steampowered.com/app/384221
656,384222,D4: Amanda's Costume Full Unlock Key,0.99,"Adventure, Casual, Indie",http://store.steampowered.com/app/384222
656,384223,D4: Olivia's Costume Full Unlock Key,0.99,"Adventure, Casual, Indie",http://store.steampowered.com/app/384223
656,384224,D4: David's Beard Full Unlock Key,1.99,"Adventure, Casual, Indie",http://store.steampowered.com/app/384224
656,384225,D4: Hand Cursor Set　Vol.1,2.99,"Adventure, Casual, Indie",http://store.steampowered.com/app/384225
656,384226,D4: Hand Cursor Set　Vol.2,2.99,"Adventure, Casual, Indie",http://store.steampowered.com/app/384226
656,384227,D4: Hand Cursor Set　Vol.3,2.99,"Adventure, Casual, Indie",http://store.steampowered.com/app/384227
718,433910,Neon Drive,9.99,"Action, Indie",http://store.steampowered.com/app/433910
718,487240,Neon Drive - Soundtrack,7.99,,http://store.steampowered.com/app/487240
459,388440,Big Journey to Home,4.99,"Indie, RPG, Strategy",http://store.steampowered.com/app/388440
459,390630,Big Journey to Home - Official Soundtrack,0.99,"Indie, RPG, Strategy",http://store.steampowered.com/app/390630
459,439710,Big Journey to Home - Collection of Builds,0.99,"Indie, RPG, Strategy",http://store.steampowered.com/app/439710
459,447990,Spectrubes,1.99,"Adventure, Indie",http://store.steampowered.com/app/447990
670,391740,Blaster Shooter GunGuy!,1.99,"Action, Adventure, Indie",http://store.steampowered.com/app/391740
670,473450,The Narrator Is a DICK,4.99,"Adventure, Indie",http://store.steampowered.com/app/473450
572,7670,BioShock™,19.99,"Action, RPG",http://store.steampowered.com/app/7670
572,8870,BioShock Infinite,29.99,Action,http://store.steampowered.com/app/8870
572,8850,BioShock® 2,19.99,Action,http://store.steampowered.com/app/8850
574,3910,Sid Meier's Civilization® III Complete,4.99,Strategy,http://store.steampowered.com/app/3910
574,"3900,3990,8800,16810",Sid Meier's Civilization IV: The Complete Edition,29.99,Strategy,"http://store.steampowered.com/app/3900,3990,8800,16810"
574,8930,Sid Meier's Civilization® V,29.99,Strategy,http://store.steampowered.com/app/8930
574,65980,Sid Meier's Civilization®: Beyond Earth™,39.99,Strategy,http://store.steampowered.com/app/65980
574,353830,Sid Meier's Civilization: Beyond Earth - Rising Tide,29.99,Strategy,http://store.steampowered.com/app/353830
512,408440,Dream Factory,1.49,"Indie, Simulation, Strategy, Early Access",http://store.steampowered.com/app/408440
512,415080,Cyber Team Manager,0.79,"Casual, Indie, Simulation, Sports, Early Access",http://store.steampowered.com/app/415080
710,313740,Sakura Spirit,9.99,Indie,http://store.steampowered.com/app/313740
710,342380,Sakura Angels,9.99,"Casual, Indie",http://store.steampowered.com/app/342380
710,375200,Sakura Fantasy Chapter 1,9.99,"Casual, Indie",http://store.steampowered.com/app/375200
710,377680,Sakura Beach,9.99,"Indie, Simulation",http://store.steampowered.com/app/377680
710,402180,Sakura Swim Club,9.99,"Casual, Indie",http://store.steampowered.com/app/402180
710,407330,Sakura Dungeon,19.99,"Adventure, Indie, RPG",http://store.steampowered.com/app/407330
710,407980,Sakura Beach 2,9.99,"Casual, Indie",http://store.steampowered.com/app/407980
710,421700,Sakura Santa,9.99,"Adventure, Casual",http://store.steampowered.com/app/421700
710,517000,Sakura Shrine Girls,9.99,"Casual, Indie",http://store.steampowered.com/app/517000
683,286570,F1 2015,54.99,"Racing, Sports",http://store.steampowered.com/app/286570
683,391040,F1 2016,59.99,"Racing, Simulation, Sports",http://store.steampowered.com/app/391040
608,372940,Lost Lands: The Four Horsemen,6.99,"Adventure, Casual",http://store.steampowered.com/app/372940
608,377450,Lost Lands: Dark Overlord,6.99,"Adventure, Casual",http://store.steampowered.com/app/377450
608,433000,Lost Lands: The Golden Curse,6.99,"Adventure, Casual",http://store.steampowered.com/app/433000
655,391360,Bass Fighter Pack,24.99,"Free to Play, Massively Multiplayer, Simulation, Sports",http://store.steampowered.com/app/391360
655,391370,Trout Pioneer Pack,34.99,"Free to Play, Massively Multiplayer, Simulation, Sports",http://store.steampowered.com/app/391370
655,413070,Predator Hunter Pack,49.99,"Free to Play, Massively Multiplayer, Simulation, Sports",http://store.steampowered.com/app/413070
655,423361,Ultralight DLC Pack,14.99,"Free to Play, Massively Multiplayer, Simulation, Sports",http://store.steampowered.com/app/423361
655,423362,Heavy Float Pack,49.99,"Free to Play, Massively Multiplayer, Simulation, Sports",http://store.steampowered.com/app/423362
655,423363,Sport Heavy Casting Pack,4.99,"Free to Play, Massively Multiplayer, Simulation, Sports",http://store.steampowered.com/app/423363
655,423364,Sport Casting Bass Pack,4.99,"Free to Play, Massively Multiplayer, Simulation, Sports",http://store.steampowered.com/app/423364
655,423365,Sport Spinning Trout Pack,4.99,"Free to Play, Massively Multiplayer, Simulation, Sports",http://store.steampowered.com/app/423365
655,423366,Sport Float Pack,4.99,"Free to Play, Massively Multiplayer, Simulation, Sports",http://store.steampowered.com/app/423366
655,423367,Sport Outfit DLC,9.99,"Free to Play, Massively Multiplayer, Simulation, Sports",http://store.steampowered.com/app/423367
655,423368,Sport Ultralight Panfish Pack,4.99,"Free to Play, Massively Multiplayer, Simulation, Sports",http://store.steampowered.com/app/423368
631,447970,Envoy,4.99,"Action, Casual, Indie, Simulation",http://store.steampowered.com/app/447970
631,448940,Envoy 2,0.49,"Adventure, Indie, Simulation",http://store.steampowered.com/app/448940
696,444180,Techwars Online,9.99,"Action, Indie, Massively Multiplayer, Strategy",http://store.steampowered.com/app/444180
696,456250,Techwars online - Original Soundtrack,0.99,"Action, Indie, Massively Multiplayer, Strategy",http://store.steampowered.com/app/456250
696,458800,Techwars online - Art book,0.99,"Action, Indie, Massively Multiplayer, Strategy",http://store.steampowered.com/app/458800
570,478030,Zaccaria Pinball - Locomotion Table,1.99,"Casual, Simulation, Sports",http://store.steampowered.com/app/478030
570,478031,Zaccaria Pinball - Devil Riders Table,1.99,"Casual, Free to Play, Simulation, Sports",http://store.steampowered.com/app/478031
570,478032,Zaccaria Pinball - Pinball Champ Table Pack,1.99,"Casual, Free to Play, Simulation, Sports",http://store.steampowered.com/app/478032
570,478033,Zaccaria Pinball - Farfalla Table,1.99,"Casual, Free to Play, Simulation, Sports",http://store.steampowered.com/app/478033
570,478034,Zaccaria Pinball - Blackbelt Table,1.99,"Casual, Free to Play, Simulation, Sports",http://store.steampowered.com/app/478034
570,478035,Zaccaria Pinball - Robot Table,1.99,"Casual, Free to Play, Simulation, Sports",http://store.steampowered.com/app/478035
570,478036,Zaccaria Pinball - Hot Wheels Table,1.99,"Casual, Free to Play, Simulation, Sports",http://store.steampowered.com/app/478036
570,478037,Zaccaria Pinball - Soccer Kings Table,1.99,"Casual, Free to Play, Simulation, Sports",http://store.steampowered.com/app/478037
570,478038,Zaccaria Pinball - Shooting The Rapids Table,1.99,"Casual, Free to Play, Simulation, Sports",http://store.steampowered.com/app/478038
570,478039,Zaccaria Pinball - Star God Table,1.99,"Casual, Free to Play, Simulation, Sports",http://store.steampowered.com/app/478039
570,478040,Zaccaria Pinball - Magic Castle Table,1.99,"Casual, Free to Play, Simulation, Sports",http://store.steampowered.com/app/478040
570,478041,Zaccaria Pinball - Earth Wind Fire Table,1.99,"Casual, Free to Play, Simulation, Sports",http://store.steampowered.com/app/478041
570,478042,Zaccaria Pinball - Clown Table,1.99,"Casual, Free to Play, Simulation, Sports",http://store.steampowered.com/app/478042
570,478043,Zaccaria Pinball - Future World Table,1.99,"Casual, Free to Play, Simulation, Sports",http://store.steampowered.com/app/478043
570,478044,Zaccaria Pinball - Space Shuttle Table,1.99,"Casual, Free to Play, Simulation, Sports",http://store.steampowered.com/app/478044
570,478045,Zaccaria Pinball - Fire Mountain Table,1.99,"Casual, Free to Play, Simulation, Sports",http://store.steampowered.com/app/478045
570,478046,Zaccaria Pinball - Winter Sports Table,1.99,"Casual, Free to Play, Simulation, Sports",http://store.steampowered.com/app/478046
570,478047,Zaccaria Pinball - Zankor Table,1.99,"Casual, Free to Play, Simulation, Sports",http://store.steampowered.com/app/478047
570,478048,Zaccaria Pinball - Pool Champion Table,1.99,"Casual, Free to Play, Simulation, Sports",http://store.steampowered.com/app/478048
570,478049,Zaccaria Pinball - Mexico '86 Table,1.99,"Casual, Free to Play, Simulation, Sports",http://store.steampowered.com/app/478049
570,478050,Zaccaria Pinball - House of Diamonds Table,1.99,"Casual, Free to Play, Simulation, Sports",http://store.steampowered.com/app/478050
570,478051,Zaccaria Pinball - Mystic Star Table,1.99,"Casual, Free to Play, Simulation, Sports",http://store.steampowered.com/app/478051
570,478052,Zaccaria Pinball - Spooky Table,1.99,"Casual, Free to Play, Simulation, Sports",http://store.steampowered.com/app/478052
570,478053,Zaccaria Pinball - Star's Phoenix Table,1.99,"Casual, Free to Play, Simulation, Sports",http://store.steampowered.com/app/478053
570,478054,Zaccaria Pinball - Strike Table,1.99,"Casual, Free to Play, Simulation, Sports",http://store.steampowered.com/app/478054
570,478055,Zaccaria Pinball - Aerobatics Table,1.99,"Casual, Free to Play, Simulation, Sports",http://store.steampowered.com/app/478055
570,478056,Zaccaria Pinball - Circus Table,1.99,"Casual, Free to Play, Simulation, Sports",http://store.steampowered.com/app/478056
570,478057,Zaccaria Pinball - Combat Table,1.99,"Casual, Free to Play, Simulation, Sports",http://store.steampowered.com/app/478057
570,478058,Zaccaria Pinball - Moon Flight Table,1.99,"Casual, Free to Play, Simulation, Sports",http://store.steampowered.com/app/478058
570,485140,Zaccaria Pinball - Lucky Fruit Table,1.99,"Casual, Free to Play, Simulation, Sports",http://store.steampowered.com/app/485140
570,485141,Zaccaria Pinball - Universe Table,1.99,"Casual, Free to Play, Simulation, Sports",http://store.steampowered.com/app/485141
570,485142,Zaccaria Pinball - Supersonic Table,1.99,"Casual, Free to Play, Simulation, Sports",http://store.steampowered.com/app/485142
570,485143,Zaccaria Pinball - Cine Star Table,1.99,"Casual, Free to Play, Simulation, Sports",http://store.steampowered.com/app/485143
570,485144,Zaccaria Pinball - Wood's Queen Table,1.99,"Casual, Free to Play, Simulation, Sports",http://store.steampowered.com/app/485144
570,485145,Zaccaria Pinball - Nautilus Table,1.99,"Casual, Free to Play, Simulation, Sports",http://store.steampowered.com/app/485145
570,485146,Zaccaria Pinball - Red Show Table,1.99,"Casual, Free to Play, Simulation, Sports",http://store.steampowered.com/app/485146
570,486190,Zaccaria Pinball - Bronze Membership,9.99,"Casual, Free to Play, Simulation, Sports",http://store.steampowered.com/app/486190
649,471640,.EXE,5.99,"Action, Adventure, Indie",http://store.steampowered.com/app/471640
649,489990,.EXE - OST,5.99,"Action, Adventure, Indie",http://store.steampowered.com/app/489990
440,478030,Zaccaria Pinball - Locomotion Table,1.99,"Casual, Simulation, Sports",http://store.steampowered.com/app/478030
440,478031,Zaccaria Pinball - Devil Riders Table,1.99,"Casual, Free to Play, Simulation, Sports",http://store.steampowered.com/app/478031
440,478032,Zaccaria Pinball - Pinball Champ Table Pack,1.99,"Casual, Free to Play, Simulation, Sports",http://store.steampowered.com/app/478032
440,478033,Zaccaria Pinball - Farfalla Table,1.99,"Casual, Free to Play, Simulation, Sports",http://store.steampowered.com/app/478033
440,478034,Zaccaria Pinball - Blackbelt Table,1.99,"Casual, Free to Play, Simulation, Sports",http://store.steampowered.com/app/478034
440,478035,Zaccaria Pinball - Robot Table,1.99,"Casual, Free to Play, Simulation, Sports",http://store.steampowered.com/app/478035
440,478036,Zaccaria Pinball - Hot Wheels Table,1.99,"Casual, Free to Play, Simulation, Sports",http://store.steampowered.com/app/478036
440,478037,Zaccaria Pinball - Soccer Kings Table,1.99,"Casual, Free to Play, Simulation, Sports",http://store.steampowered.com/app/478037
440,478038,Zaccaria Pinball - Shooting The Rapids Table,1.99,"Casual, Free to Play, Simulation, Sports",http://store.steampowered.com/app/478038
440,478039,Zaccaria Pinball - Star God Table,1.99,"Casual, Free to Play, Simulation, Sports",http://store.steampowered.com/app/478039
440,478040,Zaccaria Pinball - Magic Castle Table,1.99,"Casual, Free to Play, Simulation, Sports",http://store.steampowered.com/app/478040
440,478041,Zaccaria Pinball - Earth Wind Fire Table,1.99,"Casual, Free to Play, Simulation, Sports",http://store.steampowered.com/app/478041
440,478042,Zaccaria Pinball - Clown Table,1.99,"Casual, Free to Play, Simulation, Sports",http://store.steampowered.com/app/478042
440,478043,Zaccaria Pinball - Future World Table,1.99,"Casual, Free to Play, Simulation, Sports",http://store.steampowered.com/app/478043
440,478044,Zaccaria Pinball - Space Shuttle Table,1.99,"Casual, Free to Play, Simulation, Sports",http://store.steampowered.com/app/478044
440,478045,Zaccaria Pinball - Fire Mountain Table,1.99,"Casual, Free to Play, Simulation, Sports",http://store.steampowered.com/app/478045
440,478046,Zaccaria Pinball - Winter Sports Table,1.99,"Casual, Free to Play, Simulation, Sports",http://store.steampowered.com/app/478046
440,478047,Zaccaria Pinball - Zankor Table,1.99,"Casual, Free to Play, Simulation, Sports",http://store.steampowered.com/app/478047
440,478048,Zaccaria Pinball - Pool Champion Table,1.99,"Casual, Free to Play, Simulation, Sports",http://store.steampowered.com/app/478048
440,478049,Zaccaria Pinball - Mexico '86 Table,1.99,"Casual, Free to Play, Simulation, Sports",http://store.steampowered.com/app/478049
440,478050,Zaccaria Pinball - House of Diamonds Table,1.99,"Casual, Free to Play, Simulation, Sports",http://store.steampowered.com/app/478050
440,478051,Zaccaria Pinball - Mystic Star Table,1.99,"Casual, Free to Play, Simulation, Sports",http://store.steampowered.com/app/478051
440,478052,Zaccaria Pinball - Spooky Table,1.99,"Casual, Free to Play, Simulation, Sports",http://store.steampowered.com/app/478052
440,478053,Zaccaria Pinball - Star's Phoenix Table,1.99,"Casual, Free to Play, Simulation, Sports",http://store.steampowered.com/app/478053
440,478054,Zaccaria Pinball - Strike Table,1.99,"Casual, Free to Play, Simulation, Sports",http://store.steampowered.com/app/478054
440,478055,Zaccaria Pinball - Aerobatics Table,1.99,"Casual, Free to Play, Simulation, Sports",http://store.steampowered.com/app/478055
440,478056,Zaccaria Pinball - Circus Table,1.99,"Casual, Free to Play, Simulation, Sports",http://store.steampowered.com/app/478056
440,478057,Zaccaria Pinball - Combat Table,1.99,"Casual, Free to Play, Simulation, Sports",http://store.steampowered.com/app/478057
440,478058,Zaccaria Pinball - Moon Flight Table,1.99,"Casual, Free to Play, Simulation, Sports",http://store.steampowered.com/app/478058
440,485140,Zaccaria Pinball - Lucky Fruit Table,1.99,"Casual, Free to Play, Simulation, Sports",http://store.steampowered.com/app/485140
440,485141,Zaccaria Pinball - Universe Table,1.99,"Casual, Free to Play, Simulation, Sports",http://store.steampowered.com/app/485141
440,485142,Zaccaria Pinball - Supersonic Table,1.99,"Casual, Free to Play, Simulation, Sports",http://store.steampowered.com/app/485142
440,485143,Zaccaria Pinball - Cine Star Table,1.99,"Casual, Free to Play, Simulation, Sports",http://store.steampowered.com/app/485143
440,485144,Zaccaria Pinball - Wood's Queen Table,1.99,"Casual, Free to Play, Simulation, Sports",http://store.steampowered.com/app/485144
440,485145,Zaccaria Pinball - Nautilus Table,1.99,"Casual, Free to Play, Simulation, Sports",http://store.steampowered.com/app/485145
440,485146,Zaccaria Pinball - Red Show Table,1.99,"Casual, Free to Play, Simulation, Sports",http://store.steampowered.com/app/485146
689,340730,Sunrider Academy,9.99,"Casual, Indie, Simulation",http://store.steampowered.com/app/340730
689,358750,Sunrider: Liberation Day - Captain's Edition,24.99,"Indie, RPG, Simulation, Strategy",http://store.steampowered.com/app/358750
689,451290,Sunrider: Liberation Day - Theme Song,4.99,"Indie, RPG, Simulation, Strategy",http://store.steampowered.com/app/451290
546,241790,Z3TA+ 2,99.99,Audio Production,http://store.steampowered.com/app/241790
546,380080,SONAR Steam Edition,99.99,Audio Production,http://store.steampowered.com/app/380080
680,269330,Chronology,4.99,"Adventure, Indie",http://store.steampowered.com/app/269330
680,308040,Back to Bed,5.99,"Action, Casual, Indie",http://store.steampowered.com/app/308040
663,2540,RIP - Trilogy™,4.99,"Indie, Casual",http://store.steampowered.com/app/2540
663,19200,Tank Universal,4.99,"Action, Indie",http://store.steampowered.com/app/19200
663,11240,Space Trader: Merchant Marine,4.99,"Strategy, Indie, Action",http://store.steampowered.com/app/11240
663,11340,Larva Mortus,4.99,"Action, Indie",http://store.steampowered.com/app/11340
663,11330,Obulis,4.99,"Casual, Indie",http://store.steampowered.com/app/11330
663,11360,Chains,4.99,Indie,http://store.steampowered.com/app/11360
663,11370,Nikopol: Secrets of the Immortals,4.99,Adventure,http://store.steampowered.com/app/11370
663,11390,Crash Time 2,9.99,"Action, Racing",http://store.steampowered.com/app/11390
663,46410,Avencast: Rise of the Mage,0.99,"Action, RPG",http://store.steampowered.com/app/46410
663,46520,Wasteland Angel,9.99,"Action, Indie",http://store.steampowered.com/app/46520
663,223313,Frontline Tactics - Sniper,5.99,"Action, Free to Play, Strategy",http://store.steampowered.com/app/223313
663,223314,Frontline Tactics - Close Quater Combat Soldier,5.99,"Action, Free to Play, Strategy",http://store.steampowered.com/app/223314
663,223315,Frontline Tactics - Medic,5.99,"Action, Free to Play, Strategy",http://store.steampowered.com/app/223315
663,223318,Frontline Tactics - Desert Camouflage,0.99,"Action, Free to Play, Strategy",http://store.steampowered.com/app/223318
663,223316,Frontline Tactics - Woodland Camouflage,0.99,"Action, Free to Play, Strategy",http://store.steampowered.com/app/223316
663,223317,Frontline Tactics - Ninja Camouflage,0.99,"Action, Free to Play, Strategy",http://store.steampowered.com/app/223317
663,223319,Frontline Tactics - Snow Camouflage,0.99,"Action, Free to Play, Strategy",http://store.steampowered.com/app/223319
663,223320,Frontline Tactics - Tiger Camouflage,0.99,"Action, Free to Play, Strategy",http://store.steampowered.com/app/223320
663,223321,Frontline Tactics - Golden Guns,0.99,"Action, Free to Play, Strategy",http://store.steampowered.com/app/223321
663,298140,Rhiannon: Curse of the Four Branches,5.99,"Adventure, Indie",http://store.steampowered.com/app/298140
663,312960,Starion Tactics,9.99,"Action, Indie, Strategy",http://store.steampowered.com/app/312960
663,315260,Space Hack,4.99,"Action, Indie",http://store.steampowered.com/app/315260
663,321920,Schein,8.99,"Action, Adventure, Indie",http://store.steampowered.com/app/321920
663,335080,Biology Battle,4.99,"Action, Casual, Indie, Strategy",http://store.steampowered.com/app/335080
663,345130,Dark Matter,4.99,"Action, Casual, Indie",http://store.steampowered.com/app/345130
663,352520,The Silent Age,9.99,"Adventure, Casual, Indie",http://store.steampowered.com/app/352520
663,355590,Hektor - Official Soundtrack,5.99,"Action, Adventure, Indie",http://store.steampowered.com/app/355590
663,371510,Gunnheim,9.99,"Action, Indie",http://store.steampowered.com/app/371510
662,451570,Demetrios - The BIG Cynical Adventure,9.99,"Adventure, Indie",http://store.steampowered.com/app/451570
662,481490,Demetrios - Original Soundtrack,1.99,"Adventure, Indie",http://store.steampowered.com/app/481490
662,489780,Demetrios - Artbook,1.99,"Adventure, Indie",http://store.steampowered.com/app/489780
474,418120,Cally's Caves 3,6.99,"Action, Adventure, Indie, RPG",http://store.steampowered.com/app/418120
474,422120,Cally's Caves 3 - Soundtrack,2.99,"Action, Adventure, Indie, RPG",http://store.steampowered.com/app/422120
474,476510,Cally's Trials,6.99,"Action, Adventure, Indie",http://store.steampowered.com/app/476510
474,482410,Cally's Trials - OST,2.99,Indie,http://store.steampowered.com/app/482410
628,269570,GTGD S1: More Than a Gamer,0.99,"Education, Software Training",http://store.steampowered.com/app/269570
628,292350,GTGD S2: Just One Dev,0.99,"Education, Software Training",http://store.steampowered.com/app/292350
628,337220,Guild Commander,4.99,"Indie, Simulation, Strategy",http://store.steampowered.com/app/337220
628,415000,GTGD S3 How To Make A Game,7.99,"Education, Software Training",http://store.steampowered.com/app/415000
634,348020,Bloodbath Kavkaz,7.49,"Action, Adventure, Indie",http://store.steampowered.com/app/348020
634,354260,Bloodbath Kavkaz - Soundtrack,3.99,"Action, Adventure, Indie",http://store.steampowered.com/app/354260
634,388120,Spakoyno: Back to the USSR 2.0,7.99,"Adventure, Casual",http://store.steampowered.com/app/388120
634,390970,Russian Horror Story,7.99,"Adventure, Casual",http://store.steampowered.com/app/390970
634,394730,Bloodbath Kavkaz - Khovan Revenge,1.99,"Action, Adventure, Indie",http://store.steampowered.com/app/394730
634,397980,Invasion,1.99,"Action, Indie",http://store.steampowered.com/app/397980
634,403570,Stigmat,4.99,"Adventure, Indie",http://store.steampowered.com/app/403570
634,444790,Abandoned Knight,1.99,"Action, Adventure, Casual",http://store.steampowered.com/app/444790
634,454930,Under Zero,4.99,"Action, Adventure, Indie, Early Access",http://store.steampowered.com/app/454930
634,459660,Spakoyno: Back To USSR 2.0 - OST,0.99,"Adventure, Casual",http://store.steampowered.com/app/459660
634,463040,Experience,1.99,"Action, Casual, Indie",http://store.steampowered.com/app/463040
634,463050,The Pit And The Pendulum,4.99,"Adventure, Casual, Indie",http://store.steampowered.com/app/463050
634,466790,PixBit,1.99,"Action, Indie",http://store.steampowered.com/app/466790
634,473730,Physic Monster,1.99,"Casual, Indie, Simulation, Strategy, Early Access",http://store.steampowered.com/app/473730
634,485410,Alien Run,1.99,"Action, Adventure, Casual",http://store.steampowered.com/app/485410
634,490940,Darconika: The Cube of Soul,3.99,"Adventure, Casual, Indie",http://store.steampowered.com/app/490940
634,496870,Inverted,2.99,"Action, Adventure, Casual, Indie",http://store.steampowered.com/app/496870
496,263400,War of the Human Tanks,9.99,"Adventure, Indie, Strategy",http://store.steampowered.com/app/263400
496,271010,Sound of the Human Tanks,9.99,"Adventure, Indie, Strategy",http://store.steampowered.com/app/271010
496,301920,War of the Human Tanks - ALTeR,12.99,"Adventure, Indie, Strategy",http://store.steampowered.com/app/301920
496,301930,War of the Human Tanks - Limited Operations,9.99,"Adventure, Indie, Strategy",http://store.steampowered.com/app/301930
496,312340,Sound of the Human Tanks - LO,4.99,,http://store.steampowered.com/app/312340
635,72850,The Elder Scrolls V: Skyrim,19.99,RPG,http://store.steampowered.com/app/72850
635,211720,The Elder Scrolls V: Skyrim - Dawnguard,19.99,RPG,http://store.steampowered.com/app/211720
635,220760,The Elder Scrolls V: Skyrim - Hearthfire,4.99,RPG,http://store.steampowered.com/app/220760
635,226880,The Elder Scrolls V: Skyrim - Dragonborn,19.99,RPG,http://store.steampowered.com/app/226880
633,348020,Bloodbath Kavkaz,7.49,"Action, Adventure, Indie",http://store.steampowered.com/app/348020
633,354260,Bloodbath Kavkaz - Soundtrack,3.99,"Action, Adventure, Indie",http://store.steampowered.com/app/354260
633,394730,Bloodbath Kavkaz - Khovan Revenge,1.99,"Action, Adventure, Indie",http://store.steampowered.com/app/394730
534,397980,Invasion,1.99,"Action, Indie",http://store.steampowered.com/app/397980
534,463040,Experience,1.99,"Action, Casual, Indie",http://store.steampowered.com/app/463040
534,466790,PixBit,1.99,"Action, Indie",http://store.steampowered.com/app/466790
534,485410,Alien Run,1.99,"Action, Adventure, Casual",http://store.steampowered.com/app/485410
627,286260,fault - milestone one,14.99,Indie,http://store.steampowered.com/app/286260
627,344770,fault - milestone two side:above,14.99,Indie,http://store.steampowered.com/app/344770
627,408360,fault Series ORIGINAL SOUNDTRACK vol 1,4.99,Indie,http://store.steampowered.com/app/408360
627,441270,fault milestone one - THE ART OF fault milestone one,9.99,Indie,http://store.steampowered.com/app/441270
623,391310,Alien Attack in Space,0.59,"Action, Adventure, Casual, Indie, Simulation",http://store.steampowered.com/app/391310
623,447970,Envoy,4.99,"Action, Casual, Indie, Simulation",http://store.steampowered.com/app/447970
623,471910,Soul of the Devil,0.89,"Action, Adventure, Casual, Indie, RPG, Simulation",http://store.steampowered.com/app/471910
623,485490,Dungeon Journey,1.99,"Action, Adventure, Casual, Indie, RPG, Simulation",http://store.steampowered.com/app/485490
612,1250,Killing Floor,19.99,Action,http://store.steampowered.com/app/1250
612,1256,Killing Floor Outbreak Character Pack,7.99,Action,http://store.steampowered.com/app/1256
612,1257,Killing Floor: Nightfall Character Pack,7.99,Action,http://store.steampowered.com/app/1257
612,35417,Killing Floor: PostMortem Character Pack,7.99,Action,http://store.steampowered.com/app/35417
612,35419,"Killing Floor ""London's Finest"" Character Pack",7.99,,http://store.steampowered.com/app/35419
612,35425,Killing Floor: Steampunk Character Pack,7.99,Action,http://store.steampowered.com/app/35425
612,35429,Killing Floor - Steampunk Character Pack 2,7.99,Action,http://store.steampowered.com/app/35429
612,210932,Killing Floor - Urban Nightmare Character Pack,7.99,Action,http://store.steampowered.com/app/210932
612,210933,Killing Floor - Harold Lott Character Pack,4.99,Action,http://store.steampowered.com/app/210933
612,210931,Killing Floor - Ash Harding Character Pack,4.99,Action,http://store.steampowered.com/app/210931
612,210934,Killing Floor - Community Weapon Pack,7.99,Action,http://store.steampowered.com/app/210934
612,210936,Killing Floor - The Chickenator Pack,4.99,Action,http://store.steampowered.com/app/210936
612,210937,Killing Floor - Robot Special Character Pack,4.99,Action,http://store.steampowered.com/app/210937
612,210938,Killing Floor - Golden Weapons Pack,7.99,Action,http://store.steampowered.com/app/210938
612,210945,Killing Floor - Mrs Foster Pack,4.99,Action,http://store.steampowered.com/app/210945
612,210943,Killing Floor - Community Weapon Pack 2,7.99,Action,http://store.steampowered.com/app/210943
612,210944,Killing Floor - Golden Weapon Pack 2,7.99,Action,http://store.steampowered.com/app/210944
612,258750,Killing Floor - Reggie the Rocker Character Pack,4.99,Action,http://store.steampowered.com/app/258750
612,258751,Killing Floor - Community Weapons Pack 3 - Us Versus Them Total Conflict Pack,7.99,Action,http://store.steampowered.com/app/258751
612,258752,Killing Floor - Camo Weapon Pack,7.99,Action,http://store.steampowered.com/app/258752
612,309990,Killing Floor - Neon Character Pack,5.99,Action,http://store.steampowered.com/app/309990
612,309991,Killing Floor - Neon Weapon Pack,7.99,Action,http://store.steampowered.com/app/309991
616,1200,Red Orchestra: Ostfront 41-45,9.99,Action,http://store.steampowered.com/app/1200
616,1250,Killing Floor,19.99,Action,http://store.steampowered.com/app/1250
616,1256,Killing Floor Outbreak Character Pack,7.99,Action,http://store.steampowered.com/app/1256
616,1257,Killing Floor: Nightfall Character Pack,7.99,Action,http://store.steampowered.com/app/1257
616,35417,Killing Floor: PostMortem Character Pack,7.99,Action,http://store.steampowered.com/app/35417
616,35460,The Ball,9.99,"Action, Adventure, Indie",http://store.steampowered.com/app/35460
616,35419,"Killing Floor ""London's Finest"" Character Pack",7.99,,http://store.steampowered.com/app/35419
616,35480,Dwarfs!?,9.99,"Strategy, Indie, Casual",http://store.steampowered.com/app/35480
616,35425,Killing Floor: Steampunk Character Pack,7.99,Action,http://store.steampowered.com/app/35425
616,35429,Killing Floor - Steampunk Character Pack 2,7.99,Action,http://store.steampowered.com/app/35429
616,210932,Killing Floor - Urban Nightmare Character Pack,7.99,Action,http://store.steampowered.com/app/210932
616,210933,Killing Floor - Harold Lott Character Pack,4.99,Action,http://store.steampowered.com/app/210933
616,210931,Killing Floor - Ash Harding Character Pack,4.99,Action,http://store.steampowered.com/app/210931
616,210934,Killing Floor - Community Weapon Pack,7.99,Action,http://store.steampowered.com/app/210934
616,210936,Killing Floor - The Chickenator Pack,4.99,Action,http://store.steampowered.com/app/210936
616,210937,Killing Floor - Robot Special Character Pack,4.99,Action,http://store.steampowered.com/app/210937
616,210938,Killing Floor - Golden Weapons Pack,7.99,Action,http://store.steampowered.com/app/210938
616,234510,Rising Storm Game of the Year Edition,19.99,Action,http://store.steampowered.com/app/234510
616,210945,Killing Floor - Mrs Foster Pack,4.99,Action,http://store.steampowered.com/app/210945
616,210943,Killing Floor - Community Weapon Pack 2,7.99,Action,http://store.steampowered.com/app/210943
616,210944,Killing Floor - Golden Weapon Pack 2,7.99,Action,http://store.steampowered.com/app/210944
616,258750,Killing Floor - Reggie the Rocker Character Pack,4.99,Action,http://store.steampowered.com/app/258750
616,258751,Killing Floor - Community Weapons Pack 3 - Us Versus Them Total Conflict Pack,7.99,Action,http://store.steampowered.com/app/258751
616,258752,Killing Floor - Camo Weapon Pack,7.99,Action,http://store.steampowered.com/app/258752
616,309990,Killing Floor - Neon Character Pack,5.99,Action,http://store.steampowered.com/app/309990
616,309991,Killing Floor - Neon Weapon Pack,7.99,Action,http://store.steampowered.com/app/309991
616,232090,Killing Floor 2,29.99,"Action, Early Access",http://store.steampowered.com/app/232090
542,262260,Jets'n'Guns Gold,6.99,"Action, Indie",http://store.steampowered.com/app/262260
542,307010,Northmark: Hour of the Wolf,9.99,"Adventure, Indie, RPG",http://store.steampowered.com/app/307010
542,314410,Rampage Knights,11.99,"Action, Adventure, Indie, RPG",http://store.steampowered.com/app/314410
542,341470,Loot Hunter,7.99,"Action, Adventure, RPG, Simulation, Strategy",http://store.steampowered.com/app/341470
542,461480,Archibald's Adventures,4.99,"Action, Adventure, Casual, Indie",http://store.steampowered.com/app/461480
610,423700,Apocalypse Hotel - The Post-Apocalyptic Hotel Simulator!,6.99,"Casual, Indie, RPG, Simulation",http://store.steampowered.com/app/423700
610,443710,Apocalypse Hotel: Museum of Horror!,0.99,"Casual, Indie, RPG, Simulation",http://store.steampowered.com/app/443710
610,446900,Apocalypse Hotel: The Thin Blue Line!,1.99,"Casual, Indie, RPG, Simulation",http://store.steampowered.com/app/446900
610,461780,Moonstone Tavern - A Fantasy Tavern Sim!,7.99,"Indie, RPG, Simulation",http://store.steampowered.com/app/461780
15,357460,GameLoading: Rise of the Indies,9.99,,http://store.steampowered.com/app/357460
15,,GameLoading: Extra Content,2.99,,http://store.steampowered.com/app/
15,,GameLoading: OST and eBook,6.99,,http://store.steampowered.com/app/
17,237740,Angry Video Game Nerd Adventures,9.99,"Action, Adventure, Indie",http://store.steampowered.com/app/237740
17,357380,Angry Video Game Nerd: The Movie,7.99,,http://store.steampowered.com/app/357380
19,,GameLoading: Extra Content,2.99,,http://store.steampowered.com/app/
19,,GameLoading: OST and eBook,6.99,,http://store.steampowered.com/app/
125,396120,Mad Max: Fury Road,19.99,,http://store.steampowered.com/app/396120
125,396130,Mad Max 2: The Road Warrior,14.99,,http://store.steampowered.com/app/396130
125,396140,Mad Max Beyond Thunderdome,14.99,,http://store.steampowered.com/app/396140
125,398330,Mad Max (1979),14.99,,http://store.steampowered.com/app/398330
125,234140,Mad Max,39.99,"Action, Adventure",http://store.steampowered.com/app/234140
137,355860,Albino Lullaby: Episode 1,9.99,"Action, Adventure, Indie",http://store.steampowered.com/app/355860
137,403260,Albino Lullaby: Episode 2,9.99,"Action, Adventure, Indie",http://store.steampowered.com/app/403260
137,403320,Albino Lullaby: Episode 1 (Official Video Game Soundtrack),9.99,"Action, Adventure, Indie",http://store.steampowered.com/app/403320
137,403330,Albino Lullaby: Episode 3,9.99,"Action, Adventure, Indie",http://store.steampowered.com/app/403330
139,250900,The Binding of Isaac: Rebirth,14.99,Action,http://store.steampowered.com/app/250900
139,401920,The Binding of Isaac: Afterbirth,10.99,"Action, Adventure",http://store.steampowered.com/app/401920
145,232790,Broken Age,24.99,"Adventure, Casual, Indie",http://store.steampowered.com/app/232790
145,271950,Broken Age - Soundtrack,6.99,"Adventure, Casual, Indie",http://store.steampowered.com/app/271950
145,402590,Double Fine Adventure!,14.99,,http://store.steampowered.com/app/402590
153,224820,Super House of Dead Ninjas,6.99,"Action, Indie",http://store.steampowered.com/app/224820
153,238530,Super Puzzle Platformer Deluxe,7.99,"Action, Casual, Indie",http://store.steampowered.com/app/238530
153,238630,Fist Puncher,9.99,"Action, Indie",http://store.steampowered.com/app/238630
153,250260,Jazzpunk,14.99,"Adventure, Indie",http://store.steampowered.com/app/250260
153,247240,Volgarr the Viking,9.99,"Action, Adventure, Indie",http://store.steampowered.com/app/247240
153,247140,Soundodger+,9.99,"Casual, Indie",http://store.steampowered.com/app/247140
153,275200,Westerado: Double Barreled,14.99,"Action, Adventure, Indie",http://store.steampowered.com/app/275200
153,306440,Oblitus,14.99,"Action, Adventure, Indie",http://store.steampowered.com/app/306440
153,312510,Mega Coin Squad,14.99,"Action, Indie",http://store.steampowered.com/app/312510
153,312530,Duck Game,12.99,"Action, Indie",http://store.steampowered.com/app/312530
153,327500,Zenzizenzic,9.99,"Action, Indie",http://store.steampowered.com/app/327500
153,327510,WASTED,12.99,"Action, Indie, RPG",http://store.steampowered.com/app/327510
153,327520,Traverser,14.99,"Action, Adventure, Indie",http://store.steampowered.com/app/327520
153,340000,Headlander,24.99,Action,http://store.steampowered.com/app/340000
157,41070,Serious Sam 3: BFE,39.99,"Action, Indie",http://store.steampowered.com/app/41070
157,233130,Shadow Warrior,39.99,"Action, Adventure",http://store.steampowered.com/app/233130
157,371270,The Quiet Girl's Guide to Violence,1.99,,http://store.steampowered.com/app/371270
157,382630,Austin High,6.99,,http://store.steampowered.com/app/382630
157,382670,Loves Her Gun,0.89,,http://store.steampowered.com/app/382670
157,394920,Future Farmer,1.99,,http://store.steampowered.com/app/394920
225,46400,Greed: Black Border,4.99,"Action, RPG",http://store.steampowered.com/app/46400
225,46440,Future Wars,3.74,Strategy,http://store.steampowered.com/app/46440
225,46450,Grotesque Tactics: Evil Heroes,9.99,"Indie, RPG, Strategy",http://store.steampowered.com/app/46450
225,46540,Trapped Dead,4.99,"Action, Strategy",http://store.steampowered.com/app/46540
225,46570,Grotesque Tactics 2 – Dungeons and Donuts,9.99,"Adventure, Indie, RPG, Strategy",http://store.steampowered.com/app/46570
225,250460,Bridge Constructor,9.99,"Casual, Indie, Simulation",http://store.steampowered.com/app/250460
225,251430,The Inner World,14.99,"Adventure, Indie",http://store.steampowered.com/app/251430
225,261720,Holy Avatar vs. Maidens of the Dead,9.99,"Adventure, Casual, Indie, RPG, Strategy",http://store.steampowered.com/app/261720
225,264730,Deadly 30,4.99,"Action, Indie",http://store.steampowered.com/app/264730
225,265120,Meridian: New World,6.99,"Indie, Strategy",http://store.steampowered.com/app/265120
225,277510,Shiny The Firefly,9.99,"Action, Adventure, Casual, Indie",http://store.steampowered.com/app/277510
225,279990,Bridge Constructor Playground,9.99,"Casual, Indie, RPG, Simulation",http://store.steampowered.com/app/279990
225,284040,The Inner World Soundtrack,3.99,"Adventure, Indie",http://store.steampowered.com/app/284040
225,293600,Arson and Plunder: Unleashed,6.99,"Action, Indie",http://store.steampowered.com/app/293600
225,303260,TRISTOY,6.99,"Action, Adventure, Indie",http://store.steampowered.com/app/303260
225,305500,Trapped Dead: Lockdown,9.99,"Action, Indie, RPG",http://store.steampowered.com/app/305500
225,310850,Onikira - Demon Killer,13.99,"Action, Adventure, Indie",http://store.steampowered.com/app/310850
225,315320,Skilltree Saga,9.99,"Action, Adventure, Casual, Indie, RPG",http://store.steampowered.com/app/315320
225,319850,Bridge Constructor Medieval,9.99,"Casual, Indie, Simulation",http://store.steampowered.com/app/319850
225,336030,Race.a.bit,9.99,"Indie, Racing",http://store.steampowered.com/app/336030
225,338320,Pixel Heroes: Byte & Magic,9.99,"Adventure, Indie, RPG",http://store.steampowered.com/app/338320
225,363940,Solar Shifter EX,8.99,"Action, Indie",http://store.steampowered.com/app/363940
225,363960,Devils & Demons,9.99,"RPG, Strategy",http://store.steampowered.com/app/363960
225,369180,SoulCraft,4.99,"Action, Casual, Indie, RPG",http://store.steampowered.com/app/369180
225,378490,Sunny Hillride,1.99,"Casual, Racing",http://store.steampowered.com/app/378490
225,388420,In Between,11.99,Indie,http://store.steampowered.com/app/388420
225,391080,In Between Soundtrack,5.99,Indie,http://store.steampowered.com/app/391080
225,400770,Solar Shifter EX - Soundtrack,4.99,Action,http://store.steampowered.com/app/400770
225,405050,Fill Up!,2.99,Casual,http://store.steampowered.com/app/405050
225,406940,Dub Dash,4.99,"Action, Indie, Racing",http://store.steampowered.com/app/406940
225,419080,Bridge Constructor Stunts,9.99,Simulation,http://store.steampowered.com/app/419080
225,433840,Trulon: The Shadow Engine,19.99,"Indie, RPG, Strategy",http://store.steampowered.com/app/433840
227,406030,Professor Teaches Word 2016,14.99,Software Training,http://store.steampowered.com/app/406030
227,406040,Professor Teaches Access 2016,14.99,Software Training,http://store.steampowered.com/app/406040
227,406050,Professor Teaches Excel 2016,14.99,Software Training,http://store.steampowered.com/app/406050
227,406060,Professor Teaches PowerPoint 2016,14.99,Software Training,http://store.steampowered.com/app/406060
227,406830,Professor Teaches OneNote 2016,14.99,Software Training,http://store.steampowered.com/app/406830
227,406840,Professor Teaches Outlook 2016,14.99,Software Training,http://store.steampowered.com/app/406840
228,377040,Professor Teaches® Excel 2013 & 365,14.99,Software Training,http://store.steampowered.com/app/377040
228,377050,Professor Teaches® Word 2013 & 365,14.99,Software Training,http://store.steampowered.com/app/377050
228,387770,Professor Teaches® PowerPoint 2013 & 365,14.99,Software Training,http://store.steampowered.com/app/387770
228,387780,Professor Teaches® Access 2013 & 365,14.99,Software Training,http://store.steampowered.com/app/387780
228,387790,Professor Teaches® OneNote 2013 & 365,14.99,Software Training,http://store.steampowered.com/app/387790
228,387800,Professor Teaches® Outlook 2013 & 365,14.99,Software Training,http://store.steampowered.com/app/387800
229,376990,Professor Teaches Windows 10,14.99,Software Training,http://store.steampowered.com/app/376990
229,406030,Professor Teaches Word 2016,14.99,Software Training,http://store.steampowered.com/app/406030
229,406040,Professor Teaches Access 2016,14.99,Software Training,http://store.steampowered.com/app/406040
229,406050,Professor Teaches Excel 2016,14.99,Software Training,http://store.steampowered.com/app/406050
229,406060,Professor Teaches PowerPoint 2016,14.99,Software Training,http://store.steampowered.com/app/406060
229,406830,Professor Teaches OneNote 2016,14.99,Software Training,http://store.steampowered.com/app/406830
229,406840,Professor Teaches Outlook 2016,14.99,Software Training,http://store.steampowered.com/app/406840
230,376990,Professor Teaches Windows 10,14.99,Software Training,http://store.steampowered.com/app/376990
230,377040,Professor Teaches® Excel 2013 & 365,14.99,Software Training,http://store.steampowered.com/app/377040
230,377050,Professor Teaches® Word 2013 & 365,14.99,Software Training,http://store.steampowered.com/app/377050
230,387770,Professor Teaches® PowerPoint 2013 & 365,14.99,Software Training,http://store.steampowered.com/app/387770
230,387780,Professor Teaches® Access 2013 & 365,14.99,Software Training,http://store.steampowered.com/app/387780
230,387790,Professor Teaches® OneNote 2013 & 365,14.99,Software Training,http://store.steampowered.com/app/387790
230,387800,Professor Teaches® Outlook 2013 & 365,14.99,Software Training,http://store.steampowered.com/app/387800
231,20,Team Fortress Classic,4.99,Action,http://store.steampowered.com/app/20
231,50,Half-Life: Opposing Force,4.99,Action,http://store.steampowered.com/app/50
231,70,Half-Life,9.99,Action,http://store.steampowered.com/app/70
231,130,Half-Life: Blue Shift,4.99,Action,http://store.steampowered.com/app/130
231,220,Half-Life 2,9.99,Action,http://store.steampowered.com/app/220
231,"280,360",Half-Life 1: Source,9.99,Action,"http://store.steampowered.com/app/280,360"
231,"380,320",Half-Life 2: Episode One,7.99,Action,"http://store.steampowered.com/app/380,320"
231,420,Half-Life 2: Episode Two,7.99,Action,http://store.steampowered.com/app/420
232,"10,80",Counter-Strike: Condition Zero,9.99,Action,"http://store.steampowered.com/app/10,80"
232,300,Day of Defeat: Source,9.99,Action,http://store.steampowered.com/app/300
232,20,Team Fortress Classic,4.99,Action,http://store.steampowered.com/app/20
232,30,Day of Defeat,4.99,Action,http://store.steampowered.com/app/30
232,40,Deathmatch Classic,4.99,Action,http://store.steampowered.com/app/40
232,50,Half-Life: Opposing Force,4.99,Action,http://store.steampowered.com/app/50
232,60,Ricochet,4.99,Action,http://store.steampowered.com/app/60
232,70,Half-Life,9.99,Action,http://store.steampowered.com/app/70
232,130,Half-Life: Blue Shift,4.99,Action,http://store.steampowered.com/app/130
232,220,Half-Life 2,9.99,Action,http://store.steampowered.com/app/220
232,240,Counter-Strike: Source,19.99,Action,http://store.steampowered.com/app/240
232,"280,360",Half-Life 1: Source,9.99,Action,"http://store.steampowered.com/app/280,360"
232,"380,320",Half-Life 2: Episode One,7.99,Action,"http://store.steampowered.com/app/380,320"
232,400,Portal,9.99,Action,http://store.steampowered.com/app/400
232,420,Half-Life 2: Episode Two,7.99,Action,http://store.steampowered.com/app/420
232,500,Left 4 Dead,19.99,Action,http://store.steampowered.com/app/500
232,550,Left 4 Dead 2,19.99,Action,http://store.steampowered.com/app/550
232,620,Portal 2,19.99,"Action, Adventure",http://store.steampowered.com/app/620
232,730,Counter-Strike: Global Offensive,14.99,Action,http://store.steampowered.com/app/730
233,500,Left 4 Dead,19.99,Action,http://store.steampowered.com/app/500
233,550,Left 4 Dead 2,19.99,Action,http://store.steampowered.com/app/550
234,400,Portal,9.99,Action,http://store.steampowered.com/app/400
234,620,Portal 2,19.99,"Action, Adventure",http://store.steampowered.com/app/620
235,"10,80",Counter-Strike: Condition Zero,9.99,Action,"http://store.steampowered.com/app/10,80"
235,30,Day of Defeat,4.99,Action,http://store.steampowered.com/app/30
235,40,Deathmatch Classic,4.99,Action,http://store.steampowered.com/app/40
235,60,Ricochet,4.99,Action,http://store.steampowered.com/app/60
236,"10,80",Counter-Strike: Condition Zero,9.99,Action,"http://store.steampowered.com/app/10,80"
236,240,Counter-Strike: Source,19.99,Action,http://store.steampowered.com/app/240
236,730,Counter-Strike: Global Offensive,14.99,Action,http://store.steampowered.com/app/730
237,20,Team Fortress Classic,4.99,Action,http://store.steampowered.com/app/20
237,50,Half-Life: Opposing Force,4.99,Action,http://store.steampowered.com/app/50
237,70,Half-Life,9.99,Action,http://store.steampowered.com/app/70
237,130,Half-Life: Blue Shift,4.99,Action,http://store.steampowered.com/app/130
239,368900,Brilliant Bob,2.99,"Action, Adventure, Casual, Indie",http://store.steampowered.com/app/368900
239,410590,Fiends of Imprisonment,1.99,"Casual, Indie",http://store.steampowered.com/app/410590
239,431270,GooCubelets: The Algoorithm,1.99,"Casual, Indie",http://store.steampowered.com/app/431270
239,432150,They Came From The Moon,1.99,"Casual, Indie",http://store.steampowered.com/app/432150
240,300,Day of Defeat: Source,9.99,Action,http://store.steampowered.com/app/300
240,240,Counter-Strike: Source,19.99,Action,http://store.steampowered.com/app/240
240,320,Half-Life 2: Deathmatch,4.99,Action,http://store.steampowered.com/app/320
241,225540,Just Cause™ 3,59.99,"Action, Adventure",http://store.steampowered.com/app/225540
241,391220,Rise of the Tomb Raider™,59.99,"Action, Adventure",http://store.steampowered.com/app/391220
243,310080,Hatoful Boyfriend,9.99,"Casual, Indie, Simulation",http://store.steampowered.com/app/310080
243,345380,Hatoful Boyfriend - Collector's Edition DLC,5.0,"Casual, Indie, Simulation",http://store.steampowered.com/app/345380
243,377080,Hatoful Boyfriend: Holiday Star,9.99,"Adventure, Indie",http://store.steampowered.com/app/377080
243,463090,Hatoful Boyfriend: Holiday Star Collector's Edition DLC,6.99,"Adventure, Indie",http://store.steampowered.com/app/463090
244,336130,Shardlight,14.99,"Adventure, Indie, RPG",http://store.steampowered.com/app/336130
244,447870,Shardlight - Bonus Content,4.99,"Adventure, Indie, RPG",http://store.steampowered.com/app/447870
245,335220,But to Paint a Universe,4.99,"Casual, Indie",http://store.steampowered.com/app/335220
245,450780,But to Paint a Universe - Soundtrack,3.99,"Casual, Indie",http://store.steampowered.com/app/450780
247,44310,F1 2010™,9.99,"Racing, Simulation, Sports",http://store.steampowered.com/app/44310
247,44360,F1 2011,14.99,"Racing, Simulation, Sports",http://store.steampowered.com/app/44360
247,208500,F1 2012™,19.99,"Racing, Simulation, Sports",http://store.steampowered.com/app/208500
247,203680,F1 RACE STARS™,14.99,Racing,http://store.steampowered.com/app/203680
247,286570,F1 2015,54.99,"Racing, Sports",http://store.steampowered.com/app/286570
247,226580,F1 2014,29.99,"Racing, Sports",http://store.steampowered.com/app/226580
247,391040,F1 2016,59.99,"Racing, Simulation, Sports",http://store.steampowered.com/app/391040
248,201700,DiRT Showdown,14.99,"Action, Racing, Sports",http://store.steampowered.com/app/201700
248,287340,Colin McRae Rally,6.99,"Racing, Sports",http://store.steampowered.com/app/287340
248,310560,DiRT Rally,59.99,"Racing, Simulation, Sports",http://store.steampowered.com/app/310560
248,321040,DiRT 3 Complete Edition,29.99,"Racing, Simulation, Sports",http://store.steampowered.com/app/321040
249,12750,GRID™,14.99,Racing,http://store.steampowered.com/app/12750
249,221165,GRID 2 - Super Modified Pack,5.99,"Racing, Sports",http://store.steampowered.com/app/221165
249,44350,GRID 2,29.99,"Racing, Sports",http://store.steampowered.com/app/44350
249,221162,GRID 2 - GTR Racing Pack,4.99,"Racing, Sports",http://store.steampowered.com/app/221162
249,221160,GRID 2 - McLaren Racing Pack,6.99,"Racing, Sports",http://store.steampowered.com/app/221160
249,221164,GRID 2 - Headstart Pack,4.99,"Racing, Sports",http://store.steampowered.com/app/221164
249,221161,GRID 2 - IndyCar Pack,6.99,"Racing, Sports",http://store.steampowered.com/app/221161
249,221168,GRID 2 - Car Unlock Pack,4.99,"Racing, Sports",http://store.steampowered.com/app/221168
249,221167,GRID 2 - Drift Pack,5.99,"Racing, Sports",http://store.steampowered.com/app/221167
249,221166,GRID 2 - Peak Performance Pack,4.99,"Racing, Sports",http://store.steampowered.com/app/221166
249,255220,GRID Autosport,39.99,"Racing, Sports",http://store.steampowered.com/app/255220
249,255690,GRID 2 - Spa-Francorchamps Track Pack,9.99,"Racing, Sports",http://store.steampowered.com/app/255690
249,255691,GRID 2 - Bathurst Track Pack,9.99,"Racing, Sports",http://store.steampowered.com/app/255691
249,255692,GRID 2 - Classic GRID Pack,2.99,"Racing, Sports",http://store.steampowered.com/app/255692
249,282090,GRID Autosport - Black Edition Pack,4.99,"Racing, Sports",http://store.steampowered.com/app/282090
249,282091,GRID Autosport - Boost Pack,2.99,"Racing, Sports",http://store.steampowered.com/app/282091
249,282092,GRID Autosport - Premium Garage Pack,6.99,"Racing, Sports",http://store.steampowered.com/app/282092
249,289020,GRID Autosport - Best of British Pack,2.99,"Racing, Sports",http://store.steampowered.com/app/289020
249,289021,GRID Autosport - Coupé Style Pack,2.99,"Racing, Sports",http://store.steampowered.com/app/289021
249,289022,GRID Autosport - Sprint Pack,5.99,"Racing, Sports",http://store.steampowered.com/app/289022
249,289023,GRID Autosport - Road & Track Car Pack,2.99,"Racing, Sports",http://store.steampowered.com/app/289023
249,289024,GRID Autosport - Touring Legends Pack,12.99,"Racing, Sports",http://store.steampowered.com/app/289024
249,289025,GRID Autosport - Drag Pack,4.99,,http://store.steampowered.com/app/289025
250,204303,Awesomenauts: Official Soundtrack,2.99,"Action, Indie, Strategy",http://store.steampowered.com/app/204303
250,204300,Awesomenauts,9.99,"Action, Indie, Strategy",http://store.steampowered.com/app/204300
250,204304,Awesomenauts - Coco Hawaii Skin,2.49,"Action, Indie, Strategy",http://store.steampowered.com/app/204304
250,204305,Awesomenauts - Mousquetaire Leon Skin,2.49,"Action, Indie, Strategy",http://store.steampowered.com/app/204305
250,204306,Awesomenauts - Officer Lonestar Skin,1.49,"Action, Indie, Strategy",http://store.steampowered.com/app/204306
250,204307,Awesomenauts - Grandmaster Splash Skin,1.49,"Action, Indie, Strategy",http://store.steampowered.com/app/204307
250,204308,Awesomenauts - Hotrod Derpl Skin,2.49,"Action, Indie, Strategy",http://store.steampowered.com/app/204308
250,204309,Awesomenauts - Kosmonaut Yuri Skin,2.49,"Action, Indie, Strategy",http://store.steampowered.com/app/204309
250,204310,Awesomenauts - Bumble Gnaw Skin,2.49,"Action, Indie, Strategy",http://store.steampowered.com/app/204310
250,204311,Awesomenauts - Disco Voltar Skin,2.49,"Action, Indie, Strategy",http://store.steampowered.com/app/204311
250,204312,Awesomenauts - Expendable Clunk Skin,2.49,"Action, Indie, Strategy",http://store.steampowered.com/app/204312
250,204314,Awesomenauts - Ravishing Raelynn Skin,2.49,"Action, Indie, Strategy",http://store.steampowered.com/app/204314
250,204317,Awesomenauts - Cap'n Vinnie & Seadog Spike Skin,2.49,"Action, Indie, Strategy",http://store.steampowered.com/app/204317
250,204318,Awesomenauts - Pimpy G. Skin,2.49,"Action, Indie, Strategy",http://store.steampowered.com/app/204318
250,204319,Awesomenauts - Double-O Yuri Skin,1.49,"Action, Indie, Strategy",http://store.steampowered.com/app/204319
250,230882,Awesomenauts - Kage Genji Skin,2.49,"Action, Indie, Strategy",http://store.steampowered.com/app/230882
250,230883,Awesomenauts - Bionic Raelynn Skin,1.49,"Action, Indie, Strategy",http://store.steampowered.com/app/230883
250,230880,Awesomenauts - Coco McFly Skin,1.49,"Action, Indie, Strategy",http://store.steampowered.com/app/230880
250,230885,Awesomenauts - Demon Skølldir Skin,2.49,"Action, Indie, Strategy",http://store.steampowered.com/app/230885
250,230884,Awesomenauts - Genji the Grey Skin,2.49,"Action, Indie, Strategy",http://store.steampowered.com/app/230884
250,230887,Awesomenauts - Pirate Leon Skin,4.99,"Action, Indie, Strategy",http://store.steampowered.com/app/230887
250,230891,Awesomenauts - Shaolin Ayla Skin,2.49,"Action, Indie, Strategy",http://store.steampowered.com/app/230891
250,230892,Awesomenauts - Teddy Ayla Skin,2.49,"Action, Indie, Strategy",http://store.steampowered.com/app/230892
250,230890,Awesomenauts - Gnabot Skin,4.99,"Action, Indie, Strategy",http://store.steampowered.com/app/230890
250,251080,Awesomenauts - Abyssal Swiggins Skin,4.99,"Action, Indie, Strategy",http://store.steampowered.com/app/251080
250,251081,"Awesomenauts - Admiral Swiggins, PHD Skin",2.49,"Action, Indie, Strategy",http://store.steampowered.com/app/251081
250,256500,Awesomenauts: Starstorm Expansion,8.99,"Action, Indie, Strategy",http://store.steampowered.com/app/256500
250,256501,Awesomenauts - Titanium Ted Skin,4.99,"Action, Indie, Strategy",http://store.steampowered.com/app/256501
250,256502,Awesomenauts - Party Boy McPain Skin,4.99,"Action, Indie, Strategy",http://store.steampowered.com/app/256502
250,256503,Awesomenauts - Skreeletor Skin,4.99,"Action, Indie, Strategy",http://store.steampowered.com/app/256503
250,256504,Awesomenauts - Sun Wukong Skree Skin,2.99,"Action, Indie, Strategy",http://store.steampowered.com/app/256504
250,256505,Awesomenauts - Giga Sentorii Skin,4.99,"Action, Indie, Strategy",http://store.steampowered.com/app/256505
250,256506,Awesomenauts - Specimen X-58 Skin,4.99,"Action, Indie, Strategy",http://store.steampowered.com/app/256506
250,256507,Awesomenauts - Digital G Skin,2.49,"Action, Indie, Strategy",http://store.steampowered.com/app/256507
250,256510,Awesomenauts - SUSI Announcer,3.99,"Action, Indie, Strategy",http://store.steampowered.com/app/256510
250,230888,Awesomenauts - Ahrpl Skin,4.99,"Action, Indie, Strategy",http://store.steampowered.com/app/230888
250,204315,Awesomenauts - Private Mels Skin,2.49,"Action, Indie, Strategy",http://store.steampowered.com/app/204315
250,286670,Awesomenauts - Desperado Penny Skin,2.49,"Action, Indie, Strategy",http://store.steampowered.com/app/286670
250,286671,Awesomenauts - Cheerleader Penny Skin,2.49,"Action, Indie, Strategy",http://store.steampowered.com/app/286671
250,230889,Awesomenauts - Cynical Vinnie & Total Spike Skin,2.49,"Action, Indie, Strategy",http://store.steampowered.com/app/230889
250,306890,Awesomenauts - Grim Genji Skin,4.99,"Action, Indie, Strategy",http://store.steampowered.com/app/306890
250,319820,Awesomenauts - Leon Legionnaire Skin,2.49,"Action, Indie, Strategy",http://store.steampowered.com/app/319820
250,319821,Awesomenauts - Jotunn Skølldir Skin,7.49,"Action, Indie, Strategy",http://store.steampowered.com/app/319821
250,327530,Awesomenauts - Wraithlord Scoop Skin,4.99,"Action, Indie, Strategy",http://store.steampowered.com/app/327530
250,333150,Awesomenauts - Wildlife Announcer,4.99,"Action, Indie, Strategy",http://store.steampowered.com/app/333150
250,333160,Awesomenauts - Coco Nebulon Announcer,2.99,"Action, Indie, Strategy",http://store.steampowered.com/app/333160
250,333170,Awesomenauts - Loninator Skin,4.99,"Action, Indie, Strategy",http://store.steampowered.com/app/333170
250,351460,Awesomenauts - Battle Nibbs Skin,4.99,"Action, Indie, Strategy",http://store.steampowered.com/app/351460
250,351461,Awesomenauts - Wraithlord Scoop Announcer,3.99,"Action, Indie, Strategy",http://store.steampowered.com/app/351461
250,376370,Awesomenauts - Gnariachi Skin,7.99,"Action, Indie, Strategy",http://store.steampowered.com/app/376370
250,376371,Awesomenauts - Voltar Bonaparte Skin,2.99,"Action, Indie, Strategy",http://store.steampowered.com/app/376371
250,376372,Awesomenauts - Shinobi Rocco Skin,2.99,"Action, Indie, Strategy",http://store.steampowered.com/app/376372
250,376373,Awesomenauts - The Scrolls of XiPang Announcer,3.99,"Action, Indie, Strategy",http://store.steampowered.com/app/376373
250,387980,Awesomenauts - Electronic Supersonic Cybertronic Rocco Skin,7.99,"Action, Indie, Strategy",http://store.steampowered.com/app/387980
250,387981,Awesomenauts - Dragon Huntress Ksenia Skin,4.99,"Action, Indie, Strategy",http://store.steampowered.com/app/387981
250,387982,Awesomenauts - Cosmic Captain Ksenia Skin,2.99,"Action, Indie, Strategy",http://store.steampowered.com/app/387982
250,387983,Awesomenauts - Clockwork Yoolip Skin,3.49,"Action, Indie, Strategy",http://store.steampowered.com/app/387983
250,387984,Awesomenauts - 8-Bit Yoolip Skin,7.99,"Action, Indie, Strategy",http://store.steampowered.com/app/387984
250,399831,Awesomenauts - Skull Chopper Chucho,5.99,"Action, Indie, Strategy",http://store.steampowered.com/app/399831
250,399833,Awesomenauts - Ghosthouse Announcer,4.99,"Action, Indie, Strategy",http://store.steampowered.com/app/399833
250,399834,Awesomenauts - Rockstar Announcer,3.49,"Action, Indie, Strategy",http://store.steampowered.com/app/399834
250,399836,Awesomenauts - Skree Announcer,4.49,"Action, Indie, Strategy",http://store.steampowered.com/app/399836
250,410100,Awesomenauts - Wicked Coco Skin,5.99,"Action, Indie, Strategy",http://store.steampowered.com/app/410100
250,425542,Awesomenauts - Steel Seraph Ix Skin,4.99,"Action, Indie, Strategy",http://store.steampowered.com/app/425542
250,425544,Awesomenauts - Sir Jimmy Lionheart,4.49,"Action, Indie, Strategy",http://store.steampowered.com/app/425544
250,425540,Awesomenauts: Overdrive Expansion,8.99,"Action, Indie, Strategy",http://store.steampowered.com/app/425540
250,443390,Awesomenauts - The Mind Collection Announcer,3.99,"Action, Indie, Strategy",http://store.steampowered.com/app/443390
250,497620,Awesomenauts - Bravely Scoop IV: Eternal Fantasy Skin,4.99,"Action, Indie, Strategy",http://store.steampowered.com/app/497620
254,428603,DARIUSBURST Chronicle Saviours - Space Harrier,4.99,Action,http://store.steampowered.com/app/428603
254,428604,DARIUSBURST Chronicle Saviours - Galaxy Force II,4.99,Action,http://store.steampowered.com/app/428604
254,428605,DARIUSBURST Chronicle Saviours - Fantasy Zone,4.99,Action,http://store.steampowered.com/app/428605
255,448470,Bacteria,0.99,"Casual, Indie",http://store.steampowered.com/app/448470
255,448760,Bacteria Collector's Edition Content,0.99,"Casual, Indie",http://store.steampowered.com/app/448760
255,449400,Bacteria Soundtrack,0.99,"Casual, Indie",http://store.steampowered.com/app/449400
256,252690,Fantasy Grounds,39.99,"Indie, RPG, Strategy",http://store.steampowered.com/app/252690
256,357350,Fantasy Grounds - Dungeons & Dragons: The Rise of Tiamat,19.99,"Indie, RPG, Strategy",http://store.steampowered.com/app/357350
256,360090,Fantasy Grounds - D&D Complete Core Class Pack,49.99,"Indie, RPG, Strategy",http://store.steampowered.com/app/360090
256,360114,Fantasy Grounds - D&D Lost Mine of Phandelver,19.99,"Indie, RPG, Strategy",http://store.steampowered.com/app/360114
256,360115,Fantasy Grounds - D&D Complete Core Monster Pack,49.99,"Indie, RPG, Strategy",http://store.steampowered.com/app/360115
256,372020,Fantasy Grounds - D&D Hoard of the Dragon Queen,19.99,"Indie, RPG, Strategy",http://store.steampowered.com/app/372020
256,382200,Fantasy Grounds - D&D Princes of the Apocalypse,27.99,"Indie, RPG, Strategy",http://store.steampowered.com/app/382200
256,403500,Fantasy Grounds - D&D Rage of Demons: Out of the Abyss,34.99,"Indie, RPG, Strategy",http://store.steampowered.com/app/403500
256,415570,Fantasy Grounds - D&D Sword Coast Adventurer's Guide,34.99,"Indie, RPG, Strategy",http://store.steampowered.com/app/415570
256,422580,Fantasy Grounds - D&D Complete Dungeon Master's Guide,49.99,"Indie, RPG, Strategy",http://store.steampowered.com/app/422580
256,450080,Fantasy Grounds - D&D Curse of Strahd,34.99,"Indie, RPG, Strategy",http://store.steampowered.com/app/450080
256,507040,Fantasy Grounds - D&D Storm King's Thunder,34.99,"Indie, RPG, Strategy",http://store.steampowered.com/app/507040
257,8990,Borderlands: The Zombie Island of Dr. Ned,9.99,"Action, RPG",http://store.steampowered.com/app/8990
257,40940,Borderlands: Mad Moxxi's Underdome Riot,9.99,"Action, RPG",http://store.steampowered.com/app/40940
257,50110,Borderlands: The Secret Armory of General Knoxx,9.99,"Action, RPG",http://store.steampowered.com/app/50110
257,65920,Borderlands: Claptrap's Robot Revolution,9.99,"Action, RPG",http://store.steampowered.com/app/65920
257,8980,Borderlands,19.99,"Action, RPG",http://store.steampowered.com/app/8980
257,49520,Borderlands 2,19.99,"Action, RPG",http://store.steampowered.com/app/49520
257,261640,Borderlands: The Pre-Sequel,39.99,"Action, RPG",http://store.steampowered.com/app/261640
258,428600,DARIUSBURST Chronicle Saviours - Night Striker,4.99,Action,http://store.steampowered.com/app/428600
258,428601,DARIUSBURST Chronicle Saviours - Metal Black,4.99,Action,http://store.steampowered.com/app/428601
258,428602,DARIUSBURST Chronicle Saviours - RayForce,4.99,Action,http://store.steampowered.com/app/428602
260,249990,FORCED: Slightly Better Edition,14.99,"Action, Adventure, Indie, RPG",http://store.steampowered.com/app/249990
260,292220,FORCED Deluxe Content,5.99,"Action, Indie, RPG",http://store.steampowered.com/app/292220
260,265000,FORCED SHOWDOWN,19.99,"Action, Indie, RPG, Strategy",http://store.steampowered.com/app/265000
260,454960,FORCED SHOWDOWN - Deluxe Edition Content,6.99,"Action, Indie, RPG, Strategy",http://store.steampowered.com/app/454960
260,492750,FORCED SHOWDOWN - Drone Invasion,9.99,"Action, Indie, RPG, Strategy",http://store.steampowered.com/app/492750
260,502830,FORCED SHOWDOWN - Supreme Skin Pack,2.99,"Action, Indie, RPG, Strategy",http://store.steampowered.com/app/502830
261,221040,Resident Evil 6 / Biohazard 6,29.99,"Action, Adventure",http://store.steampowered.com/app/221040
261,222480,Resident Evil Revelations / Biohazard Revelations,29.99,"Action, Adventure",http://store.steampowered.com/app/222480
261,229621,Resident Evil: Revelations Resistance Set,1.99,"Action, Adventure",http://store.steampowered.com/app/229621
261,229622,Resident Evil: Revelations Enhancement Set,1.99,"Action, Adventure",http://store.steampowered.com/app/229622
261,229627,Resident Evil: Revelations Rachael Ooze DLC,2.99,"Action, Adventure",http://store.steampowered.com/app/229627
261,229626,Resident Evil: Revelations Lady HUNK DLC,2.99,"Action, Adventure",http://store.steampowered.com/app/229626
261,229630,"Resident Evil: Revelations Jill's Samurai Edge + Custom Part: ""S.T.A.R.S.""",0.99,"Action, Adventure",http://store.steampowered.com/app/229630
261,229629,"Resident Evil: Revelations Jessica's G18 + Custom Part: ""BSAA""",0.99,"Action, Adventure",http://store.steampowered.com/app/229629
261,229628,"Resident Evil: Revelations Parker's Government Handgun + Custom Part: ""FBC""",0.99,"Action, Adventure",http://store.steampowered.com/app/229628
261,254700,resident evil 4 / biohazard 4,19.99,"Action, Adventure",http://store.steampowered.com/app/254700
261,319810,RER2 Episode Two: Contemplation,5.99,"Action, Adventure",http://store.steampowered.com/app/319810
261,320350,RER2 Episode Three: Judgment,5.99,"Action, Adventure",http://store.steampowered.com/app/320350
261,320351,RER2 Episode Four: Metamorphosis,5.99,"Action, Adventure",http://store.steampowered.com/app/320351
261,320352,RER2 Extra Episode: The Struggle,4.99,"Action, Adventure",http://store.steampowered.com/app/320352
261,320353,RER2 Extra Episode: Little Miss,4.99,"Action, Adventure",http://store.steampowered.com/app/320353
261,320360,Claire's Rodeo Costume,2.99,"Action, Adventure",http://store.steampowered.com/app/320360
261,320361,Moira's Urban Ninja Costume,2.99,"Action, Adventure",http://store.steampowered.com/app/320361
261,320362,Natalia's Lottie Suit Costume,2.99,"Action, Adventure",http://store.steampowered.com/app/320362
261,320363,Barry's Commandant Costume,2.99,"Action, Adventure",http://store.steampowered.com/app/320363
261,320370,Raid Mode Character: HUNK,2.49,"Action, Adventure",http://store.steampowered.com/app/320370
261,320371,Raid Mode Character: Albert Wesker,2.49,"Action, Adventure",http://store.steampowered.com/app/320371
261,320372,Raid Mode: Throwback Map Pack,4.99,"Action, Adventure",http://store.steampowered.com/app/320372
261,320380,Raid Mode: Weapon Storage A,1.99,"Action, Adventure",http://store.steampowered.com/app/320380
261,320381,Raid Mode: Weapon Storage B,1.99,"Action, Adventure",http://store.steampowered.com/app/320381
261,320382,Raid Mode: Weapon Storage C,1.99,"Action, Adventure",http://store.steampowered.com/app/320382
261,320383,Raid Mode: Parts Storage A,1.99,"Action, Adventure",http://store.steampowered.com/app/320383
261,320384,Raid Mode: Parts Storage B,1.99,"Action, Adventure",http://store.steampowered.com/app/320384
261,320385,Raid Mode: Parts Storage C,1.99,"Action, Adventure",http://store.steampowered.com/app/320385
261,320386,Raid Mode: Album Storage A,1.99,"Action, Adventure",http://store.steampowered.com/app/320386
261,320387,Raid Mode: Album Storage B,1.99,"Action, Adventure",http://store.steampowered.com/app/320387
261,320388,Raid Mode: Album Storage C,1.99,"Action, Adventure",http://store.steampowered.com/app/320388
261,21690,Resident Evil™ 5/ Biohazard 5®,19.99,"Action, Adventure",http://store.steampowered.com/app/21690
261,287290,Resident Evil Revelations 2 / Biohazard Revelations 2,5.99,"Action, Adventure",http://store.steampowered.com/app/287290
261,352000,Resident Evil 5 - UNTOLD STORIES BUNDLE,14.99,"Action, Adventure",http://store.steampowered.com/app/352000
263,33600,Broken Sword 2 - the Smoking Mirror: Remastered,5.99,Adventure,http://store.steampowered.com/app/33600
263,33610,Broken Sword 3 - the Sleeping Dragon,5.99,Adventure,http://store.steampowered.com/app/33610
263,57640,Broken Sword: Director's Cut,5.99,Adventure,http://store.steampowered.com/app/57640
263,262940,Broken Sword 5 - the Serpent's Curse,24.99,Adventure,http://store.steampowered.com/app/262940
263,316160,Broken Sword 4 - the Angel of Death,5.99,Adventure,http://store.steampowered.com/app/316160
264,271590,Grand Theft Auto V,59.99,"Action, Adventure",http://store.steampowered.com/app/271590
264,,"Whale Shark: GTA$3,500,000",49.99,,http://store.steampowered.com/app/
265,271590,Grand Theft Auto V,59.99,"Action, Adventure",http://store.steampowered.com/app/271590
265,,"Megalodon Shark: GTA$8,000,000",99.99,,http://store.steampowered.com/app/
266,421120,Samorost 3,19.99,"Adventure, Casual, Indie",http://store.steampowered.com/app/421120
266,455370,Samorost 3 Soundtrack + Art Book,6.99,"Adventure, Casual, Indie",http://store.steampowered.com/app/455370
267,435800,Binaries,9.99,"Action, Indie",http://store.steampowered.com/app/435800
267,455670,Music From Binaries,4.99,"Action, Indie",http://store.steampowered.com/app/455670
268,6830,Commandos 2: Men of Courage,3.99,Action,http://store.steampowered.com/app/6830
268,6840,Commandos 3: Destination Berlin,3.99,Action,http://store.steampowered.com/app/6840
268,6800,Commandos: Behind Enemy Lines,3.99,Action,http://store.steampowered.com/app/6800
268,6810,Commandos: Beyond the Call of Duty,3.99,Action,http://store.steampowered.com/app/6810
268,33650,Puzzler World,4.99,Casual,http://store.steampowered.com/app/33650
268,200130,Puzzler World 2,4.99,"Casual, Indie, Strategy",http://store.steampowered.com/app/200130
268,275080,Post Master,4.99,"Casual, Indie, Simulation",http://store.steampowered.com/app/275080
268,277450,Imperial Glory,4.99,Strategy,http://store.steampowered.com/app/277450
268,277460,Praetorians,4.99,Strategy,http://store.steampowered.com/app/277460
268,277470,The Book of Legends,14.99,"Adventure, Indie, RPG",http://store.steampowered.com/app/277470
268,277490,Battle Group 2,7.99,"Action, Indie, Strategy",http://store.steampowered.com/app/277490
268,277500,Farming World,4.99,"Casual, Indie, Simulation",http://store.steampowered.com/app/277500
268,277520,Albedo: Eyes from Outer Space,14.99,"Action, Adventure, Indie",http://store.steampowered.com/app/277520
268,306680,Lexica,2.99,"Casual, Indie",http://store.steampowered.com/app/306680
268,307760,Zoo Park,4.99,"Simulation, Strategy",http://store.steampowered.com/app/307760
268,315540,The Joylancer: Legendary Motor Knight,9.99,"Action, Indie, Early Access",http://store.steampowered.com/app/315540
268,315550,Taxi,4.99,"Indie, Simulation",http://store.steampowered.com/app/315550
268,318220,Enforcer: Police Crime Action,19.99,"Action, Adventure, Simulation",http://store.steampowered.com/app/318220
268,324760,Monster Truck Destruction,4.99,"Action, Racing",http://store.steampowered.com/app/324760
268,331610,Movie Studio Boss: The Sequel,9.99,"Casual, Indie, Simulation",http://store.steampowered.com/app/331610
268,342300,Zombie Kill of the Week - Reborn,6.99,"Action, Indie",http://store.steampowered.com/app/342300
268,352950,Better Late Than DEAD,14.99,"Action, Adventure, Indie",http://store.steampowered.com/app/352950
268,362830,3D MiniGolf,9.99,"Casual, Sports",http://store.steampowered.com/app/362830
268,373360,Cast of the Seven Godsends - Redux,6.99,"Action, Adventure, Indie",http://store.steampowered.com/app/373360
268,381120,Shoppe Keep,9.99,"Adventure, Indie, RPG, Simulation",http://store.steampowered.com/app/381120
268,383750,Funk of Titans,6.99,"Action, Adventure, Casual",http://store.steampowered.com/app/383750
268,390870,Circuit Breakers,9.99,Action,http://store.steampowered.com/app/390870
268,403980,World Ship Simulator,14.99,"Simulation, Early Access",http://store.steampowered.com/app/403980
268,405720,Perfect Universe - Play with Gravity,9.99,"Action, Indie",http://store.steampowered.com/app/405720
268,407830,Space Overlords,14.99,"Action, Adventure, Indie",http://store.steampowered.com/app/407830
268,410440,Vertigo Void,1.99,"Casual, Indie",http://store.steampowered.com/app/410440
268,411590,The Rivers of Alice - Extended Version,7.99,"Adventure, Indie",http://store.steampowered.com/app/411590
268,299250,European Ship Simulator,19.99,Simulation,http://store.steampowered.com/app/299250
269,281610,Homeworld: Deserts of Kharak,49.99,Strategy,http://store.steampowered.com/app/281610
269,433240,Deserts of Kharak Expedition Guide,5.99,Strategy,http://store.steampowered.com/app/433240
269,433241,Soban Fleet Pack,6.99,Strategy,http://store.steampowered.com/app/433241
269,433242,Khaaneph Fleet Pack,6.99,Strategy,http://store.steampowered.com/app/433242
269,436550,Homeworld: Deserts of Kharak - Soundtrack,7.99,"Simulation, Strategy",http://store.steampowered.com/app/436550
270,427660,NightCry,24.99,"Adventure, Indie",http://store.steampowered.com/app/427660
270,455560,NightCry Soundtrack,19.99,"Adventure, Indie",http://store.steampowered.com/app/455560
270,455561,NightCry Artbook,12.99,"Adventure, Indie",http://store.steampowered.com/app/455561
270,455562,NightCry Storyboards,12.99,"Adventure, Indie",http://store.steampowered.com/app/455562
272,40700,Machinarium,9.99,"Adventure, Indie",http://store.steampowered.com/app/40700
272,40720,Samorost 2,4.99,"Adventure, Casual, Indie",http://store.steampowered.com/app/40720
272,40703,Machinarium Soundtrack,4.99,"Adventure, Indie",http://store.steampowered.com/app/40703
272,207690,Botanicula,9.99,"Adventure, Casual, Indie",http://store.steampowered.com/app/207690
272,421120,Samorost 3,19.99,"Adventure, Casual, Indie",http://store.steampowered.com/app/421120
272,455370,Samorost 3 Soundtrack + Art Book,6.99,"Adventure, Casual, Indie",http://store.steampowered.com/app/455370
273,457120,Slain: Back from Hell - Deluxe Edition DLC,7.99,"Action, Indie",http://store.steampowered.com/app/457120
273,369070,Slain: Back from Hell,12.99,"Action, Indie",http://store.steampowered.com/app/369070
274,226860,Galactic Civilizations III,39.99,"Indie, Simulation, Strategy",http://store.steampowered.com/app/226860
274,373980,Galactic Civilizations III - Map Pack DLC,4.99,"Indie, RPG, Simulation, Strategy",http://store.steampowered.com/app/373980
274,389930,Galactic Civilizations III - Mega Events DLC,4.99,"Indie, RPG, Simulation, Strategy",http://store.steampowered.com/app/389930
274,390740,Galactic Civilizations III Soundtrack,9.99,"Indie, RPG, Simulation, Strategy",http://store.steampowered.com/app/390740
274,395990,Galactic Civilizations III - Revenge of the Snathi DLC,4.99,"Indie, RPG, Simulation, Strategy",http://store.steampowered.com/app/395990
274,411650,Galactic Civilizations III - Mercenaries Expansion Pack,19.99,"Indie, Simulation, Strategy",http://store.steampowered.com/app/411650
274,420030,Galactic Civilizations III - Precursor Worlds DLC,4.99,"Indie, RPG, Simulation, Strategy",http://store.steampowered.com/app/420030
274,455460,Galactic Civilizations III - Builders Kit DLC,4.99,"Indie, Simulation, Strategy",http://store.steampowered.com/app/455460
274,484860,Galactic Civilizations III - Rise of the Terrans DLC,2.49,"Indie, Simulation, Strategy",http://store.steampowered.com/app/484860
274,495370,Galactic Civilizations III - Lost Treasures DLC,4.99,"Indie, Simulation, Strategy",http://store.steampowered.com/app/495370
274,495371,Galactic Civilizations III - Altarian Prophecy DLC,4.99,"Indie, Simulation, Strategy",http://store.steampowered.com/app/495371
278,430170,Babel: Choice,9.99,"Action, Indie",http://store.steampowered.com/app/430170
278,430370,Babel: Choice (Original Soundtrack),2.99,"Action, Indie",http://store.steampowered.com/app/430370
280,298520,Orbital Gear,0.99,"Action, Indie, Simulation",http://store.steampowered.com/app/298520
280,358880,Orbital Gear Soundtrack,0.59,"Action, Indie, Simulation",http://store.steampowered.com/app/358880
280,424830,Bell Ringer,6.99,"Action, Indie",http://store.steampowered.com/app/424830
285,270490,The Forest of Doom,9.99,"Adventure, Indie, RPG",http://store.steampowered.com/app/270490
285,316140,Appointment With FEAR,9.99,"Adventure, Indie",http://store.steampowered.com/app/316140
285,324730,Caverns of the Snow Witch,9.99,"Adventure, Indie, RPG",http://store.steampowered.com/app/324730
285,348180,Starship Traveller,9.99,"Adventure, Indie, RPG",http://store.steampowered.com/app/348180
285,419810,House of Hell,9.99,"Adventure, Indie, RPG",http://store.steampowered.com/app/419810
286,451480,Bleach The Movie: Memories of Nobody,12.99,,http://store.steampowered.com/app/451480
286,451490,Bleach The Movie 2: The DiamondDust Rebellion,12.99,,http://store.steampowered.com/app/451490
286,451500,Bleach The Movie: Fade to Black,12.99,,http://store.steampowered.com/app/451500
286,451510,Bleach The Movie: Hell Verse,12.99,,http://store.steampowered.com/app/451510
291,431370,Diorama No.3 : The Marchland,4.99,"Casual, Indie, Simulation",http://store.steampowered.com/app/431370
291,431390,Diorama No.1 : Blocked In,1.99,"Casual, Indie, Simulation",http://store.steampowered.com/app/431390
292,208140,Endless Space® - Emperor Edition,29.99,"Indie, Strategy",http://store.steampowered.com/app/208140
292,241430,Endless Space® - Disharmony,9.99,"Indie, Strategy",http://store.steampowered.com/app/241430
292,249050,Dungeon of the Endless™,11.99,"Adventure, Indie, RPG, Strategy",http://store.steampowered.com/app/249050
292,289130,Endless Legend™,29.99,"Indie, RPG, Strategy",http://store.steampowered.com/app/289130
292,297650,Endless Legend™ - Emperor Edition Upgrade,10.99,"Indie, RPG, Strategy",http://store.steampowered.com/app/297650
292,268080,Dungeon of the Endless™ - Crystal Edition Upgrade,7.99,"Adventure, Indie, RPG, Strategy",http://store.steampowered.com/app/268080
292,357360,Endless Legend™ - Guardians,9.99,"Indie, RPG, Strategy",http://store.steampowered.com/app/357360
292,374500,Endless Legend™ - Shadows,12.99,"Indie, RPG, Strategy",http://store.steampowered.com/app/374500
292,407200,Dungeon of the Endless™ - Rescue Team Add-on,1.99,"Adventure, Indie, RPG, Strategy",http://store.steampowered.com/app/407200
292,415700,Endless Legend™ - Echoes of Auriga,2.99,"Indie, RPG, Strategy",http://store.steampowered.com/app/415700
292,415710,Endless Legend™ - The Lost Tales,1.99,"Indie, RPG, Strategy",http://store.steampowered.com/app/415710
292,451050,Endless Legend™ - Shifters,12.99,"Indie, RPG, Strategy",http://store.steampowered.com/app/451050
293,348860,MyDream,14.99,"Action, Adventure, Casual, Indie, RPG, Early Access",http://store.steampowered.com/app/348860
293,456590,MyDream Swift,19.99,Utilities,http://store.steampowered.com/app/456590
296,253650,Sparkle 2 Evo,0.49,"Action, Casual, Indie, Simulation",http://store.steampowered.com/app/253650
296,361190,Sparkle 3 Genesis,4.99,"Action, Casual, Indie, Simulation",http://store.steampowered.com/app/361190
296,448000,Sparkle ZERO,4.99,"Action, Indie, Simulation",http://store.steampowered.com/app/448000
300,430050,The Quest - Soundtrack,1.99,"Adventure, Indie, RPG",http://store.steampowered.com/app/430050
300,428880,The Quest,9.99,"Adventure, Indie, RPG",http://store.steampowered.com/app/428880
300,459750,The Quest - Islands of Ice and Fire,6.99,"Adventure, Indie, RPG",http://store.steampowered.com/app/459750
301,284950,Pixel Puzzles: Japan,1.74,"Casual, Indie, Simulation",http://store.steampowered.com/app/284950
301,285010,Pixel Puzzles: UndeadZ,6.99,"Action, Casual, Indie, Simulation, Strategy",http://store.steampowered.com/app/285010
301,344230,Pixel Puzzles 2: Birds,9.99,"Casual, Indie, Simulation, Strategy",http://store.steampowered.com/app/344230
301,350810,Pixel Puzzles 2: Anime,9.99,"Action, Casual, Indie, Simulation, Strategy",http://store.steampowered.com/app/350810
301,355920,Pixel Puzzles 2: Space,2.49,"Casual, Indie, Simulation, Strategy",http://store.steampowered.com/app/355920
301,464730,Pixel Puzzles: UndeadZ - Original Soundtrack,0.89,"Action, Casual, Indie, Simulation, Strategy",http://store.steampowered.com/app/464730
301,504880,Pixel Puzzles 2: RADical ROACH,9.99,"Action, Casual, Indie, Simulation, Strategy",http://store.steampowered.com/app/504880
302,292400,Unrest,14.99,"Adventure, Indie, RPG",http://store.steampowered.com/app/292400
302,301710,Unrest: Soundtrack,3.49,"Adventure, Indie, RPG",http://store.steampowered.com/app/301710
302,301720,Unrest: Special Edition Extras,6.99,"Adventure, Indie, RPG",http://store.steampowered.com/app/301720
302,307210,Will Fight for Food: Super Actual Sellout: Game of the Hour,5.99,"Action, Indie, RPG",http://store.steampowered.com/app/307210
302,358830,Good Robot,9.99,"Action, Indie, RPG",http://store.steampowered.com/app/358830
302,439690,Good Robot Soundtrack,4.99,"Action, Indie, RPG",http://store.steampowered.com/app/439690
303,397190,Sengoku Jidai: Shadow of the Shogun,29.99,Strategy,http://store.steampowered.com/app/397190
303,461930,Sengoku Jidai – Field of Glory Renaissance Core Rules pdf,14.99,Strategy,http://store.steampowered.com/app/461930
303,461931,Sengoku Jidai – Empires of the Dragon Army Book pdf,7.99,Strategy,http://store.steampowered.com/app/461931
303,461932,Sengoku Jidai – Colonies and Conquest Army Book pdf,7.99,Strategy,http://store.steampowered.com/app/461932
303,461933,Sengoku Jidai – Bjeongja Horan Campaign (2nd Manchu Invasion of Korea 1636),3.99,Strategy,http://store.steampowered.com/app/461933
303,461934,Sengoku Jidai – Genko Campaign (2nd Mongol Invasion of Japan 1281),3.99,Strategy,http://store.steampowered.com/app/461934
303,461935,Sengoku Jidai – Genko MP skirmishes,1.99,Strategy,http://store.steampowered.com/app/461935
306,428830,Save the Dodos,2.99,"Casual, Indie",http://store.steampowered.com/app/428830
306,455030,Save the Dodos! Soundtrack,1.99,"Casual, Indie",http://store.steampowered.com/app/455030
307,42910,Magicka,9.99,"Action, RPG",http://store.steampowered.com/app/42910
307,73030,Magicka: Wizard's Survival Kit,0.99,"Action, RPG",http://store.steampowered.com/app/73030
307,42918,Magicka: Vietnam,4.99,"Action, RPG",http://store.steampowered.com/app/42918
307,73033,Magicka: Marshlands,1.99,"Action, RPG",http://store.steampowered.com/app/73033
307,73031,Magicka: Nippon,0.99,"Action, RPG",http://store.steampowered.com/app/73031
307,73035,Magicka: Final Frontier,2.99,"Action, RPG",http://store.steampowered.com/app/73035
307,73036,Magicka: The Watchtower,1.99,"Action, RPG",http://store.steampowered.com/app/73036
307,73037,Magicka: Frozen Lake,1.99,"Action, RPG",http://store.steampowered.com/app/73037
307,73054,Magicka: Party Robes,1.99,"Action, RPG",http://store.steampowered.com/app/73054
307,73057,Magicka: Gamer Bundle,1.99,"Action, RPG",http://store.steampowered.com/app/73057
307,73058,Magicka: The Stars Are Left,5.99,"Action, RPG",http://store.steampowered.com/app/73058
307,73091,Magicka: Holiday Spirit Item Pack,1.99,"Action, RPG",http://store.steampowered.com/app/73091
307,73092,Magicka: Horror Props Item Pack,2.99,"Action, RPG",http://store.steampowered.com/app/73092
307,73039,Magicka: Lonely Island Cruise,1.99,"Action, RPG",http://store.steampowered.com/app/73039
307,73093,Magicka: The Other Side of the Coin,4.99,"Action, RPG",http://store.steampowered.com/app/73093
307,73095,Magicka: Mega Villain Robes,1.99,"Action, RPG",http://store.steampowered.com/app/73095
307,73096,Magicka: Aspiring Musician Robes,1.99,"Action, RPG",http://store.steampowered.com/app/73096
307,73097,Magicka: Peculiar Gadgets Item Pack,1.99,"Action, RPG",http://store.steampowered.com/app/73097
307,73098,Magicka: Heirlooms Item Pack,1.99,"Action, RPG",http://store.steampowered.com/app/73098
307,73115,Magicka: Dungeons and Daemons,3.99,"Action, RPG",http://store.steampowered.com/app/73115
307,73120,Magicka: Grimnir's Laboratory,0.99,"Action, RPG",http://store.steampowered.com/app/73120
307,73119,Magicka: Tower of Niflheim,1.99,"Action, RPG",http://store.steampowered.com/app/73119
307,255980,Magicka: Dungeons and Gargoyles,3.99,"Action, RPG",http://store.steampowered.com/app/255980
307,266740,Magicka: The Ninth Element Novel,4.99,"Action, RPG",http://store.steampowered.com/app/266740
307,238370,Magicka 2,14.99,"Action, Adventure",http://store.steampowered.com/app/238370
307,393830,Magicka 2: Gates of Midgård Challenge pack,3.99,"Action, Adventure",http://store.steampowered.com/app/393830
307,393831,Magicka 2: Three Cardinals Robe Pack,4.99,"Action, Adventure",http://store.steampowered.com/app/393831
307,414651,"Magicka 2: Ice, Death and Fury",9.99,"Action, Adventure",http://store.steampowered.com/app/414651
308,"233700,238450,258930",Sword of the Stars: The Pit - Gold Edition,12.99,"Casual, Indie, RPG, Strategy","http://store.steampowered.com/app/233700,238450,258930"
308,267720,Sword of the Stars: The Pit Soundtrack,4.99,"Casual, Indie, RPG, Strategy",http://store.steampowered.com/app/267720
308,291790,Sword of the Stars: The Pit - The Pilgrim DLC,1.99,"Casual, Indie, RPG, Strategy",http://store.steampowered.com/app/291790
308,323560,Sword of the Stars: The Pit - Juggernaut,1.99,"Casual, Indie, RPG, Strategy",http://store.steampowered.com/app/323560
308,345470,Sword of the Stars: The Pit - Necromancer,1.99,"Casual, Indie, RPG, Strategy",http://store.steampowered.com/app/345470
308,449720,Sword of the Stars: The Pit - Healer,1.99,"Casual, Indie, RPG, Strategy",http://store.steampowered.com/app/449720
309,108232,Ticket to Ride - USA 1910,1.99,"Casual, Indie, Strategy",http://store.steampowered.com/app/108232
309,108231,Ticket to Ride - Switzerland,4.99,"Casual, Indie, Strategy",http://store.steampowered.com/app/108231
309,108200,Ticket to Ride,9.99,"Casual, Indie, Strategy",http://store.steampowered.com/app/108200
309,108230,Ticket to Ride - Europe,5.99,"Casual, Indie, Strategy",http://store.steampowered.com/app/108230
309,108233,Ticket to Ride - Legendary Asia,4.99,"Casual, Indie, Strategy",http://store.steampowered.com/app/108233
309,350270,Ticket to Ride - India,4.99,"Casual, Indie, Strategy",http://store.steampowered.com/app/350270
309,350271,Ticket to Ride - Nordic countries,4.99,"Casual, Indie, Strategy",http://store.steampowered.com/app/350271
309,457201,Ticket to Ride - Pennsylvania,4.99,"Casual, Indie, Strategy",http://store.steampowered.com/app/457201
311,426920,Hyperdevotion Noire: Ultimate Noire Set,0.99,Strategy,http://store.steampowered.com/app/426920
311,426921,Hyperdevotion Noire: Ultimate Neptune Set,0.99,Strategy,http://store.steampowered.com/app/426921
311,426922,Hyperdevotion Noire: Ultimate Blanc Set,0.99,Strategy,http://store.steampowered.com/app/426922
311,426923,Hyperdevotion Noire: Ultimate Vert Set,0.99,Strategy,http://store.steampowered.com/app/426923
311,426924,Hyperdevotion Noire: Ultimate Lee-Fi Set,0.99,Strategy,http://store.steampowered.com/app/426924
311,426925,Hyperdevotion Noire: Ultimate Lid Set,0.99,Strategy,http://store.steampowered.com/app/426925
311,426926,Hyperdevotion Noire: Ultimate Resta Set,0.99,Strategy,http://store.steampowered.com/app/426926
311,426927,Hyperdevotion Noire: Ultimate Estelle Set,0.99,Strategy,http://store.steampowered.com/app/426927
311,426928,Hyperdevotion Noire: Ultimate Ein Al Set,0.99,Strategy,http://store.steampowered.com/app/426928
311,426929,Hyperdevotion Noire: Histoire's Value Set,0.99,Strategy,http://store.steampowered.com/app/426929
311,426990,Hyperdevotion Noire: Ultimate Poona Set,0.99,Strategy,http://store.steampowered.com/app/426990
311,426991,Hyperdevotion Noire: Ultimate Moru Set,0.99,Strategy,http://store.steampowered.com/app/426991
311,426992,Hyperdevotion Noire: Ultimate Ai Masujima Set,0.99,Strategy,http://store.steampowered.com/app/426992
311,426993,Hyperdevotion Noire: Ultimate Ryuka Set,0.99,Strategy,http://store.steampowered.com/app/426993
311,426994,Hyperdevotion Noire: Ultimate Blossom Aizen Set,0.99,Strategy,http://store.steampowered.com/app/426994
311,426995,Hyperdevotion Noire: Ultimate Tsunemi Set,0.99,Strategy,http://store.steampowered.com/app/426995
311,426996,Hyperdevotion Noire: Ultimate Disc,0.99,Strategy,http://store.steampowered.com/app/426996
311,426997,Hyperdevotion Noire: Ultimate Wyn Set,0.99,Strategy,http://store.steampowered.com/app/426997
311,426998,Hyperdevotion Noire: Ultimate Lady Wac Set,0.99,Strategy,http://store.steampowered.com/app/426998
311,426999,Hyperdevotion Noire: Ultimate Generia G Set,0.99,Strategy,http://store.steampowered.com/app/426999
311,427000,Hyperdevotion Noire: Ultimate Saori Set,0.99,Strategy,http://store.steampowered.com/app/427000
311,427001,Hyperdevotion Noire: Ultimate Vio Set,0.99,Strategy,http://store.steampowered.com/app/427001
311,427002,Hyperdevotion Noire: Ultimate Sango Set,0.99,Strategy,http://store.steampowered.com/app/427002
311,427003,Hyperdevotion Noire: Ultimate Little Rain Set,0.99,Strategy,http://store.steampowered.com/app/427003
311,427004,Hyperdevotion Noire: Ultimate Event Full Unlock,1.99,Strategy,http://store.steampowered.com/app/427004
311,427005,Hyperdevotion Noire: Ultimate Party Member “Tiara”,0.99,Strategy,http://store.steampowered.com/app/427005
311,427006,Hyperdevotion Noire: Ultimate Member “IF”,0.99,Strategy,http://store.steampowered.com/app/427006
311,427007,Hyperdevotion Noire: Ultimate Member “Compa”,0.99,Strategy,http://store.steampowered.com/app/427007
311,427008,Hyperdevotion Noire: Ultimate Member “Sting”,0.99,Strategy,http://store.steampowered.com/app/427008
312,282470,Don't Starve: Reign of Giants,4.99,"Adventure, Indie, Simulation",http://store.steampowered.com/app/282470
312,219740,Don't Starve,14.99,"Adventure, Indie, Simulation",http://store.steampowered.com/app/219740
312,322330,Don't Starve Together,14.99,"Adventure, Indie, Simulation",http://store.steampowered.com/app/322330
312,393010,Don't Starve: Shipwrecked,4.99,"Adventure, Indie, Simulation",http://store.steampowered.com/app/393010
313,319970,The Detail,5.99,"Adventure, Indie",http://store.steampowered.com/app/319970
313,358120,The Detail Episode 2 - From The Ashes,5.99,"Adventure, Indie",http://store.steampowered.com/app/358120
313,436430,The Detail Episode 3 - Devil in The Detail,5.99,"Adventure, Indie",http://store.steampowered.com/app/436430
316,443650,Wailing Heights,9.99,"Adventure, Indie",http://store.steampowered.com/app/443650
316,465210,Wailing Heights - Original Soundtrack and PDF Comic Artbook,4.99,Adventure,http://store.steampowered.com/app/465210
318,454550,Qubicle Voxel Editor,19.99,"Animation & Modeling, Design & Illustration",http://store.steampowered.com/app/454550
318,456110,Qubicle Voxelizer Module,24.99,"Animation & Modeling, Design & Illustration",http://store.steampowered.com/app/456110
318,456230,Qubicle Mesh Module,24.99,"Animation & Modeling, Design & Illustration",http://store.steampowered.com/app/456230
318,456231,Qubicle Utility Module,19.99,"Animation & Modeling, Design & Illustration",http://store.steampowered.com/app/456231
319,22600,Worms Reloaded,19.99,Strategy,http://store.steampowered.com/app/22600
319,22630,"Worms Reloaded: The ""Pre-order Forts and Hats"" DLC Pack",1.99,,http://store.steampowered.com/app/22630
319,22631,Worms Reloaded: Puzzle Pack,4.99,Strategy,http://store.steampowered.com/app/22631
319,22632,Worms Reloaded: Forts Pack,4.99,Strategy,http://store.steampowered.com/app/22632
319,22633,Worms Reloaded: Time Attack Pack,4.99,Strategy,http://store.steampowered.com/app/22633
319,22634,Worms Reloaded: Retro Pack,4.99,Strategy,http://store.steampowered.com/app/22634
319,70600,Worms Ultimate Mayhem,14.99,Strategy,http://store.steampowered.com/app/70600
319,70620,Worms Crazy Golf,9.99,"Sports, Strategy",http://store.steampowered.com/app/70620
319,70640,Worms,7.99,Strategy,http://store.steampowered.com/app/70640
319,70660,Worms Pinball,7.99,Casual,http://store.steampowered.com/app/70660
319,70650,Worms Blast,7.99,"Casual, Strategy",http://store.steampowered.com/app/70650
319,200170,Worms Revolution,14.99,Strategy,http://store.steampowered.com/app/200170
319,200189,Worms Revolution: Funfair DLC,4.99,Strategy,http://store.steampowered.com/app/200189
319,200188,Worms Revolution - Mars Pack,4.99,Strategy,http://store.steampowered.com/app/200188
319,200185,Worms Revolution: Medieval Tales DLC,4.99,Strategy,http://store.steampowered.com/app/200185
319,70616,Worms Ultimate Mayhem - Multiplayer Pack DLC,2.99,Strategy,http://store.steampowered.com/app/70616
319,70617,Worms Ultimate Mayhem - Customization Pack DLC,2.99,Strategy,http://store.steampowered.com/app/70617
319,217200,Worms Armageddon,14.99,Strategy,http://store.steampowered.com/app/217200
319,235230,Worms Revolution - Customization Pack,4.99,Strategy,http://store.steampowered.com/app/235230
319,233840,Worms Clan Wars,24.99,Strategy,http://store.steampowered.com/app/233840
320,337360,Dead Island Retro Revenge,4.99,Action,http://store.steampowered.com/app/337360
320,383150,Dead Island Definitive Edition,19.99,Action,http://store.steampowered.com/app/383150
320,383180,Dead Island: Riptide Definitive Edition,19.99,Action,http://store.steampowered.com/app/383180
321,266310,GameGuru,19.99,"Animation & Modeling, Design & Illustration, Education, Software Training, Utilities",http://store.steampowered.com/app/266310
321,321140,GameGuru Mega Pack 1,24.99,"Action, Adventure",http://store.steampowered.com/app/321140
321,321141,GameGuru Mega Pack 2,24.99,"Action, Adventure",http://store.steampowered.com/app/321141
321,321142,GameGuru Mega Pack 3,24.99,"Action, Adventure",http://store.steampowered.com/app/321142
321,365520,GameGuru - Buildings Pack,29.99,"Action, Adventure",http://store.steampowered.com/app/365520
321,365530,GameGuru - Fantasy Pack,29.99,"Action, Adventure",http://store.steampowered.com/app/365530
321,365540,GameGuru - Death Valley Combat Pack,29.99,"Action, Indie, Simulation",http://store.steampowered.com/app/365540
321,404570,GameGuru - Sci-Fi Mission to Mars Pack,7.99,Action,http://store.steampowered.com/app/404570
322,325180,App Game Kit: Easy + Instant Game Development,79.99,"Animation & Modeling, Design & Illustration, Education, Software Training, Utilities, Web Publishing",http://store.steampowered.com/app/325180
322,345720,The Official App Game Kit Tutorial Guide,39.99,"Animation & Modeling, Design & Illustration, Education, Software Training, Utilities",http://store.steampowered.com/app/345720
322,410530,AppGameKit - Giant Asset Pack 1,19.99,"Animation & Modeling, Design & Illustration, Education, Software Training, Utilities",http://store.steampowered.com/app/410530
322,410531,AppGameKit - Giant Asset Pack 2,19.99,"Animation & Modeling, Design & Illustration, Education, Software Training, Utilities",http://store.steampowered.com/app/410531
322,473430,The Official App Game Kit Tier 2 Starter's Guide,19.99,"Animation & Modeling, Design & Illustration, Education, Software Training, Utilities",http://store.steampowered.com/app/473430
326,267773,Talisman - Character Pack #7 - Black Witch,1.99,"Indie, RPG, Strategy",http://store.steampowered.com/app/267773
326,267774,Talisman - Character Pack #8 - Apprentice Mage,1.99,"Indie, RPG, Strategy",http://store.steampowered.com/app/267774
326,267783,Talisman - Character Pack #11 - Illusionist,1.99,"Indie, RPG, Strategy",http://store.steampowered.com/app/267783
327,258813,Talisman - Character Pack #1 - Exorcist,1.99,"Indie, RPG, Strategy",http://store.steampowered.com/app/258813
327,258815,Talisman - Character Pack #3 - Devil's Minion,1.99,"Indie, RPG, Strategy",http://store.steampowered.com/app/258815
327,267770,Talisman - Character Pack #5 - Martyr,1.99,"Indie, RPG, Strategy",http://store.steampowered.com/app/267770
328,258816,Talisman - Character Pack #4 - Genie,1.99,"Indie, RPG, Strategy",http://store.steampowered.com/app/258816
328,267778,Talisman - Character Pack #9 - Shape Shifter,1.99,"Indie, RPG, Strategy",http://store.steampowered.com/app/267778
328,267786,Talisman - Character Pack #13 - Goblin Shaman,1.99,"Indie, RPG, Strategy",http://store.steampowered.com/app/267786
329,258814,Talisman - Character Pack #2 - Courtesan,1.99,"Indie, RPG, Strategy",http://store.steampowered.com/app/258814
329,267771,Talisman - Character Pack #6 - Gambler,1.99,"Indie, RPG, Strategy",http://store.steampowered.com/app/267771
329,267785,Talisman - Character Pack #12 - Jester,1.99,"Indie, RPG, Strategy",http://store.steampowered.com/app/267785
331,235360,Prime World: Defenders,9.99,"Casual, Indie, Strategy",http://store.steampowered.com/app/235360
331,270790,Etherlords II,4.99,"Adventure, Indie, RPG, Strategy",http://store.steampowered.com/app/270790
331,270770,Etherlords,4.99,Strategy,http://store.steampowered.com/app/270770
331,313480,Blitzkrieg Anthology,4.24,Strategy,http://store.steampowered.com/app/313480
331,313500,Blitzkrieg 2 Anthology,4.24,Strategy,http://store.steampowered.com/app/313500
331,366650,Blitzkrieg 3 - Digital Deluxe Edition Upgrade,19.99,"Massively Multiplayer, Strategy",http://store.steampowered.com/app/366650
331,235380,Blitzkrieg 3,26.99,"Massively Multiplayer, Strategy, Early Access",http://store.steampowered.com/app/235380
332,343280,Zotrix,12.99,"Action, Indie, RPG, Simulation, Strategy",http://store.steampowered.com/app/343280
332,351720,Zotrix - Solar Division,5.99,"Casual, Indie, Simulation, Strategy",http://store.steampowered.com/app/351720
333,266310,GameGuru,19.99,"Animation & Modeling, Design & Illustration, Education, Software Training, Utilities",http://store.steampowered.com/app/266310
333,321140,GameGuru Mega Pack 1,24.99,"Action, Adventure",http://store.steampowered.com/app/321140
333,321141,GameGuru Mega Pack 2,24.99,"Action, Adventure",http://store.steampowered.com/app/321141
333,325180,App Game Kit: Easy + Instant Game Development,79.99,"Animation & Modeling, Design & Illustration, Education, Software Training, Utilities, Web Publishing",http://store.steampowered.com/app/325180
333,345720,The Official App Game Kit Tutorial Guide,39.99,"Animation & Modeling, Design & Illustration, Education, Software Training, Utilities",http://store.steampowered.com/app/345720
333,410530,AppGameKit - Giant Asset Pack 1,19.99,"Animation & Modeling, Design & Illustration, Education, Software Training, Utilities",http://store.steampowered.com/app/410530
333,410531,AppGameKit - Giant Asset Pack 2,19.99,"Animation & Modeling, Design & Illustration, Education, Software Training, Utilities",http://store.steampowered.com/app/410531
334,339470,Retention,0.99,"Adventure, Casual, Indie",http://store.steampowered.com/app/339470
334,357900,Make it indie!,0.99,"Adventure, Indie, Simulation",http://store.steampowered.com/app/357900
334,375010,Energy Balance,2.99,"Casual, Indie",http://store.steampowered.com/app/375010
334,403550,Energy Balance Soundtrack,0.99,"Casual, Indie",http://store.steampowered.com/app/403550
334,415960,Energy Cycle,0.99,"Casual, Indie",http://store.steampowered.com/app/415960
334,423240,Energy Cycle Soundtrack,0.99,"Casual, Indie",http://store.steampowered.com/app/423240
334,426120,Energy Cycle Collector's Edition Content,0.99,"Casual, Indie",http://store.steampowered.com/app/426120
334,434210,It's Spring Again,0.99,"Casual, Indie",http://store.steampowered.com/app/434210
334,434400,It's Spring Again Collector's Edition Content,1.99,"Casual, Indie",http://store.steampowered.com/app/434400
334,448470,Bacteria,0.99,"Casual, Indie",http://store.steampowered.com/app/448470
334,448760,Bacteria Collector's Edition Content,0.99,"Casual, Indie",http://store.steampowered.com/app/448760
334,449400,Bacteria Soundtrack,0.99,"Casual, Indie",http://store.steampowered.com/app/449400
334,453850,Dear RED - Extended,2.24,"Indie, RPG",http://store.steampowered.com/app/453850
334,454690,Cyber City 2157: The Visual Novel,5.99,"Adventure, Casual, Indie",http://store.steampowered.com/app/454690
334,461880,Hyposphere,2.99,"Casual, Indie",http://store.steampowered.com/app/461880
334,461890,NORTH,1.99,"Adventure, Indie",http://store.steampowered.com/app/461890
334,463100,Liveza: Death of the Earth,1.99,"Adventure, Indie",http://store.steampowered.com/app/463100
334,463110,Farnham Fables,0.99,"Adventure, Casual, Indie",http://store.steampowered.com/app/463110
334,463710,Puzzle Galaxies,0.79,"Casual, Indie",http://store.steampowered.com/app/463710
334,464960,Hiiro,2.99,"Adventure, Casual, Indie",http://store.steampowered.com/app/464960
334,468040,Hiiro - Collector's Edition Content,0.99,"Adventure, Casual, Indie",http://store.steampowered.com/app/468040
334,485390,Machine Made: Rebirth,4.99,"Indie, RPG, Early Access",http://store.steampowered.com/app/485390
334,490980,Daily Chthonicle: Editor's Edition,2.99,"Adventure, Casual, Indie, RPG, Simulation, Early Access",http://store.steampowered.com/app/490980
334,495780,Hexoscope,0.99,"Casual, Indie",http://store.steampowered.com/app/495780
334,496680,SweatShop,0.99,"Casual, Indie, Strategy",http://store.steampowered.com/app/496680
334,507380,Black Sand Drift,0.84,"Casual, Indie",http://store.steampowered.com/app/507380
334,507390,Gone In November,0.99,"Adventure, Indie",http://store.steampowered.com/app/507390
334,511240,Gone In November Collector's Edition Content,0.99,"Adventure, Indie",http://store.steampowered.com/app/511240
334,511300,Hexoscope OST,0.99,"Casual, Indie",http://store.steampowered.com/app/511300
334,511301,Hexoscope Collector's Edition Content,0.99,"Casual, Indie",http://store.steampowered.com/app/511301
334,517560,Black Sand Drift Collector's Edition Content,1.69,"Casual, Indie",http://store.steampowered.com/app/517560
334,524360,Farnham Fables Tape 1 Episode 2,0.99,"Adventure, Casual, Indie",http://store.steampowered.com/app/524360
335,272100,The Banner Saga - Soundtrack,7.99,"Indie, RPG, Strategy",http://store.steampowered.com/app/272100
335,237990,The Banner Saga,19.99,"Indie, RPG, Strategy",http://store.steampowered.com/app/237990
335,281640,The Banner Saga 2,19.99,"Indie, RPG, Strategy",http://store.steampowered.com/app/281640
335,425440,The Banner Saga 2 - Soundtrack,7.99,"Indie, RPG, Strategy",http://store.steampowered.com/app/425440
336,233470,Evoland,9.99,"Adventure, Indie, RPG",http://store.steampowered.com/app/233470
336,359310,Evoland 2,19.99,"Action, Adventure, Indie, RPG",http://store.steampowered.com/app/359310
336,396460,Evoland 2 - Soundtrack,6.99,"Action, Adventure, Indie, RPG",http://store.steampowered.com/app/396460
338,332580,Mimpi,0.99,"Adventure, Casual, Indie",http://store.steampowered.com/app/332580
338,444770,Mimpi Dreams,4.99,"Adventure, Indie",http://store.steampowered.com/app/444770
339,371100,Waste Walkers,9.99,"Action, Adventure, Indie, RPG, Simulation, Strategy",http://store.steampowered.com/app/371100
339,371350,Waste Walkers Prepper's Edition DLC,1.99,"Action, Adventure, Indie, RPG, Simulation, Strategy",http://store.steampowered.com/app/371350
339,374660,Waste Walkers Resource Toolkit DLC,2.99,"Action, Adventure, Indie, RPG, Simulation, Strategy",http://store.steampowered.com/app/374660
339,395690,Waste Walkers Role Playing Game DLC,2.99,"Action, Adventure, Indie, RPG, Simulation, Strategy",http://store.steampowered.com/app/395690
339,439900,Waste Walkers Deliverance,4.99,"Action, Adventure, Indie, RPG, Simulation, Strategy",http://store.steampowered.com/app/439900
339,443750,Waste Walkers Awareness,2.99,"Action, Adventure, Indie, RPG, Simulation, Strategy",http://store.steampowered.com/app/443750
340,434780,The Renegades of Orion 2.0,1.99,"Action, Casual, Indie",http://store.steampowered.com/app/434780
340,453370,The Renegades of Orion 2.0 - Revenge DLC #1,0.99,"Action, Casual, Indie",http://store.steampowered.com/app/453370
340,467970,The Renegades of Orion 2.0 - Apocalypse DLC #2,0.99,"Action, Casual, Indie",http://store.steampowered.com/app/467970
342,220700,RPG Maker VX Ace,69.99,"Design & Illustration, Web Publishing",http://store.steampowered.com/app/220700
342,380080,SONAR Steam Edition,99.99,Audio Production,http://store.steampowered.com/app/380080
345,366440,Savage Resurrection,19.99,"Action, RPG, Strategy",http://store.steampowered.com/app/366440
345,462880,Savage Resurrection - Digital Deluxe,9.99,"Action, RPG, Strategy",http://store.steampowered.com/app/462880
349,334770,Project CARS - Limited Edition Upgrade,4.99,"Racing, Simulation, Sports",http://store.steampowered.com/app/334770
349,334771,Project CARS - Modified Car Pack,1.99,"Racing, Simulation, Sports",http://store.steampowered.com/app/334771
349,334772,Project CARS - Racing Icons Car Pack,3.49,"Racing, Simulation, Sports",http://store.steampowered.com/app/334772
349,334773,Project CARS - Audi Ruapuna Speedway Expansion,5.49,"Racing, Simulation, Sports",http://store.steampowered.com/app/334773
349,334774,Project CARS - Old Vs New Car Pack,3.49,"Racing, Simulation, Sports",http://store.steampowered.com/app/334774
349,334780,Project CARS - Stanceworks Track Expansion,5.49,"Racing, Simulation, Sports",http://store.steampowered.com/app/334780
349,334781,Project CARS - Aston Martin Track Expansion,5.49,"Racing, Simulation, Sports",http://store.steampowered.com/app/334781
349,334782,Project CARS - Classic Lotus Track Expansion,7.49,"Racing, Simulation, Sports",http://store.steampowered.com/app/334782
349,334790,Project CARS - Japanese Car Pack,3.49,"Racing, Simulation, Sports",http://store.steampowered.com/app/334790
349,334791,Project CARS - Renault Sport Car Pack,3.49,"Racing, Simulation, Sports",http://store.steampowered.com/app/334791
349,334792,Project CARS - Pagani Nürburgring Combined Track Expansion,3.99,"Racing, Simulation, Sports",http://store.steampowered.com/app/334792
349,334793,Project CARS - US Race Car Pack,3.49,"Racing, Simulation, Sports",http://store.steampowered.com/app/334793
350,448720,Puzzle Box,9.99,"Action, Adventure, Casual, Indie, Strategy",http://store.steampowered.com/app/448720
350,464860,Puzzle Box - Soundtrack OST,4.99,"Action, Adventure, Casual, Indie, Strategy",http://store.steampowered.com/app/464860
354,289070,Sid Meier’s Civilization® VI,79.99,Strategy,http://store.steampowered.com/app/289070
354,353370,Steam Controller,29.99,,http://store.steampowered.com/app/353370
356,230700,La-Mulana,14.99,"Action, Adventure, Indie",http://store.steampowered.com/app/230700
356,249330,Unholy Heights,3.99,"Indie, Simulation, Strategy",http://store.steampowered.com/app/249330
356,263620,Mitsurugi Kamui Hikae,9.99,"Action, Indie",http://store.steampowered.com/app/263620
356,266210,One Way Heroics,3.49,"Indie, RPG",http://store.steampowered.com/app/266210
356,273240,Gunhound EX,14.99,"Action, Indie",http://store.steampowered.com/app/273240
356,283680,Astebreed,14.99,"Action, Indie",http://store.steampowered.com/app/283680
356,292480,Magical Battle Festa,9.99,"Action, Indie",http://store.steampowered.com/app/292480
356,292500,Kero Blaster,9.99,"Action, Adventure, Indie",http://store.steampowered.com/app/292500
356,312600,Rime Berta,14.99,"RPG, Strategy",http://store.steampowered.com/app/312600
356,313400,REVOLVER360 RE:ACTOR,9.99,"Action, Indie",http://store.steampowered.com/app/313400
356,320120,Meadowland,3.99,"Indie, Simulation",http://store.steampowered.com/app/320120
356,346730,GOCCO OF WAR,19.99,"Action, Casual, Indie",http://store.steampowered.com/app/346730
356,352780,An Octave Higher,11.99,"Adventure, Indie",http://store.steampowered.com/app/352780
356,352790,Futuridium EP Deluxe,9.99,"Action, Indie",http://store.steampowered.com/app/352790
356,352840,One Way Heroics Plus,6.49,"Indie, RPG",http://store.steampowered.com/app/352840
356,355240,NEO AQUARIUM - The King of Crustaceans -,8.99,"Action, Indie",http://store.steampowered.com/app/355240
356,358090,D4: Dark Dreams Don’t Die -Season One-,14.99,"Adventure, Casual, Indie",http://store.steampowered.com/app/358090
356,359440,Artifact Adventure,6.99,"Indie, RPG",http://store.steampowered.com/app/359440
356,359450,In Space We Brawl,8.99,"Action, Indie",http://store.steampowered.com/app/359450
356,363650,Hacker's Beat,9.99,"Casual, Indie",http://store.steampowered.com/app/363650
356,363980,Forget Me Not: My Organic Garden,9.99,"Indie, Simulation",http://store.steampowered.com/app/363980
356,365850,Starchaser: Priestess of the Night Sky,9.99,"Action, Indie",http://store.steampowered.com/app/365850
356,368060,D4: SWERY's Choice Costume Set -4 Cups of Coffee-,0.99,,http://store.steampowered.com/app/368060
356,368061,D4: SWERY's Choice Costume Set -4 Bottles of Tequila-,0.99,,http://store.steampowered.com/app/368061
356,372510,D4: Mini Soundtrack,3.99,"Adventure, Casual, Indie",http://store.steampowered.com/app/372510
356,372511,D4: Special Art Book,4.99,"Adventure, Casual, Indie",http://store.steampowered.com/app/372511
356,372512,D4: Season One Voice Over Script,4.99,"Adventure, Casual, Indie",http://store.steampowered.com/app/372512
356,373560,D4: Special Costume Set -12 Beers-,2.99,"Adventure, Casual, Indie",http://store.steampowered.com/app/373560
356,373770,LiEat,2.99,"Indie, RPG",http://store.steampowered.com/app/373770
356,380910,D4: In Game Document Full Unlock Key,0.99,"Adventure, Casual, Indie",http://store.steampowered.com/app/380910
356,384220,D4: David's Costume Full Unlock Key,1.99,"Adventure, Casual, Indie",http://store.steampowered.com/app/384220
356,384221,D4: Forrest's Costume Full Unlock Key,0.99,"Adventure, Casual, Indie",http://store.steampowered.com/app/384221
356,384223,D4: Olivia's Costume Full Unlock Key,0.99,"Adventure, Casual, Indie",http://store.steampowered.com/app/384223
356,384224,D4: David's Beard Full Unlock Key,1.99,"Adventure, Casual, Indie",http://store.steampowered.com/app/384224
356,384225,D4: Hand Cursor Set　Vol.1,2.99,"Adventure, Casual, Indie",http://store.steampowered.com/app/384225
356,384226,D4: Hand Cursor Set　Vol.2,2.99,"Adventure, Casual, Indie",http://store.steampowered.com/app/384226
356,384227,D4: Hand Cursor Set　Vol.3,2.99,"Adventure, Casual, Indie",http://store.steampowered.com/app/384227
356,396690,La-Mulana Original Sound Track,14.99,"Action, Adventure, Indie",http://store.steampowered.com/app/396690
356,407020,Star Sky - ブルームーン,3.99,"Adventure, Casual, Indie",http://store.steampowered.com/app/407020
356,407070,Kero Rhythm,5.99,Indie,http://store.steampowered.com/app/407070
356,415431,An Octave Higher - Extended Soundtrack,2.99,"Adventure, Indie",http://store.steampowered.com/app/415431
356,418190,Helen's Mysterious Castle,1.99,"Casual, Indie, RPG",http://store.steampowered.com/app/418190
356,419951,GOCCO OF WAR: Theme Song,1.99,"Action, Casual, Indie",http://store.steampowered.com/app/419951
356,427660,NightCry,24.99,"Adventure, Indie",http://store.steampowered.com/app/427660
356,428550,Momodora: Reverie Under the Moonlight,9.99,"Action, Indie",http://store.steampowered.com/app/428550
356,433710,Futuridium EP Deluxe Original Sound Track,4.99,"Action, Indie",http://store.steampowered.com/app/433710
356,442890,Magic Potion Explorer,9.99,"Casual, Indie, RPG, Strategy",http://store.steampowered.com/app/442890
356,444390,Neo Aquarium Soundtrack,4.99,"Action, Indie",http://store.steampowered.com/app/444390
356,449360,Momodora: Reverie Under the Moonlight OST,2.99,"Action, Indie",http://store.steampowered.com/app/449360
356,450500,Ace of Seafood,11.99,"Action, Indie",http://store.steampowered.com/app/450500
356,455560,NightCry Soundtrack,19.99,"Adventure, Indie",http://store.steampowered.com/app/455560
356,455561,NightCry Artbook,12.99,"Adventure, Indie",http://store.steampowered.com/app/455561
356,455562,NightCry Storyboards,12.99,"Adventure, Indie",http://store.steampowered.com/app/455562
358,450040,Stealth Labyrinth,2.99,"Action, Indie",http://store.steampowered.com/app/450040
358,450050,Yon Paradox,2.99,"Casual, Indie",http://store.steampowered.com/app/450050
358,450060,Insane Decay of Mind,2.99,"Action, Adventure, Indie",http://store.steampowered.com/app/450060
358,450740,Mind Unleashed,2.99,"Action, Indie",http://store.steampowered.com/app/450740
361,413410,Danganronpa: Trigger Happy Havoc,29.99,Adventure,http://store.steampowered.com/app/413410
361,413420,Danganronpa 2: Goodbye Despair,29.99,Adventure,http://store.steampowered.com/app/413420
366,370940,Demons with Shotguns,9.99,"Action, Indie",http://store.steampowered.com/app/370940
366,461440,Demons with Shotguns Original Soundtrack,2.99,"Action, Indie",http://store.steampowered.com/app/461440
367,61500,Age of Wonders,5.99,"RPG, Strategy",http://store.steampowered.com/app/61500
367,61510,Age of Wonders II: The Wizard's Throne,9.99,"RPG, Strategy",http://store.steampowered.com/app/61510
367,61520,Age of Wonders Shadow Magic,9.99,"RPG, Strategy",http://store.steampowered.com/app/61520
367,226840,Age of Wonders III,29.99,"RPG, Strategy",http://store.steampowered.com/app/226840
367,275560,Age of Wonders III - Deluxe Edition DLC,6.99,"RPG, Strategy",http://store.steampowered.com/app/275560
367,299230,Age of Wonders III - Golden Realms Expansion,11.99,"RPG, Strategy",http://store.steampowered.com/app/299230
367,329530,Age of Wonders III - Eternal Lords Expansion,19.99,"RPG, Strategy",http://store.steampowered.com/app/329530
369,432230,"Axe, Bow & Staff",9.99,"Action, Indie, RPG, Early Access",http://store.steampowered.com/app/432230
369,471320,"Axe, Bow & Staff: The Soundtrack",4.99,Indie,http://store.steampowered.com/app/471320
374,265930,Goat Simulator,9.99,"Casual, Indie, Simulation",http://store.steampowered.com/app/265930
374,335350,Goat Simulator: Original Soundtrack,5.99,"Casual, Indie, Simulation",http://store.steampowered.com/app/335350
374,344450,Goat Simulator: GoatZ,4.99,"Casual, Indie, Simulation",http://store.steampowered.com/app/344450
374,425840,Goat Simulator: PAYDAY,4.99,"Casual, Indie, Simulation",http://store.steampowered.com/app/425840
374,463720,Goat Simulator: Waste of Space,4.99,"Casual, Indie, Simulation",http://store.steampowered.com/app/463720
375,250180,METAL SLUG 3,7.99,Action,http://store.steampowered.com/app/250180
375,366230,BASEBALL STARS 2,7.99,Sports,http://store.steampowered.com/app/366230
375,366250,METAL SLUG,7.99,Action,http://store.steampowered.com/app/366250
375,366260,METAL SLUG 2,6.99,Action,http://store.steampowered.com/app/366260
375,366270,SHOCK TROOPERS,7.99,Action,http://store.steampowered.com/app/366270
375,366280,TWINKLE STAR SPRITES,7.99,Action,http://store.steampowered.com/app/366280
376,220700,RPG Maker VX Ace,69.99,"Design & Illustration, Web Publishing",http://store.steampowered.com/app/220700
376,235900,RPG Maker XP,24.99,Web Publishing,http://store.steampowered.com/app/235900
376,362870,RPG Maker 2003,19.99,"Design & Illustration, Web Publishing",http://store.steampowered.com/app/362870
376,383730,RPG Maker 2000,24.99,Web Publishing,http://store.steampowered.com/app/383730
376,363890,RPG Maker MV,39.99,"Design & Illustration, Web Publishing",http://store.steampowered.com/app/363890
377,450750,Table Top Racing: World Tour - Supercharger Pack,2.99,Racing,http://store.steampowered.com/app/450750
377,450670,Table Top Racing: World Tour,14.99,Racing,http://store.steampowered.com/app/450670
377,512940,Table Top Racing: World Tour - Tropical Ice Pack,4.99,Racing,http://store.steampowered.com/app/512940
378,423363,Sport Heavy Casting Pack,4.99,"Free to Play, Massively Multiplayer, Simulation, Sports",http://store.steampowered.com/app/423363
378,423364,Sport Casting Bass Pack,4.99,"Free to Play, Massively Multiplayer, Simulation, Sports",http://store.steampowered.com/app/423364
378,423365,Sport Spinning Trout Pack,4.99,"Free to Play, Massively Multiplayer, Simulation, Sports",http://store.steampowered.com/app/423365
378,423366,Sport Float Pack,4.99,"Free to Play, Massively Multiplayer, Simulation, Sports",http://store.steampowered.com/app/423366
378,423367,Sport Outfit DLC,9.99,"Free to Play, Massively Multiplayer, Simulation, Sports",http://store.steampowered.com/app/423367
378,423368,Sport Ultralight Panfish Pack,4.99,"Free to Play, Massively Multiplayer, Simulation, Sports",http://store.steampowered.com/app/423368
381,279800,Grim Legends 2: Song of the Dark Swan,9.99,"Adventure, Casual",http://store.steampowered.com/app/279800
381,284850,Grim Legends: The Forsaken Bride,9.99,Casual,http://store.steampowered.com/app/284850
381,458470,Grim Legends 3: The Dark City,9.99,"Adventure, Casual",http://store.steampowered.com/app/458470
382,222730,Reus,9.99,"Indie, Simulation, Strategy",http://store.steampowered.com/app/222730
382,296970,Renowned Explorers: International Society,19.99,"Adventure, Indie, RPG, Strategy",http://store.steampowered.com/app/296970
382,460390,Renowned Explorers: More To Explore,7.49,"Adventure, Indie, RPG, Strategy",http://store.steampowered.com/app/460390
385,439190,Stories: The Path of Destinies,14.99,"Action, Adventure, Indie, RPG",http://store.steampowered.com/app/439190
385,471740,Stories: The Path Of Destinies Original Soundtrack,9.99,"Action, Adventure, Indie, RPG",http://store.steampowered.com/app/471740
385,471741,Stories: The Path Of Destinies Artbook,4.99,"Action, Adventure, Indie, RPG",http://store.steampowered.com/app/471741
391,298560,Captain Forever Remix,14.99,"Action, Indie",http://store.steampowered.com/app/298560
391,478990,Captain Forever Remix Original Soundtrack,4.99,,http://store.steampowered.com/app/478990
408,466820,Zenodyne R,9.99,"Action, Indie",http://store.steampowered.com/app/466820
408,471410,Zenodyne R - Soundtrack,4.99,"Action, Indie",http://store.steampowered.com/app/471410
409,470140,Funklift,9.99,"Casual, Indie",http://store.steampowered.com/app/470140
409,477840,Funklift Soundtrack,3.99,"Casual, Indie",http://store.steampowered.com/app/477840
414,332790,Darkness Assault,0.49,"Action, Indie",http://store.steampowered.com/app/332790
414,363610,Botology,1.99,"Action, Indie",http://store.steampowered.com/app/363610
414,394870,Office Battle,0.99,"Action, Indie",http://store.steampowered.com/app/394870
414,485730,Shift,0.99,"Indie, Strategy",http://store.steampowered.com/app/485730
417,320760,Tokyo School Life,7.49,Adventure,http://store.steampowered.com/app/320760
417,374880,Tokyo School Life - Original Soundtrack,2.99,Adventure,http://store.steampowered.com/app/374880
420,305780,Echo of the Wilds,8.99,"Adventure, Indie",http://store.steampowered.com/app/305780
420,334710,Ilamentia,5.99,"Action, Indie",http://store.steampowered.com/app/334710
420,399140,Straima,6.99,"Action, Indie",http://store.steampowered.com/app/399140
424,464760,Bibou,1.99,"Action, Adventure, Casual, Indie",http://store.steampowered.com/app/464760
424,475220,Kabitis,2.99,"Action, Adventure, Casual, Indie",http://store.steampowered.com/app/475220
426,341090,On A Roll 3D,3.99,"Action, Adventure, Casual, Indie",http://store.steampowered.com/app/341090
426,423760,Hit Tank PRO,2.99,"Action, Adventure, Casual, Indie, Strategy",http://store.steampowered.com/app/423760
426,434500,BATTLE PIXELS,1.99,"Action, Casual, Indie, Strategy",http://store.steampowered.com/app/434500
426,434780,The Renegades of Orion 2.0,1.99,"Action, Casual, Indie",http://store.steampowered.com/app/434780
426,434800,The Great Escape,3.99,"Action, Casual, Indie",http://store.steampowered.com/app/434800
426,439930,Control Craft 2,2.99,"Action, Casual, Indie, Strategy",http://store.steampowered.com/app/439930
426,448720,Puzzle Box,9.99,"Action, Adventure, Casual, Indie, Strategy",http://store.steampowered.com/app/448720
426,448790,Infinity Wings - Scout & Grunt,2.99,"Action, Casual, Indie",http://store.steampowered.com/app/448790
426,451670,War Birds: WW2 Air strike 1942,3.99,"Action, Casual, Indie, Simulation, Strategy",http://store.steampowered.com/app/451670
426,464760,Bibou,1.99,"Action, Adventure, Casual, Indie",http://store.steampowered.com/app/464760
426,467220,Dyna Bomb,4.99,"Action, Adventure, Casual, Indie",http://store.steampowered.com/app/467220
426,470060,1917 - The Alien Invasion,4.99,"Action, Adventure, Casual, Indie, Strategy",http://store.steampowered.com/app/470060
426,475220,Kabitis,2.99,"Action, Adventure, Casual, Indie",http://store.steampowered.com/app/475220
426,476880,Rescue Lucy,2.99,"Adventure, Casual, Indie",http://store.steampowered.com/app/476880
426,485640,Genius Greedy Mouse,4.99,"Action, Adventure, Casual, Indie, Strategy",http://store.steampowered.com/app/485640
426,485660,Karma Miwa,2.99,"Action, Adventure, Casual, Indie",http://store.steampowered.com/app/485660
426,485860,Impossible Quest,1.99,"Adventure, Casual, Indie",http://store.steampowered.com/app/485860
426,485920,Neon Warp,2.99,"Action, Casual, Indie",http://store.steampowered.com/app/485920
426,487270,Go Mission: Space Travel,0.99,"Action, Adventure, Casual, Indie, Strategy",http://store.steampowered.com/app/487270
426,487330,Totally Unbalanced,3.99,"Action, Adventure, Casual, Indie, Racing",http://store.steampowered.com/app/487330
426,496590,Crystal Cosmos,4.99,"Action, Adventure, Casual, Indie",http://store.steampowered.com/app/496590
426,496990,Ghost Sweeper,4.99,"Action, Adventure, Casual, Indie",http://store.steampowered.com/app/496990
426,502380,Tangled Up!,4.99,"Action, Adventure, Casual, Indie, Strategy",http://store.steampowered.com/app/502380
426,503710,Void,4.99,"Action, Adventure, Casual, Indie, Simulation, Strategy",http://store.steampowered.com/app/503710
428,262830,Crimsonland,13.99,"Action, Indie, RPG",http://store.steampowered.com/app/262830
428,428750,Neon Chrome,14.99,"Action, Adventure, Indie, RPG",http://store.steampowered.com/app/428750
430,386590,Novus Inceptio,19.99,"Adventure, Indie, RPG, Simulation, Early Access",http://store.steampowered.com/app/386590
430,425270,Novus Inceptio - The Official Soundtrack,4.99,"Adventure, Indie, RPG",http://store.steampowered.com/app/425270
432,434500,BATTLE PIXELS,1.99,"Action, Casual, Indie, Strategy",http://store.steampowered.com/app/434500
432,439930,Control Craft 2,2.99,"Action, Casual, Indie, Strategy",http://store.steampowered.com/app/439930
432,448720,Puzzle Box,9.99,"Action, Adventure, Casual, Indie, Strategy",http://store.steampowered.com/app/448720
432,448790,Infinity Wings - Scout & Grunt,2.99,"Action, Casual, Indie",http://store.steampowered.com/app/448790
432,451670,War Birds: WW2 Air strike 1942,3.99,"Action, Casual, Indie, Simulation, Strategy",http://store.steampowered.com/app/451670
432,464760,Bibou,1.99,"Action, Adventure, Casual, Indie",http://store.steampowered.com/app/464760
433,341090,On A Roll 3D,3.99,"Action, Adventure, Casual, Indie",http://store.steampowered.com/app/341090
433,423760,Hit Tank PRO,2.99,"Action, Adventure, Casual, Indie, Strategy",http://store.steampowered.com/app/423760
433,434780,The Renegades of Orion 2.0,1.99,"Action, Casual, Indie",http://store.steampowered.com/app/434780
433,434800,The Great Escape,3.99,"Action, Casual, Indie",http://store.steampowered.com/app/434800
433,467220,Dyna Bomb,4.99,"Action, Adventure, Casual, Indie",http://store.steampowered.com/app/467220
433,475220,Kabitis,2.99,"Action, Adventure, Casual, Indie",http://store.steampowered.com/app/475220
435,317480,SpeedRunners - Youtuber Pack 1,2.99,"Action, Casual, Indie, Racing, Sports",http://store.steampowered.com/app/317480
435,317490,SpeedRunners - Youtuber Pack 2,2.99,"Action, Casual, Indie, Racing, Sports",http://store.steampowered.com/app/317490
435,207140,SpeedRunners,14.99,"Action, Casual, Indie, Racing, Sports",http://store.steampowered.com/app/207140
436,423760,Hit Tank PRO,2.99,"Action, Adventure, Casual, Indie, Strategy",http://store.steampowered.com/app/423760
436,434500,BATTLE PIXELS,1.99,"Action, Casual, Indie, Strategy",http://store.steampowered.com/app/434500
436,439930,Control Craft 2,2.99,"Action, Casual, Indie, Strategy",http://store.steampowered.com/app/439930
436,451670,War Birds: WW2 Air strike 1942,3.99,"Action, Casual, Indie, Simulation, Strategy",http://store.steampowered.com/app/451670
438,434620,Pythagoria,1.99,"Casual, Indie",http://store.steampowered.com/app/434620
438,466870,Aurora Nights,0.99,"Casual, Indie",http://store.steampowered.com/app/466870
439,461850,Abrix the robot,9.99,"Casual, Indie, Strategy",http://store.steampowered.com/app/461850
439,465340,Abrix the robot - bonus soundtrack DLC,0.99,"Casual, Indie, Strategy",http://store.steampowered.com/app/465340
439,486880,Abrix for kids,4.99,"Casual, Indie, Strategy",http://store.steampowered.com/app/486880
439,489200,Abrix the robot - rooms with lasers DLC,0.59,"Casual, Indie, Strategy",http://store.steampowered.com/app/489200
439,526830,Abrix the robot - rooms with bombs DLC,1.99,"Casual, Indie, Strategy",http://store.steampowered.com/app/526830
442,364270,Lilly and Sasha: Curse of the Immortals,4.99,"Indie, RPG, Strategy",http://store.steampowered.com/app/364270
442,370040,Lilly and Sasha: Nexus of Souls,4.99,"Indie, RPG, Strategy",http://store.steampowered.com/app/370040
442,383520,Lilly and Sasha: Guardian Angels,4.99,"Indie, RPG, Strategy",http://store.steampowered.com/app/383520
443,414080,Life is Hard,8.99,"Adventure, Indie, Simulation, Strategy, Early Access",http://store.steampowered.com/app/414080
443,417230,Life is Hard OST,0.99,"Adventure, Indie, Simulation, Strategy",http://store.steampowered.com/app/417230
445,274250,OlliOlli,12.99,"Indie, Sports",http://store.steampowered.com/app/274250
445,274270,NOT A HERO,19.99,"Action, Adventure, Indie",http://store.steampowered.com/app/274270
445,"365660,398520",OlliOlli2 RAD Edition,19.99,"Action, Indie, Sports","http://store.steampowered.com/app/365660,398520"
447,349310,The Escapists - Fhurst Peak Correctional Facility,0.99,"Action, Adventure, Indie, Simulation, Strategy",http://store.steampowered.com/app/349310
447,349350,The Escapists - Alcatraz,1.99,"Action, Adventure, Indie, Simulation, Strategy",http://store.steampowered.com/app/349350
447,298630,The Escapists,17.99,"Action, Adventure, Indie, Simulation, Strategy",http://store.steampowered.com/app/298630
447,376700,The Escapists - Escape Team,3.99,"Action, Adventure, Indie, Simulation, Strategy",http://store.steampowered.com/app/376700
447,408730,The Escapists - Duct Tapes are Forever,3.99,"Action, Adventure, Indie, Simulation, Strategy",http://store.steampowered.com/app/408730
448,289130,Endless Legend™,29.99,"Indie, RPG, Strategy",http://store.steampowered.com/app/289130
448,297650,Endless Legend™ - Emperor Edition Upgrade,10.99,"Indie, RPG, Strategy",http://store.steampowered.com/app/297650
448,357360,Endless Legend™ - Guardians,9.99,"Indie, RPG, Strategy",http://store.steampowered.com/app/357360
448,374500,Endless Legend™ - Shadows,12.99,"Indie, RPG, Strategy",http://store.steampowered.com/app/374500
448,415700,Endless Legend™ - Echoes of Auriga,2.99,"Indie, RPG, Strategy",http://store.steampowered.com/app/415700
448,415710,Endless Legend™ - The Lost Tales,1.99,"Indie, RPG, Strategy",http://store.steampowered.com/app/415710
448,451050,Endless Legend™ - Shifters,12.99,"Indie, RPG, Strategy",http://store.steampowered.com/app/451050
449,357360,Endless Legend™ - Guardians,9.99,"Indie, RPG, Strategy",http://store.steampowered.com/app/357360
449,374500,Endless Legend™ - Shadows,12.99,"Indie, RPG, Strategy",http://store.steampowered.com/app/374500
449,415700,Endless Legend™ - Echoes of Auriga,2.99,"Indie, RPG, Strategy",http://store.steampowered.com/app/415700
449,415710,Endless Legend™ - The Lost Tales,1.99,"Indie, RPG, Strategy",http://store.steampowered.com/app/415710
449,451050,Endless Legend™ - Shifters,12.99,"Indie, RPG, Strategy",http://store.steampowered.com/app/451050
451,244160,Homeworld Remastered Collection,34.99,"Simulation, Strategy",http://store.steampowered.com/app/244160
451,352590,Homeworld 1 Remastered Soundtrack,7.99,"Simulation, Strategy",http://store.steampowered.com/app/352590
451,352710,Homeworld 2 Remastered Soundtrack,7.99,"Simulation, Strategy",http://store.steampowered.com/app/352710
454,257970,Loren The Amazon Princess,19.99,"Indie, RPG",http://store.steampowered.com/app/257970
454,270700,Loren The Amazon Princess - The Castle Of N'Mar DLC,6.99,"Indie, RPG",http://store.steampowered.com/app/270700
454,275240,Loren the Amazon Princess - Bonus Content,0.99,"Indie, RPG",http://store.steampowered.com/app/275240
454,291050,Planet Stronghold,18.99,"Indie, RPG, Strategy",http://store.steampowered.com/app/291050
454,294330,Planet Stronghold - Deluxe DLC,0.99,"Indie, RPG, Strategy",http://store.steampowered.com/app/294330
454,333390,Tales of Aravorn: Seasons Of The Wolf,24.99,"Adventure, Indie, RPG",http://store.steampowered.com/app/333390
454,333710,SOTW Bonus Content (Mp3+Wallpapers),4.99,"Adventure, Indie, RPG",http://store.steampowered.com/app/333710
454,354190,ToA: Seasons Of The Wolf - Bad Blood DLC,9.99,"Adventure, Indie, RPG",http://store.steampowered.com/app/354190
457,257970,Loren The Amazon Princess,19.99,"Indie, RPG",http://store.steampowered.com/app/257970
457,270700,Loren The Amazon Princess - The Castle Of N'Mar DLC,6.99,"Indie, RPG",http://store.steampowered.com/app/270700
457,275240,Loren the Amazon Princess - Bonus Content,0.99,"Indie, RPG",http://store.steampowered.com/app/275240
457,290990,Flower Shop: Summer In Fairbrook,14.99,"Casual, Indie, Simulation",http://store.steampowered.com/app/290990
457,291030,Always Remember Me,17.99,"Casual, Indie, Simulation",http://store.steampowered.com/app/291030
457,291050,Planet Stronghold,18.99,"Indie, RPG, Strategy",http://store.steampowered.com/app/291050
457,293920,Spirited Heart Deluxe,19.99,"Casual, Indie, RPG, Simulation",http://store.steampowered.com/app/293920
457,294330,Planet Stronghold - Deluxe DLC,0.99,"Indie, RPG, Strategy",http://store.steampowered.com/app/294330
457,294340,Always Remember Me - Deluxe DLC,0.99,"Casual, Indie, Simulation",http://store.steampowered.com/app/294340
457,302950,Heileen 1: Sail Away,5.99,"Adventure, Casual, Indie",http://store.steampowered.com/app/302950
457,305480,Heileen 2: The Hands Of Fate,9.99,"Adventure, Casual, Indie",http://store.steampowered.com/app/305480
457,305490,Heileen 3: New Horizons,24.99,"Adventure, Casual, Indie, Simulation",http://store.steampowered.com/app/305490
457,307190,Nicole (otome version),18.99,"Adventure, Casual, Simulation",http://store.steampowered.com/app/307190
457,307500,Heileen 3 Bonus Content,0.99,"Adventure, Casual, Indie, Simulation",http://store.steampowered.com/app/307500
457,309940,Nicole Bonus Content,0.99,"Adventure, Casual, Simulation",http://store.steampowered.com/app/309940
457,311680,Flower Shop: Winter In Fairbrook,14.99,"Adventure, Casual, Simulation",http://store.steampowered.com/app/311680
457,314200,Bionic Heart,9.99,"Adventure, Indie",http://store.steampowered.com/app/314200
457,317290,Bionic Heart 2,14.99,"Adventure, Indie",http://store.steampowered.com/app/317290
457,317300,Roommates,16.74,"Adventure, Indie, Simulation",http://store.steampowered.com/app/317300
457,317540,Bionic Heart 2 Bonus Content,0.99,"Adventure, Indie",http://store.steampowered.com/app/317540
457,317550,Roommates Bonus Content,0.99,"Adventure, Indie, Simulation",http://store.steampowered.com/app/317550
457,333390,Tales of Aravorn: Seasons Of The Wolf,24.99,"Adventure, Indie, RPG",http://store.steampowered.com/app/333390
457,333710,SOTW Bonus Content (Mp3+Wallpapers),4.99,"Adventure, Indie, RPG",http://store.steampowered.com/app/333710
457,350490,Love And Order,9.99,"Casual, Indie",http://store.steampowered.com/app/350490
457,354190,ToA: Seasons Of The Wolf - Bad Blood DLC,9.99,"Adventure, Indie, RPG",http://store.steampowered.com/app/354190
457,435260,Planet Stronghold: Colonial Defense,19.99,"Indie, Strategy",http://store.steampowered.com/app/435260
457,435760,PSCD - Soundtrack & Wallpapers,4.99,"Indie, Strategy",http://store.steampowered.com/app/435760
457,451640,C14 Dating,19.99,"Adventure, Casual, Indie",http://store.steampowered.com/app/451640
457,451680,C14 Dating Wallpapers and Official Soundtrack,4.99,"Adventure, Casual, Indie",http://store.steampowered.com/app/451680
457,482990,Heirs And Graces,19.99,"Adventure, Casual, Indie",http://store.steampowered.com/app/482990
457,484810,Heirs And Graces Mp3+Wallpapers,4.99,"Adventure, Casual, Indie",http://store.steampowered.com/app/484810
460,262690,Little Racers STREET,7.99,"Casual, Indie, Racing",http://store.steampowered.com/app/262690
460,293860,White Noise Online,5.99,"Adventure, Casual, Indie",http://store.steampowered.com/app/293860
460,308420,Ziggurat,14.99,"Action, Indie, RPG",http://store.steampowered.com/app/308420
460,386080,Pharaonic,15.99,"Action, Adventure, Indie, RPG",http://store.steampowered.com/app/386080
462,291190,Heroes of Steel RPG,9.99,"Indie, RPG, Strategy",http://store.steampowered.com/app/291190
462,334270,Star Traders: 4X Empires,9.99,"Indie, Simulation, Strategy",http://store.steampowered.com/app/334270
462,370020,Templar Battleforce,9.99,"Action, Indie, RPG, Strategy",http://store.steampowered.com/app/370020
467,440130,Mystic Destinies: Serendipity of Aeons - Shou,4.99,"Adventure, Casual, Free to Play, Indie, Simulation",http://store.steampowered.com/app/440130
467,455530,Mystic Destinies: Serendipity of Aeons - Shou Epilogue,1.99,"Adventure, Casual, Indie, Simulation",http://store.steampowered.com/app/455530
467,466710,Mystic Destinies: Serendipity of Aeons - Tatsuya,4.99,"Adventure, Casual, Indie, Simulation",http://store.steampowered.com/app/466710
467,483790,Mystic Destinies: Serendipity of Aeons - Tatsuya Epilogue,1.99,"Adventure, Casual, Indie, Simulation",http://store.steampowered.com/app/483790
468,464410,BERSERK: The Golden Age Arc I - The Egg of the King,12.99,,http://store.steampowered.com/app/464410
468,464420,BERSERK: The Golden Age Arc II - The Battle for Doldrey,12.99,,http://store.steampowered.com/app/464420
468,464430,BERSERK: The Golden Age Arc III - The Advent,12.99,,http://store.steampowered.com/app/464430
469,371330,Two Digits,1.99,"Casual, Indie",http://store.steampowered.com/app/371330
469,388050,Snik,2.99,"Casual, Indie",http://store.steampowered.com/app/388050
469,390570,Three Digits,1.99,"Casual, Indie",http://store.steampowered.com/app/390570
469,394400,Three Digits - Soundtrack,0.99,"Casual, Indie",http://store.steampowered.com/app/394400
469,399460,Snik - Soundtrack,0.99,"Casual, Indie",http://store.steampowered.com/app/399460
469,416610,The Growth Journey,3.99,"Action, Adventure, Indie",http://store.steampowered.com/app/416610
469,418610,Swiftly,0.99,"Action, Indie",http://store.steampowered.com/app/418610
469,431820,The Growth Journey - Soundtrack,0.99,"Action, Adventure, Indie",http://store.steampowered.com/app/431820
469,449760,Tenrow,2.99,"Casual, Indie",http://store.steampowered.com/app/449760
471,399040,Legends of Solitaire: Curse of the Dragons,8.99,"Casual, Indie",http://store.steampowered.com/app/399040
471,432190,Chef Solitaire: USA,4.99,"Casual, Indie",http://store.steampowered.com/app/432190
472,420770,The Legend of Dark Witch,4.99,"Action, Adventure, Casual, Indie",http://store.steampowered.com/app/420770
472,454110,The Legend of Dark Witch Soundtracks,9.99,"Action, Adventure, Casual, Indie",http://store.steampowered.com/app/454110
476,269210,Hero Siege,5.99,"Action, Adventure, Indie, Massively Multiplayer, RPG",http://store.steampowered.com/app/269210
476,312290,Hero Siege - The Karp of Doom (Digital Collector's Edition),4.99,"Action, Adventure, Indie, Massively Multiplayer, RPG",http://store.steampowered.com/app/312290
476,331181,Hero Siege - The Depths of Hell (Collector's Edition),4.99,"Action, Adventure, Indie, Massively Multiplayer, RPG",http://store.steampowered.com/app/331181
476,385511,Hero Siege - Wrath of Mevius (Digital Collector's Edition),4.99,"Action, Adventure, Indie, Massively Multiplayer, RPG",http://store.steampowered.com/app/385511
484,439920,Royal Heroes,4.99,"Casual, Indie, RPG, Strategy",http://store.steampowered.com/app/439920
484,439930,Control Craft 2,2.99,"Action, Casual, Indie, Strategy",http://store.steampowered.com/app/439930
485,459130,Love in the Glen,5.99,"Casual, Indie, Simulation",http://store.steampowered.com/app/459130
485,487010,Love in the Glen Soundtrack,3.99,"Casual, Indie, Simulation",http://store.steampowered.com/app/487010
487,384280,Mute Crimson+,2.74,"Action, Adventure, Indie",http://store.steampowered.com/app/384280
487,387160,Mute Crimson+ Soundtrack,1.64,"Action, Adventure, Indie",http://store.steampowered.com/app/387160
488,252690,Fantasy Grounds,39.99,"Indie, RPG, Strategy",http://store.steampowered.com/app/252690
488,297940,Fantasy Grounds - Savage Worlds Ruleset,9.99,RPG,http://store.steampowered.com/app/297940
488,300440,Fantasy Grounds - Deadlands Reloaded: Marshall's Handbook and Extension,9.99,RPG,http://store.steampowered.com/app/300440
488,300441,Fantasy Grounds - Deadlands Reloaded: Player's Handbook,4.99,RPG,http://store.steampowered.com/app/300441
488,305472,Fantasy Grounds - Deadlands Reloaded: For Whom the Whistle Blows,4.99,"Indie, RPG",http://store.steampowered.com/app/305472
488,320570,Fantasy Grounds - Deadlands Reloaded: Blood Drive 1,4.99,"Indie, RPG",http://store.steampowered.com/app/320570
488,324590,Fantasy Grounds - Deadlands Reloaded: Blood Drive 2,4.99,"Indie, RPG",http://store.steampowered.com/app/324590
488,333520,Fantasy Grounds - Deadlands Reloaded: Blood Drive 3,4.99,"Indie, RPG, Strategy",http://store.steampowered.com/app/333520
488,488930,Fantasy Grounds - Deadlands Reloaded: Grim Prairie Tales,9.99,"Indie, RPG, Strategy",http://store.steampowered.com/app/488930
488,488970,Fantasy Grounds - Deadlands: South 'o The Border Trail Guide,7.99,"Indie, RPG, Strategy",http://store.steampowered.com/app/488970
488,489010,Fantasy Grounds - Deadlands: The Great Northwest Trail Guide,7.99,"Indie, RPG, Strategy",http://store.steampowered.com/app/489010
488,489250,Fantasy Grounds - Deadlands Reloaded: Coffin Rock,4.99,"Indie, RPG, Strategy",http://store.steampowered.com/app/489250
488,489300,Fantasy Grounds - Deadlands Reloaded: Don't Drink the Water,4.99,"Indie, RPG, Strategy",http://store.steampowered.com/app/489300
488,489410,Fantasy Grounds - Deadlands Reloaded: Murder on the Hellstromme Express,4.99,"Indie, RPG, Strategy",http://store.steampowered.com/app/489410
488,489450,Fantasy Grounds - Deadlands Reloaded: The Flood,14.99,"Indie, RPG, Strategy",http://store.steampowered.com/app/489450
491,409190,ePic Character Generator - Season #1: Human Male,4.99,"Design & Illustration, Photo Editing, Utilities",http://store.steampowered.com/app/409190
491,409191,ePic Character Generator - Season #1: Human Female,4.99,"Design & Illustration, Photo Editing, Utilities",http://store.steampowered.com/app/409191
491,409192,ePic Character Generator - Season #1: Elf Male,7.99,"Design & Illustration, Photo Editing, Utilities",http://store.steampowered.com/app/409192
491,409193,ePic Character Generator - Season #1: Elf Female,7.99,"Design & Illustration, Photo Editing, Utilities",http://store.steampowered.com/app/409193
491,409194,ePic Character Generator - Season #1: Ork Male,4.99,"Design & Illustration, Photo Editing, Utilities",http://store.steampowered.com/app/409194
491,409200,ePic Character Generator - Season #1: Dwarf Male,4.99,"Design & Illustration, Photo Editing, Utilities",http://store.steampowered.com/app/409200
491,409201,ePic Character Generator - Season #1: Dwarf Female,4.99,"Design & Illustration, Photo Editing, Utilities",http://store.steampowered.com/app/409201
491,409202,ePic Character Generator - Season #1: Anthro Male,4.99,"Design & Illustration, Photo Editing, Utilities",http://store.steampowered.com/app/409202
491,409203,ePic Character Generator - Season #1: Anthro Female,4.99,"Design & Illustration, Photo Editing, Utilities",http://store.steampowered.com/app/409203
491,409204,ePic Character Generator - Season #1: Modern Male,8.99,"Design & Illustration, Photo Editing, Utilities",http://store.steampowered.com/app/409204
491,409240,ePic Character Generator - Season #1: Modern Female,8.99,"Design & Illustration, Photo Editing, Utilities",http://store.steampowered.com/app/409240
491,409653,ePic Character Generator - Pro Version,49.99,"Design & Illustration, Photo Editing, Utilities",http://store.steampowered.com/app/409653
492,409241,ePic Character Generator - Season #2: Female Drow Spellcaster,6.99,"Design & Illustration, Photo Editing, Utilities",http://store.steampowered.com/app/409241
492,409250,ePic Character Generator - Season #2: Female Modern,9.99,"Design & Illustration, Photo Editing, Utilities",http://store.steampowered.com/app/409250
492,409251,ePic Character Generator - Season #2: Female Pirate,4.99,"Design & Illustration, Photo Editing, Utilities",http://store.steampowered.com/app/409251
492,409252,ePic Character Generator - Season #2: Female Sorcerer,7.99,"Design & Illustration, Photo Editing, Utilities",http://store.steampowered.com/app/409252
492,409253,ePic Character Generator - Season #2: Male Adventurer,5.99,"Design & Illustration, Photo Editing, Utilities",http://store.steampowered.com/app/409253
492,409254,ePic Character Generator - Season #2: Male Modern,4.99,"Design & Illustration, Photo Editing, Utilities",http://store.steampowered.com/app/409254
492,409255,ePic Character Generator - Season #2: Male Superhero,4.99,"Design & Illustration, Photo Editing, Utilities",http://store.steampowered.com/app/409255
492,409256,ePic Character Generator - Season #2: Male Supernatural,5.99,"Design & Illustration, Photo Editing, Utilities",http://store.steampowered.com/app/409256
492,409257,ePic Character Generator - Season #2: Male Sci-fi,5.99,"Design & Illustration, Photo Editing, Utilities",http://store.steampowered.com/app/409257
492,409650,ePic Character Generator - Season #2: Muscular Barbarian,7.99,"Design & Illustration, Photo Editing, Utilities",http://store.steampowered.com/app/409650
492,409651,ePic Character Generator - Season #2: Muscular Supernatural,6.99,"Design & Illustration, Photo Editing, Utilities",http://store.steampowered.com/app/409651
492,409652,ePic Character Generator - Season #2: Male Warrior,8.99,"Design & Illustration, Photo Editing, Utilities",http://store.steampowered.com/app/409652
492,409653,ePic Character Generator - Pro Version,49.99,"Design & Illustration, Photo Editing, Utilities",http://store.steampowered.com/app/409653
492,488990,ePic Character Generator - Season #2: Female Elf,7.99,"Design & Illustration, Photo Editing, Utilities",http://store.steampowered.com/app/488990
492,488991,ePic Character Generator - Season #2: Female Fae,7.99,"Design & Illustration, Photo Editing, Utilities",http://store.steampowered.com/app/488991
495,282800,100% Orange Juice,6.99,"Indie, Strategy",http://store.steampowered.com/app/282800
495,327340,100% Orange Juice - Syura & Nanako Character Pack,1.99,"Indie, Strategy",http://store.steampowered.com/app/327340
495,334080,100% Orange Juice - Saki & Kyousuke Character Pack,1.99,"Indie, Strategy",http://store.steampowered.com/app/334080
495,338360,100% Orange Juice - Mixed Booster Pack,1.99,"Indie, Strategy",http://store.steampowered.com/app/338360
495,376200,100% Orange Juice - Krila & Kae Character Pack,1.99,"Indie, Strategy",http://store.steampowered.com/app/376200
495,388790,100% Orange Juice - Alte & Kyoko Character Pack,1.99,"Indie, Strategy",http://store.steampowered.com/app/388790
495,425360,100% Orange Juice - Sham & Sherry Character Pack,1.99,"Indie, Strategy",http://store.steampowered.com/app/425360
495,465480,100% Orange Juice - Breaker Pack,2.99,"Indie, Strategy",http://store.steampowered.com/app/465480
497,463070,Mecha Ritz: Steel Rondo,6.99,"Action, Indie",http://store.steampowered.com/app/463070
497,470870,Mecha Ritz: Steel Rondo OST,4.99,"Action, Indie",http://store.steampowered.com/app/470870
503,351240,Venusian Vengeance,3.99,"Action, Indie",http://store.steampowered.com/app/351240
503,453880,Ninja Outbreak,9.99,"Action, Adventure, Indie",http://store.steampowered.com/app/453880
511,262830,Crimsonland,13.99,"Action, Indie, RPG",http://store.steampowered.com/app/262830
511,370550,Sparkle 2,7.99,"Action, Adventure, Casual, Indie",http://store.steampowered.com/app/370550
511,394290,Tennis in the Face,4.99,"Action, Casual, Indie, Sports",http://store.steampowered.com/app/394290
511,428750,Neon Chrome,14.99,"Action, Adventure, Indie, RPG",http://store.steampowered.com/app/428750
511,525450,King Oddball,4.49,"Action, Indie",http://store.steampowered.com/app/525450
514,385830,Burgers,2.99,"Action, Adventure, Indie, RPG",http://store.steampowered.com/app/385830
514,423840,BanHammer,2.99,"Action, Adventure, Casual, Indie, RPG",http://store.steampowered.com/app/423840
514,466420,Warriors' Wrath,6.99,"Action, Adventure, Casual, Indie, RPG",http://store.steampowered.com/app/466420
519,424000,Project Pulsation,4.99,"Action, Adventure",http://store.steampowered.com/app/424000
519,432600,Project Pulsation - Soundtracks,1.99,"Action, Adventure",http://store.steampowered.com/app/432600
528,258050,Survivor Squad,8.99,"Action, Indie, Strategy",http://store.steampowered.com/app/258050
528,331720,Survivor Squad: Gauntlets,8.99,"Action, Indie, Strategy",http://store.steampowered.com/app/331720
528,399670,Game Corp DX,2.99,"Indie, Simulation",http://store.steampowered.com/app/399670
528,454060,Blueprint Tycoon,2.99,"Casual, Indie, Simulation",http://store.steampowered.com/app/454060
535,355760,Drizzlepath,2.99,"Adventure, Casual, Indie",http://store.steampowered.com/app/355760
535,438340,Drizzlepath: Genie,7.99,"Adventure, Casual, Indie",http://store.steampowered.com/app/438340
535,463030,Bottle,1.99,"Adventure, Casual",http://store.steampowered.com/app/463030
540,388120,Spakoyno: Back to the USSR 2.0,7.99,"Adventure, Casual",http://store.steampowered.com/app/388120
540,390970,Russian Horror Story,7.99,"Adventure, Casual",http://store.steampowered.com/app/390970
540,459660,Spakoyno: Back To USSR 2.0 - OST,0.99,"Adventure, Casual",http://store.steampowered.com/app/459660
540,490940,Darconika: The Cube of Soul,3.99,"Adventure, Casual, Indie",http://store.steampowered.com/app/490940
547,409760,Angry Video Game Nerd II: ASSimilation - Soundtrack,9.99,,http://store.steampowered.com/app/409760
547,409660,Angry Video Game Nerd II: ASSimilation,14.99,"Action, Adventure, Indie",http://store.steampowered.com/app/409660
565,95300,Capsized,9.99,"Action, Indie",http://store.steampowered.com/app/95300
565,287220,Autocraft,9.99,"Casual, Indie, Simulation, Early Access",http://store.steampowered.com/app/287220
565,208750,Apotheon,14.99,"Action, Adventure, Indie, RPG",http://store.steampowered.com/app/208750
565,344740,CRYPTARK,14.99,"Action, Adventure, Indie, Strategy, Early Access",http://store.steampowered.com/app/344740
565,389220,Maximum Override,6.99,"Action, Casual, Indie, Simulation, Early Access",http://store.steampowered.com/app/389220
571,276440,Kingdom Tales,4.99,Casual,http://store.steampowered.com/app/276440
571,288610,Kingdom Tales 2,6.99,Casual,http://store.steampowered.com/app/288610
578,374510,The Last Dogma,6.99,"Adventure, Indie",http://store.steampowered.com/app/374510
578,374840,The Last Dogma - Soundtrack (FLAC & MP3),5.99,Casual,http://store.steampowered.com/app/374840
578,454230,Sacred Line Genesis Remix,2.99,"Adventure, Casual, Indie",http://store.steampowered.com/app/454230
579,466890,Z.I.O.N.,4.99,"Action, Adventure",http://store.steampowered.com/app/466890
579,487610,Z.I.O.N. - Soundtracks,1.99,"Action, Adventure",http://store.steampowered.com/app/487610
581,424000,Project Pulsation,4.99,"Action, Adventure",http://store.steampowered.com/app/424000
581,432600,Project Pulsation - Soundtracks,1.99,"Action, Adventure",http://store.steampowered.com/app/432600
581,466890,Z.I.O.N.,4.99,"Action, Adventure",http://store.steampowered.com/app/466890
581,487610,Z.I.O.N. - Soundtracks,1.99,"Action, Adventure",http://store.steampowered.com/app/487610
582,432470,Magdalena,2.99,"Adventure, Indie",http://store.steampowered.com/app/432470
582,456120,Magdalena Soundtrack,0.99,"Adventure, Indie",http://store.steampowered.com/app/456120
584,290060,Glitchspace,12.99,"Adventure, Indie",http://store.steampowered.com/app/290060
584,483300,Glitchspace Original Soundtrack,4.99,"Adventure, Indie",http://store.steampowered.com/app/483300
586,65080,Kaptain Brawe: A Brawe New World,6.99,Adventure,http://store.steampowered.com/app/65080
586,276440,Kingdom Tales,4.99,Casual,http://store.steampowered.com/app/276440
586,277540,Tales From The Dragon Mountain: The Strix,4.99,Casual,http://store.steampowered.com/app/277540
586,277560,Where Angels Cry,4.99,Casual,http://store.steampowered.com/app/277560
586,283470,The Secret Of Hildegards,4.99,Casual,http://store.steampowered.com/app/283470
586,288500,Black Rainbow,6.99,"Adventure, Indie",http://store.steampowered.com/app/288500
586,288630,Sharpe Investigations: Death on the Seine,6.99,"Adventure, Casual",http://store.steampowered.com/app/288630
586,299020,Runaway Express Mystery,6.99,Casual,http://store.steampowered.com/app/299020
586,368880,Mystery Maze Of Balthasar Castle,6.99,"Adventure, Casual",http://store.steampowered.com/app/368880
586,372890,Red Crow Mysteries: Legion,6.99,"Adventure, Casual",http://store.steampowered.com/app/372890
588,467220,Dyna Bomb,4.99,"Action, Adventure, Casual, Indie",http://store.steampowered.com/app/467220
588,485090,Dyna Bomb - Soundtrack OST,1.99,"Action, Adventure, Casual, Indie",http://store.steampowered.com/app/485090
594,385230,Ninjahtic,1.99,"Action, Adventure, Indie",http://store.steampowered.com/app/385230
594,387880,Ninjahtic Mind Tricks,1.99,"Action, Adventure, Indie",http://store.steampowered.com/app/387880
594,454130,Nil-Ninjahtic: Ronin,1.99,"Action, Indie",http://store.steampowered.com/app/454130
