bundle_id,bundle_name,bundle_url,price,final_price,discount,n_items,component_price_sum,abs_discount,implied_discount_rate,discount_mismatch
450,Dharker Studio 2015 Complete,http://store.steampowered.com/bundle/450/?utm_source=SteamDB&utm_medium=SteamDB&utm_campaign=SteamDB%20Bundles%20Page,73.86,66.46,0.1,14,73.86,7.400000000000006,0.1001895477931222,False
1473,"Naruto Shippuden Uncut Season 4, Vol. 3",http://store.steampowered.com/bundle/1473/?utm_source=SteamDB&utm_medium=SteamDB&utm_campaign=SteamDB%20Bundles%20Page,25.87,20.15,0.22,13,25.87,5.720000000000002,0.22110552763819105,False
1474,"Naruto Shippuden Uncut Season 4, Vol. 4",http://store.steampowered.com/bundle/1474/?utm_source=SteamDB&utm_medium=SteamDB&utm_campaign=SteamDB%20Bundles%20Page,25.87,20.15,0.22,13,25.87,5.720000000000002,0.22110552763819105,False
1437,Pixel Puzzles Ultimate: Starter Kit,http://store.steampowered.com/bundle/1437/?utm_source=SteamDB&utm_medium=SteamDB&utm_campaign=SteamDB%20Bundles%20Page,25.35,15.17,0.4,10,25.35,10.180000000000001,0.401577909270217,False
1466,"Naruto Shippuden Uncut Season 4, Vol. 1",http://store.steampowered.com/bundle/1466/?utm_source=SteamDB&utm_medium=SteamDB&utm_campaign=SteamDB%20Bundles%20Page,25.87,20.15,0.22,13,25.87,5.720000000000002,0.22110552763819105,False
1478,Cosmi Fun Pack,http://store.steampowered.com/bundle/1478/?utm_source=SteamDB&utm_medium=SteamDB&utm_campaign=SteamDB%20Bundles%20Page,71.91,25.2,0.65,9,71.91,46.709999999999994,0.6495619524405506,False
1482,Two Tribes Complete Pack!,http://store.steampowered.com/bundle/1482/?utm_source=SteamDB&utm_medium=SteamDB&utm_campaign=SteamDB%20Bundles%20Page,32.96,29.66,0.1,4,32.96,3.3000000000000007,0.100121359223301,False
1396,"Expendables 1, 2, & 3",http://store.steampowered.com/bundle/1396/?utm_source=SteamDB&utm_medium=SteamDB&utm_campaign=SteamDB%20Bundles%20Page,41.97,25.17,0.4,3,41.97,16.799999999999997,0.40028591851322365,False
1400,El Ninja - Deluxe Edition,http://store.steampowered.com/bundle/1400/?utm_source=SteamDB&utm_medium=SteamDB&utm_campaign=SteamDB%20Bundles%20Page,1.98,1.48,0.25,2,1.98,0.5,0.25252525252525254,False
1471,18 Wheels of Steel Top Payload Pack 2,http://store.steampowered.com/bundle/1471/?utm_source=SteamDB&utm_medium=SteamDB&utm_campaign=SteamDB%20Bundles%20Page,27.47,18.4,0.33,3,27.47,9.07,0.3301783764106298,False
1472,"Naruto Shippuden Uncut Season 4, Vol. 2",http://store.steampowered.com/bundle/1472/?utm_source=SteamDB&utm_medium=SteamDB&utm_campaign=SteamDB%20Bundles%20Page,25.87,20.15,0.22,13,25.87,5.720000000000002,0.22110552763819105,False
1477,Halcyon 6: Starbase Commander + Soundtrack,http://store.steampowered.com/bundle/1477/?utm_source=SteamDB&utm_medium=SteamDB&utm_campaign=SteamDB%20Bundles%20Page,26.98,24.28,0.1,2,26.979999999999997,2.6999999999999957,0.10007412898443277,False
1284,Black Sand Drift Collector's Edition,http://store.steampowered.com/bundle/1284/?utm_source=SteamDB&utm_medium=SteamDB&utm_campaign=SteamDB%20Bundles%20Page,2.53,2.15,0.15,2,2.53,0.3799999999999999,0.150197628458498,False
1468,The Codemasters Complete Collection,http://store.steampowered.com/bundle/1468/?utm_source=SteamDB&utm_medium=SteamDB&utm_campaign=SteamDB%20Bundles%20Page,654.44,575.84,0.12,56,654.44,78.60000000000002,0.12010268321007275,False
1225,Starters + Founders Package,http://store.steampowered.com/bundle/1225/?utm_source=SteamDB&utm_medium=SteamDB&utm_campaign=SteamDB%20Bundles%20Page,79.98,75.18,0.06,2,79.97999999999999,4.799999999999983,0.06001500375093753,False
1455,ULTAKAAR CHRONICLES,http://store.steampowered.com/bundle/1455/?utm_source=SteamDB&utm_medium=SteamDB&utm_campaign=SteamDB%20Bundles%20Page,9.07,4.51,0.5,5,9.07,4.5600000000000005,0.5027563395810364,False
1419,"Naruto Shippuden Uncut Season 3, Vol. 1",http://store.steampowered.com/bundle/1419/?utm_source=SteamDB&utm_medium=SteamDB&utm_campaign=SteamDB%20Bundles%20Page,27.86,20.02,0.28,14,27.86,7.84,0.2814070351758794,False
1421,"Naruto Shippuden Uncut Season 3, Vol. 3",http://store.steampowered.com/bundle/1421/?utm_source=SteamDB&utm_medium=SteamDB&utm_campaign=SteamDB%20Bundles%20Page,25.87,20.15,0.22,13,25.87,5.720000000000002,0.22110552763819105,False
1433,"Naruto Shippuden Uncut Season 3, Vol. 4",http://store.steampowered.com/bundle/1433/?utm_source=SteamDB&utm_medium=SteamDB&utm_campaign=SteamDB%20Bundles%20Page,25.87,20.15,0.22,13,25.87,5.720000000000002,0.22110552763819105,False
1420,"Naruto Shippuden Uncut Season 3, Vol. 2",http://store.steampowered.com/bundle/1420/?utm_source=SteamDB&utm_medium=SteamDB&utm_campaign=SteamDB%20Bundles%20Page,27.86,20.02,0.28,14,27.86,7.84,0.2814070351758794,False
1011,Publisher Diamond Edition Pack,http://store.steampowered.com/bundle/1011/?utm_source=SteamDB&utm_medium=SteamDB&utm_campaign=SteamDB%20Bundles%20Page,15.38,1.55,0.9,12,15.38,13.83,0.8992197659297789,False
419,Dinosaur Hunt Gold Edition Pack,http://store.steampowered.com/bundle/419/?utm_source=SteamDB&utm_medium=SteamDB&utm_campaign=SteamDB%20Bundles%20Page,10.39,0.84,0.92,11,10.39,9.55,0.9191530317613089,False
1460,The Meridian Bundle,http://store.steampowered.com/bundle/1460/?utm_source=SteamDB&utm_medium=SteamDB&utm_campaign=SteamDB%20Bundles%20Page,30.96,21.66,0.3,4,30.96,9.3,0.30038759689922484,False
317,Endorlight - Deluxe Edition,http://store.steampowered.com/bundle/317/?utm_source=SteamDB&utm_medium=SteamDB&utm_campaign=SteamDB%20Bundles%20Page,3.98,2.38,0.4,2,3.9800000000000004,1.6000000000000005,0.40201005025125636,False
1379,Revolution 60: Special Edition Bundle,http://store.steampowered.com/bundle/1379/?utm_source=SteamDB&utm_medium=SteamDB&utm_campaign=SteamDB%20Bundles%20Page,14.98,12.73,0.15,2,14.98,2.25,0.15020026702269693,False
1385,Happy Neighbours Set,http://store.steampowered.com/bundle/1385/?utm_source=SteamDB&utm_medium=SteamDB&utm_campaign=SteamDB%20Bundles%20Page,24.98,17.48,0.3,2,24.98,7.5,0.300240192153723,False
1137,New Retro Arcade: Neon and Original Soundtrack,http://store.steampowered.com/bundle/1137/?utm_source=SteamDB&utm_medium=SteamDB&utm_campaign=SteamDB%20Bundles%20Page,29.98,26.98,0.1,2,29.979999999999997,2.9999999999999964,0.10006671114076039,False
279,Microblast Games Bundle,http://store.steampowered.com/bundle/279/?utm_source=SteamDB&utm_medium=SteamDB&utm_campaign=SteamDB%20Bundles%20Page,6.94,3.44,0.5,6,6.9399999999999995,3.4999999999999996,0.5043227665706052,False
1440,OtakuMaker Studio Pack - Latest Bundle #3,http://store.steampowered.com/bundle/1440/?utm_source=SteamDB&utm_medium=SteamDB&utm_campaign=SteamDB%20Bundles%20Page,14.96,11.96,0.2,4,14.96,3.0,0.20053475935828877,False
1441,OtakuMaker Studio Pack - Part #4,http://store.steampowered.com/bundle/1441/?utm_source=SteamDB&utm_medium=SteamDB&utm_campaign=SteamDB%20Bundles%20Page,21.94,16.44,0.25,6,21.94,5.5,0.2506836827711941,False
658,Infernal Dream Collection,http://store.steampowered.com/bundle/658/?utm_source=SteamDB&utm_medium=SteamDB&utm_campaign=SteamDB%20Bundles%20Page,10.95,6.55,0.4,5,10.95,4.3999999999999995,0.4018264840182648,False
355,MX vs. ATV Collection,http://store.steampowered.com/bundle/355/?utm_source=SteamDB&utm_medium=SteamDB&utm_campaign=SteamDB%20Bundles%20Page,207.64,139.0,0.33,36,207.64000000000001,68.64000000000001,0.33057214409555,False
1401,Shadow Warrior 2 Deluxe,http://store.steampowered.com/bundle/1401/?utm_source=SteamDB&utm_medium=SteamDB&utm_campaign=SteamDB%20Bundles%20Page,45.96,45.96,0.0,4,45.96,0.0,0.0,False
1418,PopCap Power Pack,http://store.steampowered.com/bundle/1418/?utm_source=SteamDB&utm_medium=SteamDB&utm_campaign=SteamDB%20Bundles%20Page,114.77,57.27,0.5,23,114.77000000000001,57.50000000000001,0.5010020040080161,False
1282,Vanguard Princess Bundle,http://store.steampowered.com/bundle/1282/?utm_source=SteamDB&utm_medium=SteamDB&utm_campaign=SteamDB%20Bundles%20Page,11.96,7.16,0.4,4,11.96,4.800000000000001,0.4013377926421405,False
1399,Dead Rising Triple Pack,http://store.steampowered.com/bundle/1399/?utm_source=SteamDB&utm_medium=SteamDB&utm_campaign=SteamDB%20Bundles%20Page,59.97,49.77,0.17,3,59.97,10.199999999999996,0.17008504252126055,False
1392,The Metronomicon Deluxe Edition,http://store.steampowered.com/bundle/1392/?utm_source=SteamDB&utm_medium=SteamDB&utm_campaign=SteamDB%20Bundles%20Page,22.38,20.14,0.1,2,22.38,2.2399999999999984,0.10008936550491504,False
1404,SUPERFIGHT - The Super Bundle,http://store.steampowered.com/bundle/1404/?utm_source=SteamDB&utm_medium=SteamDB&utm_campaign=SteamDB%20Bundles%20Page,49.91,29.91,0.4,9,49.910000000000004,20.000000000000004,0.40072129833700665,False
1406,SUPERFIGHT - The DLC Bundle,http://store.steampowered.com/bundle/1406/?utm_source=SteamDB&utm_medium=SteamDB&utm_campaign=SteamDB%20Bundles%20Page,39.92,23.92,0.4,8,39.92,16.0,0.4008016032064128,False
1407,Zonitron Productions Complete Pack,http://store.steampowered.com/bundle/1407/?utm_source=SteamDB&utm_medium=SteamDB&utm_campaign=SteamDB%20Bundles%20Page,36.85,18.35,0.5,15,36.85,18.5,0.5020352781546811,False
1403,Steam Link + John Wick,http://store.steampowered.com/bundle/1403/?utm_source=SteamDB&utm_medium=SteamDB&utm_campaign=SteamDB%20Bundles%20Page,47.78,47.78,0.0,2,47.78,0.0,0.0,False
1293,Triangle Service Shmups Collection,http://store.steampowered.com/bundle/1293/?utm_source=SteamDB&utm_medium=SteamDB&utm_campaign=SteamDB%20Bundles%20Page,81.88,53.18,0.35,12,81.88,28.699999999999996,0.3505129457743038,False
1248,Shooting Love 20XX,http://store.steampowered.com/bundle/1248/?utm_source=SteamDB&utm_medium=SteamDB&utm_campaign=SteamDB%20Bundles%20Page,47.92,35.92,0.25,8,47.92,12.0,0.25041736227045075,False
1409,Crimson Duck Complete Pack,http://store.steampowered.com/bundle/1409/?utm_source=SteamDB&utm_medium=SteamDB&utm_campaign=SteamDB%20Bundles%20Page,7.98,5.34,0.33,2,7.98,2.6400000000000006,0.33082706766917297,False
1410,Silicon Echo Complete Pack,http://store.steampowered.com/bundle/1410/?utm_source=SteamDB&utm_medium=SteamDB&utm_campaign=SteamDB%20Bundles%20Page,11.97,5.97,0.5,3,11.97,6.000000000000001,0.5012531328320803,False
1382,RunGunJumpGun: Special Atomik Edition,http://store.steampowered.com/bundle/1382/?utm_source=SteamDB&utm_medium=SteamDB&utm_campaign=SteamDB%20Bundles%20Page,9.98,9.98,0.0,2,9.98,0.0,0.0,False
1386,Shiny: Digital Deluxe Edition,http://store.steampowered.com/bundle/1386/?utm_source=SteamDB&utm_medium=SteamDB&utm_campaign=SteamDB%20Bundles%20Page,20.97,16.77,0.2,3,20.97,4.199999999999999,0.20028612303290413,False
1356,Buka Post Apocalyptic Collection,http://store.steampowered.com/bundle/1356/?utm_source=SteamDB&utm_medium=SteamDB&utm_campaign=SteamDB%20Bundles%20Page,30.55,15.25,0.5,5,30.55,15.3,0.5008183306055647,False
1332,"3 Outlandish games in 1 bundle: Green Moon, City of Fools and Bathory",http://store.steampowered.com/bundle/1332/?utm_source=SteamDB&utm_medium=SteamDB&utm_campaign=SteamDB%20Bundles%20Page,20.97,10.47,0.5,3,20.97,10.499999999999998,0.5007153075822603,False
667,Farnham Fables - Tape 1,http://store.steampowered.com/bundle/667/?utm_source=SteamDB&utm_medium=SteamDB&utm_campaign=SteamDB%20Bundles%20Page,1.98,1.78,0.1,2,1.98,0.19999999999999996,0.101010101010101,False
1390,Angels Blue Games,http://store.steampowered.com/bundle/1390/?utm_source=SteamDB&utm_medium=SteamDB&utm_campaign=SteamDB%20Bundles%20Page,13.98,12.58,0.1,2,13.98,1.4000000000000004,0.1001430615164521,False
1349,NeuroVoider - Deluxe Edition,http://store.steampowered.com/bundle/1349/?utm_source=SteamDB&utm_medium=SteamDB&utm_campaign=SteamDB%20Bundles%20Page,22.98,19.99,0.13,2,22.98,2.990000000000002,0.1301131418624892,False
1373,Hue Game and Soundtrack Bundle,http://store.steampowered.com/bundle/1373/?utm_source=SteamDB&utm_medium=SteamDB&utm_campaign=SteamDB%20Bundles%20Page,21.98,20.66,0.06,2,21.98,1.3200000000000003,0.06005459508644223,False
1295,Bloxiq + Soundtrack,http://store.steampowered.com/bundle/1295/?utm_source=SteamDB&utm_medium=SteamDB&utm_campaign=SteamDB%20Bundles%20Page,18.98,17.08,0.1,2,18.98,1.9000000000000021,0.10010537407797693,False
1387,Back To Basics Epilepsy Bundle,http://store.steampowered.com/bundle/1387/?utm_source=SteamDB&utm_medium=SteamDB&utm_campaign=SteamDB%20Bundles%20Page,1.98,1.38,0.3,2,1.98,0.6000000000000001,0.3030303030303031,False
1222,Zombie Bundle,http://store.steampowered.com/bundle/1222/?utm_source=SteamDB&utm_medium=SteamDB&utm_campaign=SteamDB%20Bundles%20Page,7.98,3.2,0.6,2,7.98,4.78,0.5989974937343359,False
803,Platformer Bundle,http://store.steampowered.com/bundle/803/?utm_source=SteamDB&utm_medium=SteamDB&utm_campaign=SteamDB%20Bundles%20Page,32.41,4.87,0.85,9,32.410000000000004,27.540000000000003,0.8497377352668929,False
498,Back In Time Bundle,http://store.steampowered.com/bundle/498/?utm_source=SteamDB&utm_medium=SteamDB&utm_campaign=SteamDB%20Bundles%20Page,2.97,1.47,0.5,3,2.9699999999999998,1.4999999999999998,0.505050505050505,False
396,The Indie Platformers Bundle,http://store.steampowered.com/bundle/396/?utm_source=SteamDB&utm_medium=SteamDB&utm_campaign=SteamDB%20Bundles%20Page,16.97,2.38,0.86,3,16.97,14.59,0.859752504419564,False
1372,Black Hole Hazard Deluxe,http://store.steampowered.com/bundle/1372/?utm_source=SteamDB&utm_medium=SteamDB&utm_campaign=SteamDB%20Bundles%20Page,7.98,5.98,0.25,2,7.98,2.0,0.2506265664160401,False
972,Crush Your Enemies - Complete Plundered Edition,http://store.steampowered.com/bundle/972/?utm_source=SteamDB&utm_medium=SteamDB&utm_campaign=SteamDB%20Bundles%20Page,13.98,12.58,0.1,2,13.98,1.4000000000000004,0.1001430615164521,False
1378,The orb Chambers Bundle,http://store.steampowered.com/bundle/1378/?utm_source=SteamDB&utm_medium=SteamDB&utm_campaign=SteamDB%20Bundles%20Page,11.98,5.98,0.5,2,11.98,6.0,0.5008347245409015,False
1367,"Naruto Shippuden Uncut Season 2, Vol 1",http://store.steampowered.com/bundle/1367/?utm_source=SteamDB&utm_medium=SteamDB&utm_campaign=SteamDB%20Bundles%20Page,23.88,20.04,0.16,12,23.88,3.84,0.16080402010050251,False
1369,"Naruto Shippuden Uncut Season 2, Vol 3",http://store.steampowered.com/bundle/1369/?utm_source=SteamDB&utm_medium=SteamDB&utm_campaign=SteamDB%20Bundles%20Page,21.89,20.13,0.08,11,21.89,1.7600000000000016,0.08040201005025133,False
1371,"Naruto Shippuden Uncut Season 2, Vol 5",http://store.steampowered.com/bundle/1371/?utm_source=SteamDB&utm_medium=SteamDB&utm_campaign=SteamDB%20Bundles%20Page,23.88,20.04,0.16,12,23.88,3.84,0.16080402010050251,False
1376,Daylight's End VR - Full Movie,http://store.steampowered.com/bundle/1376/?utm_source=SteamDB&utm_medium=SteamDB&utm_campaign=SteamDB%20Bundles%20Page,19.9,12.9,0.35,10,19.9,6.999999999999998,0.35175879396984916,False
1337,"Naruto Shippuden Uncut Season 1, Vol. 3",http://store.steampowered.com/bundle/1337/?utm_source=SteamDB&utm_medium=SteamDB&utm_campaign=SteamDB%20Bundles%20Page,25.87,20.15,0.22,13,25.87,5.720000000000002,0.22110552763819105,False
1343,"Naruto Shippuden Uncut Season 1, Vol.4",http://store.steampowered.com/bundle/1343/?utm_source=SteamDB&utm_medium=SteamDB&utm_campaign=SteamDB%20Bundles%20Page,27.86,20.02,0.28,14,27.86,7.84,0.2814070351758794,False
1368,"Naruto Shippuden Uncut Season 2, Vol 2",http://store.steampowered.com/bundle/1368/?utm_source=SteamDB&utm_medium=SteamDB&utm_campaign=SteamDB%20Bundles%20Page,23.88,20.04,0.16,12,23.88,3.84,0.16080402010050251,False
1370,"Naruto Shippuden Uncut Season 2, Vol 4",http://store.steampowered.com/bundle/1370/?utm_source=SteamDB&utm_medium=SteamDB&utm_campaign=SteamDB%20Bundles%20Page,23.88,20.04,0.16,12,23.88,3.84,0.16080402010050251,False
1264,"Naruto Shippuden Uncut Season 1, Vol. 1",http://store.steampowered.com/bundle/1264/?utm_source=SteamDB&utm_medium=SteamDB&utm_campaign=SteamDB%20Bundles%20Page,25.87,20.15,0.22,13,25.87,5.720000000000002,0.22110552763819105,False
1324,"Naruto Shippuden Uncut Season 1, Vol. 2",http://store.steampowered.com/bundle/1324/?utm_source=SteamDB&utm_medium=SteamDB&utm_campaign=SteamDB%20Bundles%20Page,25.87,20.15,0.22,13,25.87,5.720000000000002,0.22110552763819105,False
1268,18 Wheels of Steel Top Payload Pack,http://store.steampowered.com/bundle/1268/?utm_source=SteamDB&utm_medium=SteamDB&utm_campaign=SteamDB%20Bundles%20Page,24.97,16.72,0.33,3,24.97,8.25,0.3303964757709251,False
1328,SHINRAI - Soundtrack Bundle,http://store.steampowered.com/bundle/1328/?utm_source=SteamDB&utm_medium=SteamDB&utm_campaign=SteamDB%20Bundles%20Page,22.98,19.99,0.13,2,22.98,2.990000000000002,0.1301131418624892,False
825,Back To Basics Mixer Bundle 2,http://store.steampowered.com/bundle/825/?utm_source=SteamDB&utm_medium=SteamDB&utm_campaign=SteamDB%20Bundles%20Page,4.95,2.9,0.41,5,4.95,2.0500000000000003,0.4141414141414142,False
473,Pug Life Bundle,http://store.steampowered.com/bundle/473/?utm_source=SteamDB&utm_medium=SteamDB&utm_campaign=SteamDB%20Bundles%20Page,2.97,1.47,0.5,3,2.9699999999999998,1.4999999999999998,0.505050505050505,False
1297,Optika + Optika Soundtrack,http://store.steampowered.com/bundle/1297/?utm_source=SteamDB&utm_medium=SteamDB&utm_campaign=SteamDB%20Bundles%20Page,7.98,6.38,0.2,2,7.98,1.6000000000000005,0.20050125313283212,False
604,Risen Franchise Pack,http://store.steampowered.com/bundle/604/?utm_source=SteamDB&utm_medium=SteamDB&utm_campaign=SteamDB%20Bundles%20Page,63.91,47.91,0.25,9,63.91,16.0,0.25035205758097323,False
1333,Mugen Souls Z DLC Collection,http://store.steampowered.com/bundle/1333/?utm_source=SteamDB&utm_medium=SteamDB&utm_campaign=SteamDB%20Bundles%20Page,47.88,43.08,0.1,12,47.88,4.800000000000004,0.10025062656641612,False
1336,Hyperdimension Neptunia Re;Birth1 Deluxe Edition Bundle / 特別限定版『デラックスエディション』,http://store.steampowered.com/bundle/1336/?utm_source=SteamDB&utm_medium=SteamDB&utm_campaign=SteamDB%20Bundles%20Page,39.98,35.98,0.1,2,39.98,4.0,0.10005002501250626,False
1340,Hyperdimension Neptunia Re;Birth1 Digital Complete Set / デジタルコンプリートエディション,http://store.steampowered.com/bundle/1340/?utm_source=SteamDB&utm_medium=SteamDB&utm_campaign=SteamDB%20Bundles%20Page,45.92,41.32,0.1,8,45.92,4.600000000000001,0.10017421602787459,False
1153,Pan-Pan: Planetary Pack,http://store.steampowered.com/bundle/1153/?utm_source=SteamDB&utm_medium=SteamDB&utm_campaign=SteamDB%20Bundles%20Page,28.96,24.61,0.15,4,28.96,4.350000000000001,0.15020718232044203,False
1355,Automobilista + Season Pass for All DLCs,http://store.steampowered.com/bundle/1355/?utm_source=SteamDB&utm_medium=SteamDB&utm_campaign=SteamDB%20Bundles%20Page,69.98,59.48,0.15,2,69.98,10.500000000000007,0.15004286939125475,False
1161,Flump Studios Complete Pack,http://store.steampowered.com/bundle/1161/?utm_source=SteamDB&utm_medium=SteamDB&utm_campaign=SteamDB%20Bundles%20Page,14.7,9.98,0.32,5,14.700000000000001,4.720000000000001,0.32108843537414966,False
567,Back To Basics Mixer Bundle,http://store.steampowered.com/bundle/567/?utm_source=SteamDB&utm_medium=SteamDB&utm_campaign=SteamDB%20Bundles%20Page,7.92,3.92,0.5,8,7.92,4.0,0.5050505050505051,False
1361,Just Deserts Complete Costume Bundle,http://store.steampowered.com/bundle/1361/?utm_source=SteamDB&utm_medium=SteamDB&utm_campaign=SteamDB%20Bundles%20Page,15.96,14.36,0.1,4,15.96,1.6000000000000014,0.10025062656641612,False
903,Valley + Soundtrack,http://store.steampowered.com/bundle/903/?utm_source=SteamDB&utm_medium=SteamDB&utm_campaign=SteamDB%20Bundles%20Page,26.98,24.96,0.075,2,26.979999999999997,2.019999999999996,0.07487027427724226,False
1271,Malus Code Soundtrack Edition,http://store.steampowered.com/bundle/1271/?utm_source=SteamDB&utm_medium=SteamDB&utm_campaign=SteamDB%20Bundles%20Page,15.98,14.38,0.1,2,15.98,1.5999999999999996,0.10012515644555692,False
1330,The Final Station Collector's Edition,http://store.steampowered.com/bundle/1330/?utm_source=SteamDB&utm_medium=SteamDB&utm_campaign=SteamDB%20Bundles%20Page,19.98,17.98,0.1,2,19.98,2.0,0.10010010010010009,False
1350,Deus Ex: Mankind Divided - Digital Deluxe Edition,http://store.steampowered.com/bundle/1350/?utm_source=SteamDB&utm_medium=SteamDB&utm_campaign=SteamDB%20Bundles%20Page,89.98,89.98,0.0,2,89.98,0.0,0.0,False
1351,Deus Ex: Mankind Divided + Steam Controller Bundle,http://store.steampowered.com/bundle/1351/?utm_source=SteamDB&utm_medium=SteamDB&utm_campaign=SteamDB%20Bundles%20Page,89.98,89.98,0.0,2,89.98,0.0,0.0,False
1352,Deus Ex: Mankind Divided Digital Deluxe + Steam Controller Bundle,http://store.steampowered.com/bundle/1352/?utm_source=SteamDB&utm_medium=SteamDB&utm_campaign=SteamDB%20Bundles%20Page,119.97,119.97,0.0,3,119.97,0.0,0.0,False
1209,Road To Ballhalla - Roll Playing Game of the Year Edition,http://store.steampowered.com/bundle/1209/?utm_source=SteamDB&utm_medium=SteamDB&utm_campaign=SteamDB%20Bundles%20Page,19.98,15.98,0.2,2,19.98,4.0,0.20020020020020018,False
982,SimplexZombiePack,http://store.steampowered.com/bundle/982/?utm_source=SteamDB&utm_medium=SteamDB&utm_campaign=SteamDB%20Bundles%20Page,13.98,11.18,0.2,2,13.98,2.8000000000000007,0.2002861230329042,False
827,One Way Heroics + Plus Edition,http://store.steampowered.com/bundle/827/?utm_source=SteamDB&utm_medium=SteamDB&utm_campaign=SteamDB%20Bundles%20Page,9.98,8.98,0.1,2,9.98,1.0,0.1002004008016032,False
694,Storm in a Teacup bundle,http://store.steampowered.com/bundle/694/?utm_source=SteamDB&utm_medium=SteamDB&utm_campaign=SteamDB%20Bundles%20Page,29.98,23.98,0.2,2,29.979999999999997,5.9999999999999964,0.20013342228152092,False
531,Classic Wargames,http://store.steampowered.com/bundle/531/?utm_source=SteamDB&utm_medium=SteamDB&utm_campaign=SteamDB%20Bundles%20Page,41.96,20.96,0.5,4,41.96,21.0,0.5004766444232602,False
538,Alister Software bundle,http://store.steampowered.com/bundle/538/?utm_source=SteamDB&utm_medium=SteamDB&utm_campaign=SteamDB%20Bundles%20Page,1.98,1.0,0.49,2,1.98,0.98,0.494949494949495,False
347,Astronomic Games,http://store.steampowered.com/bundle/347/?utm_source=SteamDB&utm_medium=SteamDB&utm_campaign=SteamDB%20Bundles%20Page,34.95,7.0,0.8,5,34.95,27.950000000000003,0.7997138769670958,False
1005,Moon Colonization Project: Deluxe Edition,http://store.steampowered.com/bundle/1005/?utm_source=SteamDB&utm_medium=SteamDB&utm_campaign=SteamDB%20Bundles%20Page,4.18,3.13,0.25,2,4.18,1.0499999999999998,0.2511961722488038,False
1100,New World Collection,http://store.steampowered.com/bundle/1100/?utm_source=SteamDB&utm_medium=SteamDB&utm_campaign=SteamDB%20Bundles%20Page,24.98,21.23,0.15,2,24.979999999999997,3.7499999999999964,0.15012009607686136,False
1114,Okhlos: Olympus Edition,http://store.steampowered.com/bundle/1114/?utm_source=SteamDB&utm_medium=SteamDB&utm_campaign=SteamDB%20Bundles%20Page,22.96,22.96,0.0,4,22.96,0.0,0.0,False
494,Endless Loop Management,http://store.steampowered.com/bundle/494/?utm_source=SteamDB&utm_medium=SteamDB&utm_campaign=SteamDB%20Bundles%20Page,5.98,4.96,0.17,2,5.98,1.0200000000000005,0.17056856187290975,False
357,Thomas Was Alone + Volume,http://store.steampowered.com/bundle/357/?utm_source=SteamDB&utm_medium=SteamDB&utm_campaign=SteamDB%20Bundles%20Page,29.98,26.98,0.1,2,29.979999999999997,2.9999999999999964,0.10006671114076039,False
363,Subterrain - OST Edition,http://store.steampowered.com/bundle/363/?utm_source=SteamDB&utm_medium=SteamDB&utm_campaign=SteamDB%20Bundles%20Page,19.98,17.98,0.1,2,19.979999999999997,1.9999999999999964,0.10010010010009994,False
284,The Vanishing of Ethan Carter VR Bundle,http://store.steampowered.com/bundle/284/?utm_source=SteamDB&utm_medium=SteamDB&utm_campaign=SteamDB%20Bundles%20Page,29.98,29.98,0.0,2,29.979999999999997,-3.552713678800501e-15,-1.1850279115411945e-16,False
1017,Render System Games Complete,http://store.steampowered.com/bundle/1017/?utm_source=SteamDB&utm_medium=SteamDB&utm_campaign=SteamDB%20Bundles%20Page,14.98,11.98,0.2,2,14.98,3.0,0.20026702269692923,False
1002,The Turing Test Collector's Edition,http://store.steampowered.com/bundle/1002/?utm_source=SteamDB&utm_medium=SteamDB&utm_campaign=SteamDB%20Bundles%20Page,29.98,23.98,0.2,2,29.979999999999997,5.9999999999999964,0.20013342228152092,False
754,Mysterious Places Bundle,http://store.steampowered.com/bundle/754/?utm_source=SteamDB&utm_medium=SteamDB&utm_campaign=SteamDB%20Bundles%20Page,39.96,27.96,0.3,4,39.96,12.0,0.3003003003003003,False
536,Stronghold Complete Pack,http://store.steampowered.com/bundle/536/?utm_source=SteamDB&utm_medium=SteamDB&utm_campaign=SteamDB%20Bundles%20Page,49.98,49.98,0.0,2,49.98,0.0,0.0,False
359,Monstrum - Deluxe Edition,http://store.steampowered.com/bundle/359/?utm_source=SteamDB&utm_medium=SteamDB&utm_campaign=SteamDB%20Bundles%20Page,22.98,20.68,0.1,2,22.979999999999997,2.299999999999997,0.1000870322019146,False
416,FobTi Indie Bundle,http://store.steampowered.com/bundle/416/?utm_source=SteamDB&utm_medium=SteamDB&utm_campaign=SteamDB%20Bundles%20Page,18.98,12.33,0.35,2,18.98,6.65,0.35036880927291886,False
251,Vae Victis Racing Collection,http://store.steampowered.com/bundle/251/?utm_source=SteamDB&utm_medium=SteamDB&utm_campaign=SteamDB%20Bundles%20Page,26.98,20.23,0.25,2,26.979999999999997,6.7499999999999964,0.25018532246108216,False
923,The Black Watchmen - Occult Agent Edition,http://store.steampowered.com/bundle/923/?utm_source=SteamDB&utm_medium=SteamDB&utm_campaign=SteamDB%20Bundles%20Page,44.96,33.71,0.25,4,44.96,11.25,0.2502224199288256,False
953,AuroraRL Special Edition,http://store.steampowered.com/bundle/953/?utm_source=SteamDB&utm_medium=SteamDB&utm_campaign=SteamDB%20Bundles%20Page,6.98,6.28,0.1,2,6.98,0.7000000000000002,0.10028653295128942,False
869,Ultimate Conspiracy Pack,http://store.steampowered.com/bundle/869/?utm_source=SteamDB&utm_medium=SteamDB&utm_campaign=SteamDB%20Bundles%20Page,12.98,9.99,0.23,2,12.98,2.99,0.23035439137134053,False
622,Age of Fear Series Bundle,http://store.steampowered.com/bundle/622/?utm_source=SteamDB&utm_medium=SteamDB&utm_campaign=SteamDB%20Bundles%20Page,29.98,26.98,0.1,2,29.98,3.0,0.1000667111407605,False
507,The Screwfly Collection,http://store.steampowered.com/bundle/507/?utm_source=SteamDB&utm_medium=SteamDB&utm_campaign=SteamDB%20Bundles%20Page,34.97,29.72,0.15,3,34.97,5.25,0.15012868172719473,False
298,Out of the Park Baseball 17 + Franchise Hockey Manager 2,http://store.steampowered.com/bundle/298/?utm_source=SteamDB&utm_medium=SteamDB&utm_campaign=SteamDB%20Bundles%20Page,59.98,53.98,0.1,2,59.980000000000004,6.000000000000007,0.1000333444481495,False
304,The Next World: Deluxe Bundle,http://store.steampowered.com/bundle/304/?utm_source=SteamDB&utm_medium=SteamDB&utm_campaign=SteamDB%20Bundles%20Page,16.98,13.58,0.2,2,16.98,3.4000000000000004,0.20023557126030625,False
166,Grand Theft Auto V & Great White Shark Cash Card,http://store.steampowered.com/bundle/166/?utm_source=SteamDB&utm_medium=SteamDB&utm_campaign=SteamDB%20Bundles%20Page,79.98,75.98,0.05,2,79.98,4.0,0.05001250312578144,False
1191,Heart&Slash; + Soundtrack,http://store.steampowered.com/bundle/1191/?utm_source=SteamDB&utm_medium=SteamDB&utm_campaign=SteamDB%20Bundles%20Page,24.98,19.98,0.2,2,24.98,5.0,0.200160128102482,False
1246,BioWare Bundle,http://store.steampowered.com/bundle/1246/?utm_source=SteamDB&utm_medium=SteamDB&utm_campaign=SteamDB%20Bundles%20Page,94.96,75.96,0.2,4,94.96,19.0,0.2000842459983151,False
1115,Sekwere + Soundtrack,http://store.steampowered.com/bundle/1115/?utm_source=SteamDB&utm_medium=SteamDB&utm_campaign=SteamDB%20Bundles%20Page,1.98,1.28,0.35,2,1.98,0.7,0.35353535353535354,False
836,Megadimension Neptunia VII Digital Deluxe Edition,http://store.steampowered.com/bundle/836/?utm_source=SteamDB&utm_medium=SteamDB&utm_campaign=SteamDB%20Bundles%20Page,59.98,53.98,0.1,2,59.980000000000004,6.000000000000007,0.1000333444481495,False
568,Windlands + Original Soundtrack,http://store.steampowered.com/bundle/568/?utm_source=SteamDB&utm_medium=SteamDB&utm_campaign=SteamDB%20Bundles%20Page,26.98,24.28,0.1,2,26.979999999999997,2.6999999999999957,0.10007412898443277,False
597,The Polynomial 1&2,http://store.steampowered.com/bundle/597/?utm_source=SteamDB&utm_medium=SteamDB&utm_campaign=SteamDB%20Bundles%20Page,18.98,14.23,0.25,2,18.98,4.75,0.25026343519494204,False
490,Flat Kingdom Deluxe Edition,http://store.steampowered.com/bundle/490/?utm_source=SteamDB&utm_medium=SteamDB&utm_campaign=SteamDB%20Bundles%20Page,12.98,10.38,0.2,2,12.98,2.5999999999999996,0.2003081664098613,False
281,Enter The Gungeon Collector's Edition,http://store.steampowered.com/bundle/281/?utm_source=SteamDB&utm_medium=SteamDB&utm_campaign=SteamDB%20Bundles%20Page,24.96,22.46,0.1,4,24.96,2.5,0.1001602564102564,False
341,Fossil Echo - Special Edition,http://store.steampowered.com/bundle/341/?utm_source=SteamDB&utm_medium=SteamDB&utm_campaign=SteamDB%20Bundles%20Page,24.98,19.98,0.2,2,24.98,5.0,0.200160128102482,False
1339,12 is Better Than 6 + Soundtrack + Artbook,http://store.steampowered.com/bundle/1339/?utm_source=SteamDB&utm_medium=SteamDB&utm_campaign=SteamDB%20Bundles%20Page,7.97,6.77,0.15,3,7.970000000000001,1.200000000000001,0.15056461731493112,False
539,Faton Bundle,http://store.steampowered.com/bundle/539/?utm_source=SteamDB&utm_medium=SteamDB&utm_campaign=SteamDB%20Bundles%20Page,3.96,2.76,0.3,4,3.96,1.2000000000000002,0.3030303030303031,False
850,Fasaria World DELUXE EDITION Bundle,http://store.steampowered.com/bundle/850/?utm_source=SteamDB&utm_medium=SteamDB&utm_campaign=SteamDB%20Bundles%20Page,44.97,18.0,0.6,3,44.97,26.97,0.5997331554369579,False
1150,Blade Ballet Turntable Edition,http://store.steampowered.com/bundle/1150/?utm_source=SteamDB&utm_medium=SteamDB&utm_campaign=SteamDB%20Bundles%20Page,19.98,18.98,0.05,2,19.98,1.0,0.050050050050050046,False
585,Where Angels Cry Bundle,http://store.steampowered.com/bundle/585/?utm_source=SteamDB&utm_medium=SteamDB&utm_campaign=SteamDB%20Bundles%20Page,19.98,17.98,0.1,2,19.98,2.0,0.10010010010010009,False
1226,Selma and the Wisp plus Soundtrack,http://store.steampowered.com/bundle/1226/?utm_source=SteamDB&utm_medium=SteamDB&utm_campaign=SteamDB%20Bundles%20Page,11.98,10.78,0.1,2,11.98,1.200000000000001,0.10016694490818039,False
916,SONAR Platinum with Lifetime Updates - New Users,http://store.steampowered.com/bundle/916/?utm_source=SteamDB&utm_medium=SteamDB&utm_campaign=SteamDB%20Bundles%20Page,999.98,499.98,0.5,2,999.98,500.0,0.500010000200004,False
501,Puzzle Bundle,http://store.steampowered.com/bundle/501/?utm_source=SteamDB&utm_medium=SteamDB&utm_campaign=SteamDB%20Bundles%20Page,18.96,2.47,0.87,4,18.96,16.490000000000002,0.8697257383966246,False
614,Doodle God & Doodle Kingdom,http://store.steampowered.com/bundle/614/?utm_source=SteamDB&utm_medium=SteamDB&utm_campaign=SteamDB%20Bundles%20Page,11.98,10.78,0.1,2,11.98,1.200000000000001,0.10016694490818039,False
441,Quiet River Bundle,http://store.steampowered.com/bundle/441/?utm_source=SteamDB&utm_medium=SteamDB&utm_campaign=SteamDB%20Bundles%20Page,4.98,3.23,0.35,2,4.98,1.7500000000000004,0.3514056224899599,False
526,Poo Pack,http://store.steampowered.com/bundle/526/?utm_source=SteamDB&utm_medium=SteamDB&utm_campaign=SteamDB%20Bundles%20Page,1.98,1.58,0.2,2,1.98,0.3999999999999999,0.202020202020202,False
262,Guns of Icarus Online + Alliance Collector's Edition Bundle,http://store.steampowered.com/bundle/262/?utm_source=SteamDB&utm_medium=SteamDB&utm_campaign=SteamDB%20Bundles%20Page,29.97,25.17,0.16,3,29.97,4.799999999999997,0.16016016016016008,False
1085,Hanako Yuri Bundle,http://store.steampowered.com/bundle/1085/?utm_source=SteamDB&utm_medium=SteamDB&utm_campaign=SteamDB%20Bundles%20Page,34.98,27.98,0.2,2,34.98,6.9999999999999964,0.2001143510577472,False
929,Alice and Smith - Complete Library,http://store.steampowered.com/bundle/929/?utm_source=SteamDB&utm_medium=SteamDB&utm_campaign=SteamDB%20Bundles%20Page,50.95,38.2,0.25,5,50.95,12.75,0.25024533856722275,False
1275,Uprising Complete,http://store.steampowered.com/bundle/1275/?utm_source=SteamDB&utm_medium=SteamDB&utm_campaign=SteamDB%20Bundles%20Page,13.98,9.92,0.29,2,13.98,4.0600000000000005,0.290414878397711,False
676,NEKOPARA complete edition,http://store.steampowered.com/bundle/676/?utm_source=SteamDB&utm_medium=SteamDB&utm_campaign=SteamDB%20Bundles%20Page,22.97,20.67,0.1,3,22.97,2.299999999999997,0.10013060513713527,False
406,Zeno Archives,http://store.steampowered.com/bundle/406/?utm_source=SteamDB&utm_medium=SteamDB&utm_campaign=SteamDB%20Bundles%20Page,19.98,11.98,0.4,2,19.98,8.0,0.40040040040040037,False
413,M2H Bundle,http://store.steampowered.com/bundle/413/?utm_source=SteamDB&utm_medium=SteamDB&utm_campaign=SteamDB%20Bundles%20Page,42.97,38.67,0.1,3,42.97,4.299999999999997,0.10006981615080282,False
305,OPUS: Soundtrack Bundle,http://store.steampowered.com/bundle/305/?utm_source=SteamDB&utm_medium=SteamDB&utm_campaign=SteamDB%20Bundles%20Page,15.98,14.38,0.1,2,15.98,1.5999999999999996,0.10012515644555692,False
215,"That Dragon, Cancer + Thank You For Playing",http://store.steampowered.com/bundle/215/?utm_source=SteamDB&utm_medium=SteamDB&utm_campaign=SteamDB%20Bundles%20Page,24.98,19.98,0.2,2,24.98,5.0,0.200160128102482,False
974,The Secret Monster Society - Chapter One + Soundtrack,http://store.steampowered.com/bundle/974/?utm_source=SteamDB&utm_medium=SteamDB&utm_campaign=SteamDB%20Bundles%20Page,7.98,7.18,0.1,2,7.98,0.8000000000000007,0.10025062656641612,False
653,The Real Texas - Dusty Skies Edition,http://store.steampowered.com/bundle/653/?utm_source=SteamDB&utm_medium=SteamDB&utm_campaign=SteamDB%20Bundles%20Page,18.98,17.08,0.1,2,18.98,1.9000000000000021,0.10010537407797693,False
533,Spakoyno GOTY Edition,http://store.steampowered.com/bundle/533/?utm_source=SteamDB&utm_medium=SteamDB&utm_campaign=SteamDB%20Bundles%20Page,8.98,8.08,0.1,2,8.98,0.9000000000000004,0.10022271714922053,False
346,"Linea, the Game - Complete Edition",http://store.steampowered.com/bundle/346/?utm_source=SteamDB&utm_medium=SteamDB&utm_campaign=SteamDB%20Bundles%20Page,2.98,2.53,0.15,2,2.98,0.4500000000000002,0.15100671140939603,False
1307,Now You See Me Double Feature,http://store.steampowered.com/bundle/1307/?utm_source=SteamDB&utm_medium=SteamDB&utm_campaign=SteamDB%20Bundles%20Page,33.28,27.95,0.16,2,33.28,5.330000000000002,0.16015625000000006,False
1303,Spiderweb Software Super-Gigantic Bundle,http://store.steampowered.com/bundle/1303/?utm_source=SteamDB&utm_medium=SteamDB&utm_campaign=SteamDB%20Bundles%20Page,82.91,49.71,0.4,9,82.91,33.199999999999996,0.40043420576528765,False
1156,F1 2016 - Steam Controller Bundle,http://store.steampowered.com/bundle/1156/?utm_source=SteamDB&utm_medium=SteamDB&utm_campaign=SteamDB%20Bundles%20Page,89.98,89.98,0.0,2,89.98,0.0,0.0,False
1259,Gone In November Collector's Edition,http://store.steampowered.com/bundle/1259/?utm_source=SteamDB&utm_medium=SteamDB&utm_campaign=SteamDB%20Bundles%20Page,1.98,1.58,0.2,2,1.98,0.3999999999999999,0.202020202020202,False
1265,Mystery Case Files Bundle,http://store.steampowered.com/bundle/1265/?utm_source=SteamDB&utm_medium=SteamDB&utm_campaign=SteamDB%20Bundles%20Page,73.93,66.53,0.1,7,73.93,7.400000000000006,0.10009468416069262,False
1266,SPACE PACK,http://store.steampowered.com/bundle/1266/?utm_source=SteamDB&utm_medium=SteamDB&utm_campaign=SteamDB%20Bundles%20Page,2.98,2.68,0.1,2,2.98,0.2999999999999998,0.10067114093959725,False
1188,DMC4SE Demon Hunter Bundle + DmC Complete Pack,http://store.steampowered.com/bundle/1188/?utm_source=SteamDB&utm_medium=SteamDB&utm_campaign=SteamDB%20Bundles%20Page,85.4,70.01,0.18,10,85.4,15.39,0.18021077283372364,False
1190,2016 Capcom Collector's Bundle,http://store.steampowered.com/bundle/1190/?utm_source=SteamDB&utm_medium=SteamDB&utm_campaign=SteamDB%20Bundles%20Page,300.63,117.39,0.61,37,300.63,183.24,0.6095200079832352,False
1196,Blasting Agent: Ultimate Edition + Original Soundtrack,http://store.steampowered.com/bundle/1196/?utm_source=SteamDB&utm_medium=SteamDB&utm_campaign=SteamDB%20Bundles%20Page,4.98,3.98,0.2,2,4.98,1.0000000000000004,0.2008032128514057,False
1232,Resident Evil 4/5/6,http://store.steampowered.com/bundle/1232/?utm_source=SteamDB&utm_medium=SteamDB&utm_campaign=SteamDB%20Bundles%20Page,69.97,60.17,0.14,3,69.97,9.799999999999997,0.14006002572531082,False
1144,Dead Rising Collector's Pack,http://store.steampowered.com/bundle/1144/?utm_source=SteamDB&utm_medium=SteamDB&utm_campaign=SteamDB%20Bundles%20Page,105.88,89.98,0.15,12,105.88,15.899999999999991,0.15017000377786166,False
809,Devil May Cry 4: Special Edition Demon Hunter Bundle,http://store.steampowered.com/bundle/809/?utm_source=SteamDB&utm_medium=SteamDB&utm_campaign=SteamDB%20Bundles%20Page,40.44,35.99,0.11,6,40.44,4.449999999999996,0.11003956478733917,False
1290,BITRAYS,http://store.steampowered.com/bundle/1290/?utm_source=SteamDB&utm_medium=SteamDB&utm_campaign=SteamDB%20Bundles%20Page,2.73,1.91,0.3,2,2.73,0.8200000000000001,0.3003663003663004,False
1291,Talisman - 3 Game Bundle,http://store.steampowered.com/bundle/1291/?utm_source=SteamDB&utm_medium=SteamDB&utm_campaign=SteamDB%20Bundles%20Page,36.97,31.42,0.15,3,36.97,5.549999999999997,0.15012172031376786,False
1068,The Girl and the Robot - Game + Soundtrack + Art Book,http://store.steampowered.com/bundle/1068/?utm_source=SteamDB&utm_medium=SteamDB&utm_campaign=SteamDB%20Bundles%20Page,13.98,11.88,0.15,2,13.98,2.0999999999999996,0.1502145922746781,False
548,Talisman: The Horus Heresy - Game + Soundtrack,http://store.steampowered.com/bundle/548/?utm_source=SteamDB&utm_medium=SteamDB&utm_campaign=SteamDB%20Bundles%20Page,21.98,18.68,0.15,2,21.98,3.3000000000000007,0.15013648771610558,False
1289,Rock 'N' Roll Defense - Complete Bundle,http://store.steampowered.com/bundle/1289/?utm_source=SteamDB&utm_medium=SteamDB&utm_campaign=SteamDB%20Bundles%20Page,3.98,2.98,0.25,2,3.98,1.0,0.25125628140703515,False
1288,Complex Edition,http://store.steampowered.com/bundle/1288/?utm_source=SteamDB&utm_medium=SteamDB&utm_campaign=SteamDB%20Bundles%20Page,18.95,7.6,0.6,5,18.950000000000003,11.350000000000003,0.5989445910290239,False
1105,Royal Defense Complete Edition,http://store.steampowered.com/bundle/1105/?utm_source=SteamDB&utm_medium=SteamDB&utm_campaign=SteamDB%20Bundles%20Page,8.98,7.18,0.2,2,8.98,1.8000000000000007,0.20044543429844106,False
917,SONAR Platinum with Lifetime Updates - Upgrade,http://store.steampowered.com/bundle/917/?utm_source=SteamDB&utm_medium=SteamDB&utm_campaign=SteamDB%20Bundles%20Page,799.98,399.98,0.5,2,799.98,400.0,0.5000125003125078,False
1274,Tiger & Bunny Movies Bundle,http://store.steampowered.com/bundle/1274/?utm_source=SteamDB&utm_medium=SteamDB&utm_campaign=SteamDB%20Bundles%20Page,25.98,23.38,0.1,2,25.98,2.6000000000000014,0.10007698229407241,False
1267,Doomster Bundle,http://store.steampowered.com/bundle/1267/?utm_source=SteamDB&utm_medium=SteamDB&utm_campaign=SteamDB%20Bundles%20Page,17.97,9.87,0.45,3,17.97,8.1,0.4507512520868114,False
1047,Sins of a Solar Empire Gold,http://store.steampowered.com/bundle/1047/?utm_source=SteamDB&utm_medium=SteamDB&utm_campaign=SteamDB%20Bundles%20Page,84.94,63.69,0.25,6,84.94,21.25,0.25017659524370145,False
1252,Energy Bundle,http://store.steampowered.com/bundle/1252/?utm_source=SteamDB&utm_medium=SteamDB&utm_campaign=SteamDB%20Bundles%20Page,6.95,5.55,0.2,5,6.95,1.4000000000000004,0.20143884892086336,False
1219,Through Abandoned 1 and 2,http://store.steampowered.com/bundle/1219/?utm_source=SteamDB&utm_medium=SteamDB&utm_campaign=SteamDB%20Bundles%20Page,3.98,3.98,0.0,2,3.9800000000000004,4.440892098500626e-16,1.1158020347991522e-16,False
1204,4 Arcade Games Bundle + Soundtrack,http://store.steampowered.com/bundle/1204/?utm_source=SteamDB&utm_medium=SteamDB&utm_campaign=SteamDB%20Bundles%20Page,12.86,7.7,0.4,4,12.860000000000001,5.160000000000001,0.401244167962675,False
1207,3 Arcade Games in 1 Bundle: Run Rabbit Run + Sky to Fly,http://store.steampowered.com/bundle/1207/?utm_source=SteamDB&utm_medium=SteamDB&utm_campaign=SteamDB%20Bundles%20Page,11.97,7.17,0.4,3,11.97,4.800000000000001,0.4010025062656642,False
936,Alawar Adventure Collection,http://store.steampowered.com/bundle/936/?utm_source=SteamDB&utm_medium=SteamDB&utm_campaign=SteamDB%20Bundles%20Page,29.95,16.15,0.46,5,29.950000000000003,13.800000000000004,0.4607679465776295,False
763,Kevin Gold Bundle,http://store.steampowered.com/bundle/763/?utm_source=SteamDB&utm_medium=SteamDB&utm_campaign=SteamDB%20Bundles%20Page,7.98,5.98,0.25,2,7.98,2.0,0.2506265664160401,False
801,Space Bundle,http://store.steampowered.com/bundle/801/?utm_source=SteamDB&utm_medium=SteamDB&utm_campaign=SteamDB%20Bundles%20Page,4.47,2.72,0.39,3,4.47,1.7499999999999996,0.39149888143176725,False
461,Daedalic Adventure Bundle II,http://store.steampowered.com/bundle/461/?utm_source=SteamDB&utm_medium=SteamDB&utm_campaign=SteamDB%20Bundles%20Page,72.95,40.1,0.45,5,72.94999999999999,32.84999999999999,0.4503084304318025,False
1258,Notch - The Innocent LunA Collection,http://store.steampowered.com/bundle/1258/?utm_source=SteamDB&utm_medium=SteamDB&utm_campaign=SteamDB%20Bundles%20Page,21.96,17.56,0.2,4,21.96,4.400000000000002,0.20036429872495456,False
1029,The Magnificent Fragments,http://store.steampowered.com/bundle/1029/?utm_source=SteamDB&utm_medium=SteamDB&utm_campaign=SteamDB%20Bundles%20Page,7.98,5.34,0.33,2,7.98,2.6400000000000006,0.33082706766917297,False
813,The Big One,http://store.steampowered.com/bundle/813/?utm_source=SteamDB&utm_medium=SteamDB&utm_campaign=SteamDB%20Bundles%20Page,73.26,14.7,0.8,24,73.26,58.56,0.7993447993447993,False
693,Adam's Venture bundle,http://store.steampowered.com/bundle/693/?utm_source=SteamDB&utm_medium=SteamDB&utm_campaign=SteamDB%20Bundles%20Page,41.97,33.57,0.2,3,41.97,8.399999999999999,0.20014295925661182,False
275,The Last Door Collector's Edition Bundle,http://store.steampowered.com/bundle/275/?utm_source=SteamDB&utm_medium=SteamDB&utm_campaign=SteamDB%20Bundles%20Page,19.98,17.98,0.1,2,19.98,2.0,0.10010010010010009,False
365,The Deed Collection,http://store.steampowered.com/bundle/365/?utm_source=SteamDB&utm_medium=SteamDB&utm_campaign=SteamDB%20Bundles%20Page,3.98,1.98,0.5,2,3.9800000000000004,2.0000000000000004,0.5025125628140704,False
169,The Jackbox Bundle,http://store.steampowered.com/bundle/169/?utm_source=SteamDB&utm_medium=SteamDB&utm_campaign=SteamDB%20Bundles%20Page,49.98,44.98,0.1,2,49.98,5.0,0.10004001600640257,False
259,FORCED SHOWDOWN Deluxe,http://store.steampowered.com/bundle/259/?utm_source=SteamDB&utm_medium=SteamDB&utm_campaign=SteamDB%20Bundles%20Page,39.96,35.96,0.1,4,39.96,4.0,0.10010010010010009,False
1213,Red vs. Blue Seasons 11-13,http://store.steampowered.com/bundle/1213/?utm_source=SteamDB&utm_medium=SteamDB&utm_campaign=SteamDB%20Bundles%20Page,29.97,20.97,0.3,3,29.97,9.0,0.3003003003003003,False
1231,The Healthy Profits Bundle,http://store.steampowered.com/bundle/1231/?utm_source=SteamDB&utm_medium=SteamDB&utm_campaign=SteamDB%20Bundles%20Page,30.98,27.88,0.1,2,30.979999999999997,3.099999999999998,0.10006455777921233,False
879,Furi + OST Combo Pack,http://store.steampowered.com/bundle/879/?utm_source=SteamDB&utm_medium=SteamDB&utm_campaign=SteamDB%20Bundles%20Page,39.98,33.98,0.15,2,39.98,6.0,0.1500750375187594,False
977,Puzzle Box - Game + DLC Pack #2,http://store.steampowered.com/bundle/977/?utm_source=SteamDB&utm_medium=SteamDB&utm_campaign=SteamDB%20Bundles%20Page,13.98,11.18,0.2,2,13.98,2.8000000000000007,0.2002861230329042,False
611,1917 - The Alien Invasion - Game + OST Pack #1,http://store.steampowered.com/bundle/611/?utm_source=SteamDB&utm_medium=SteamDB&utm_campaign=SteamDB%20Bundles%20Page,6.98,5.58,0.2,2,6.98,1.4000000000000004,0.20057306590257884,False
297,XiNFiNiTY Games Studio Pack #1,http://store.steampowered.com/bundle/297/?utm_source=SteamDB&utm_medium=SteamDB&utm_campaign=SteamDB%20Bundles%20Page,6.98,4.88,0.3,2,6.98,2.1000000000000005,0.30085959885386826,False
93,Mad Max: Game + Fury Road,http://store.steampowered.com/bundle/93/?utm_source=SteamDB&utm_medium=SteamDB&utm_campaign=SteamDB%20Bundles%20Page,59.98,53.98,0.1,2,59.980000000000004,6.000000000000007,0.1000333444481495,False
1233,Hexoscope Collector's Edition,http://store.steampowered.com/bundle/1233/?utm_source=SteamDB&utm_medium=SteamDB&utm_campaign=SteamDB%20Bundles%20Page,2.97,2.67,0.1,3,2.9699999999999998,0.2999999999999998,0.10101010101010095,False
995,8DAYS + OST,http://store.steampowered.com/bundle/995/?utm_source=SteamDB&utm_medium=SteamDB&utm_campaign=SteamDB%20Bundles%20Page,15.98,14.38,0.1,2,15.98,1.5999999999999996,0.10012515644555692,False
421,Herrero Games,http://store.steampowered.com/bundle/421/?utm_source=SteamDB&utm_medium=SteamDB&utm_campaign=SteamDB%20Bundles%20Page,4.97,2.47,0.5,3,4.97,2.4999999999999996,0.5030181086519114,False
337,Retool Special Edition,http://store.steampowered.com/bundle/337/?utm_source=SteamDB&utm_medium=SteamDB&utm_campaign=SteamDB%20Bundles%20Page,11.98,10.78,0.1,2,11.98,1.200000000000001,0.10016694490818039,False
353,Civilization VI + Steam Controller Bundle,http://store.steampowered.com/bundle/353/?utm_source=SteamDB&utm_medium=SteamDB&utm_campaign=SteamDB%20Bundles%20Page,89.98,89.98,0.0,2,89.98,0.0,0.0,False
1007,Search & Kill + GabeN Simulator,http://store.steampowered.com/bundle/1007/?utm_source=SteamDB&utm_medium=SteamDB&utm_campaign=SteamDB%20Bundles%20Page,6.99,6.29,0.1,2,6.99,0.7000000000000002,0.1001430615164521,False
1071,Tom Clancy's The Division - Streets of New York Outfit Bundle,http://store.steampowered.com/bundle/1071/?utm_source=SteamDB&utm_medium=SteamDB&utm_campaign=SteamDB%20Bundles%20Page,19.96,14.96,0.25,4,19.96,5.0,0.250501002004008,False
893,2 Best Quest Games Bundle,http://store.steampowered.com/bundle/893/?utm_source=SteamDB&utm_medium=SteamDB&utm_campaign=SteamDB%20Bundles%20Page,14.98,10.48,0.3,2,14.98,4.5,0.30040053404539385,False
913,Mind Spheres Deluxe Edition,http://store.steampowered.com/bundle/913/?utm_source=SteamDB&utm_medium=SteamDB&utm_campaign=SteamDB%20Bundles%20Page,2.98,2.23,0.25,2,2.98,0.75,0.2516778523489933,False
651,The Samurai Jazz Series,http://store.steampowered.com/bundle/651/?utm_source=SteamDB&utm_medium=SteamDB&utm_campaign=SteamDB%20Bundles%20Page,1.98,1.48,0.25,2,1.98,0.5,0.25252525252525254,False
479,Elements 'Souls & Hearts' Bundle,http://store.steampowered.com/bundle/479/?utm_source=SteamDB&utm_medium=SteamDB&utm_campaign=SteamDB%20Bundles%20Page,14.97,3.0,0.8,3,14.97,11.97,0.7995991983967936,False
1247,The Sims 3 Bundle,http://store.steampowered.com/bundle/1247/?utm_source=SteamDB&utm_medium=SteamDB&utm_campaign=SteamDB%20Bundles%20Page,79.96,49.56,0.38,4,79.96,30.39999999999999,0.38019009504752366,False
505,16Bit Nights Bundle,http://store.steampowered.com/bundle/505/?utm_source=SteamDB&utm_medium=SteamDB&utm_campaign=SteamDB%20Bundles%20Page,3.97,1.72,0.57,3,3.9699999999999998,2.25,0.5667506297229219,False
1250,Karma Miwa + Genius Greedy Mouse Studio Pack #1,http://store.steampowered.com/bundle/1250/?utm_source=SteamDB&utm_medium=SteamDB&utm_campaign=SteamDB%20Bundles%20Page,7.98,6.38,0.2,2,7.98,1.6000000000000005,0.20050125313283212,False
1146,8-Bit Armies & Hordes,http://store.steampowered.com/bundle/1146/?utm_source=SteamDB&utm_medium=SteamDB&utm_campaign=SteamDB%20Bundles%20Page,41.95,25.15,0.4,5,41.95,16.800000000000004,0.4004767580452921,False
1147,8-Bit Hordes Complete Edition,http://store.steampowered.com/bundle/1147/?utm_source=SteamDB&utm_medium=SteamDB&utm_campaign=SteamDB%20Bundles%20Page,18.98,16.13,0.15,2,18.98,2.8500000000000014,0.1501580611169653,False
1021,Back To Basics Sci Fi Bundle,http://store.steampowered.com/bundle/1021/?utm_source=SteamDB&utm_medium=SteamDB&utm_campaign=SteamDB%20Bundles%20Page,6.93,3.78,0.45,7,6.93,3.15,0.45454545454545453,False
560,Devolver Digital + XSplit Streamer Pack,http://store.steampowered.com/bundle/560/?utm_source=SteamDB&utm_medium=SteamDB&utm_campaign=SteamDB%20Bundles%20Page,39.97,29.97,0.25,3,39.97,10.0,0.25018764073054794,False
1243,Bad Company 2 Bundle,http://store.steampowered.com/bundle/1243/?utm_source=SteamDB&utm_medium=SteamDB&utm_campaign=SteamDB%20Bundles%20Page,40.97,29.9,0.27,3,40.97,11.07,0.27019770563827195,False
1245,More Spore,http://store.steampowered.com/bundle/1245/?utm_source=SteamDB&utm_medium=SteamDB&utm_campaign=SteamDB%20Bundles%20Page,59.97,40.17,0.33,3,59.97,19.799999999999997,0.3301650825412706,False
951,Command & Conquer Pack,http://store.steampowered.com/bundle/951/?utm_source=SteamDB&utm_medium=SteamDB&utm_campaign=SteamDB%20Bundles%20Page,94.95,71.2,0.25,5,94.94999999999999,23.749999999999986,0.2501316482359135,False
1241,Keep Talking and Nobody Explodes + Soundtrack,http://store.steampowered.com/bundle/1241/?utm_source=SteamDB&utm_medium=SteamDB&utm_campaign=SteamDB%20Bundles%20Page,21.98,19.78,0.1,2,21.98,2.1999999999999993,0.100090991810737,False
1215,Enigmatis Collection,http://store.steampowered.com/bundle/1215/?utm_source=SteamDB&utm_medium=SteamDB&utm_campaign=SteamDB%20Bundles%20Page,29.97,24.87,0.17,3,29.97,5.099999999999998,0.1701701701701701,False
1217,Reigns: Collector's Edition,http://store.steampowered.com/bundle/1217/?utm_source=SteamDB&utm_medium=SteamDB&utm_campaign=SteamDB%20Bundles%20Page,5.96,5.96,0.0,4,5.96,0.0,0.0,False
1228,Space Ribbon Soundtrack Bundle,http://store.steampowered.com/bundle/1228/?utm_source=SteamDB&utm_medium=SteamDB&utm_campaign=SteamDB%20Bundles%20Page,16.98,9.84,0.42,2,16.98,7.140000000000001,0.42049469964664316,False
1009,EA Racing Pack,http://store.steampowered.com/bundle/1009/?utm_source=SteamDB&utm_medium=SteamDB&utm_campaign=SteamDB%20Bundles%20Page,89.95,58.45,0.35,5,89.94999999999999,31.499999999999986,0.35019455252918275,False
1206,Fatshark Bundle,http://store.steampowered.com/bundle/1206/?utm_source=SteamDB&utm_medium=SteamDB&utm_campaign=SteamDB%20Bundles%20Page,110.9,55.4,0.5,10,110.89999999999999,55.49999999999999,0.5004508566275924,False
1229,Overlord: Ultimate Evil Collection,http://store.steampowered.com/bundle/1229/?utm_source=SteamDB&utm_medium=SteamDB&utm_campaign=SteamDB%20Bundles%20Page,43.96,35.16,0.2,4,43.96,8.800000000000004,0.20018198362147416,False
1046,Ashes of the Singularity Gold,http://store.steampowered.com/bundle/1046/?utm_source=SteamDB&utm_medium=SteamDB&utm_campaign=SteamDB%20Bundles%20Page,67.93,50.93,0.25,7,67.93,17.000000000000007,0.25025761813631686,False
456,The Ultimate Driving Test Success Bundle,http://store.steampowered.com/bundle/456/?utm_source=SteamDB&utm_medium=SteamDB&utm_campaign=SteamDB%20Bundles%20Page,43.96,21.96,0.5,4,43.96,22.0,0.5004549590536852,False
1208,Dark Parables Pack,http://store.steampowered.com/bundle/1208/?utm_source=SteamDB&utm_medium=SteamDB&utm_campaign=SteamDB%20Bundles%20Page,91.93,82.73,0.1,7,91.93,9.200000000000003,0.10007614489285328,False
704,Special Bundle,http://store.steampowered.com/bundle/704/?utm_source=SteamDB&utm_medium=SteamDB&utm_campaign=SteamDB%20Bundles%20Page,9.97,4.97,0.5,3,9.97,5.000000000000001,0.501504513540622,False
1216,Alawar games pack!,http://store.steampowered.com/bundle/1216/?utm_source=SteamDB&utm_medium=SteamDB&utm_campaign=SteamDB%20Bundles%20Page,94.85,66.35,0.3,15,94.85000000000001,28.500000000000014,0.30047443331576185,False
1183,Classic Collection,http://store.steampowered.com/bundle/1183/?utm_source=SteamDB&utm_medium=SteamDB&utm_campaign=SteamDB%20Bundles%20Page,23.95,14.35,0.4,5,23.950000000000003,9.600000000000003,0.4008350730688936,False
799,Lucius Complete Set,http://store.steampowered.com/bundle/799/?utm_source=SteamDB&utm_medium=SteamDB&utm_campaign=SteamDB%20Bundles%20Page,34.97,29.72,0.15,3,34.97,5.25,0.15012868172719473,False
1211,"Red vs. Blue (Blood Gulch Chronicles, Vol. 1-5)",http://store.steampowered.com/bundle/1211/?utm_source=SteamDB&utm_medium=SteamDB&utm_campaign=SteamDB%20Bundles%20Page,49.95,34.95,0.3,5,49.95,15.0,0.3003003003003003,False
1212,Red vs. Blue Volumes 6-10,http://store.steampowered.com/bundle/1212/?utm_source=SteamDB&utm_medium=SteamDB&utm_campaign=SteamDB%20Bundles%20Page,49.95,34.95,0.3,5,49.95,15.0,0.3003003003003003,False
1189,Handsome Mr. Frog - Game and Soundtrack,http://store.steampowered.com/bundle/1189/?utm_source=SteamDB&utm_medium=SteamDB&utm_campaign=SteamDB%20Bundles%20Page,1.98,1.78,0.1,2,1.98,0.19999999999999996,0.101010101010101,False
650,The Next World: Exploration Bundle,http://store.steampowered.com/bundle/650/?utm_source=SteamDB&utm_medium=SteamDB&utm_campaign=SteamDB%20Bundles%20Page,23.97,19.17,0.2,3,23.97,4.799999999999997,0.20025031289111378,False
1194,Sky To Fly: 2 in 1  Steampunk Games Bundle,http://store.steampowered.com/bundle/1194/?utm_source=SteamDB&utm_medium=SteamDB&utm_campaign=SteamDB%20Bundles%20Page,7.98,6.38,0.2,2,7.98,1.6000000000000005,0.20050125313283212,False
1182,Doorways: All Chapters Collection,http://store.steampowered.com/bundle/1182/?utm_source=SteamDB&utm_medium=SteamDB&utm_campaign=SteamDB%20Bundles%20Page,39.97,29.97,0.25,3,39.97,10.0,0.25018764073054794,False
1151,Run Rabbit Run Super Game Bundle + Soundtrack,http://store.steampowered.com/bundle/1151/?utm_source=SteamDB&utm_medium=SteamDB&utm_campaign=SteamDB%20Bundles%20Page,4.88,3.9,0.2,2,4.88,0.98,0.20081967213114754,False
552,Disorder + Soundtrack,http://store.steampowered.com/bundle/552/?utm_source=SteamDB&utm_medium=SteamDB&utm_campaign=SteamDB%20Bundles%20Page,14.98,11.98,0.2,2,14.98,3.0,0.20026702269692923,False
434,OtakuMaker Studio Pack - Adventure #1,http://store.steampowered.com/bundle/434/?utm_source=SteamDB&utm_medium=SteamDB&utm_campaign=SteamDB%20Bundles%20Page,20.96,16.76,0.2,4,20.96,4.199999999999999,0.20038167938931292,False
516,Survivor Squad Complete,http://store.steampowered.com/bundle/516/?utm_source=SteamDB&utm_medium=SteamDB&utm_campaign=SteamDB%20Bundles%20Page,17.98,11.68,0.35,2,17.98,6.300000000000001,0.35038932146829815,False
1052,Ghost Sweeper + Dyna Bomb Studio Pack #1,http://store.steampowered.com/bundle/1052/?utm_source=SteamDB&utm_medium=SteamDB&utm_campaign=SteamDB%20Bundles%20Page,9.98,7.98,0.2,2,9.98,2.0,0.2004008016032064,False
384,The Solus Project + The Ball,http://store.steampowered.com/bundle/384/?utm_source=SteamDB&utm_medium=SteamDB&utm_campaign=SteamDB%20Bundles%20Page,29.98,23.98,0.2,2,29.979999999999997,5.9999999999999964,0.20013342228152092,False
1028,The Pixeljam Collection,http://store.steampowered.com/bundle/1028/?utm_source=SteamDB&utm_medium=SteamDB&utm_campaign=SteamDB%20Bundles%20Page,37.91,25.37,0.33,9,37.910000000000004,12.540000000000003,0.33078343445001324,False
1158,DOOM + Steam Controller Bundle,http://store.steampowered.com/bundle/1158/?utm_source=SteamDB&utm_medium=SteamDB&utm_campaign=SteamDB%20Bundles%20Page,89.98,89.98,0.0,2,89.98,0.0,0.0,False
1084,Near Death Soundtrack Edition,http://store.steampowered.com/bundle/1084/?utm_source=SteamDB&utm_medium=SteamDB&utm_campaign=SteamDB%20Bundles%20Page,22.98,19.99,0.13,2,22.98,2.990000000000002,0.1301131418624892,False
941,Rising Islands Collector's Edition,http://store.steampowered.com/bundle/941/?utm_source=SteamDB&utm_medium=SteamDB&utm_campaign=SteamDB%20Bundles%20Page,19.97,14.97,0.25,3,19.97,4.999999999999998,0.2503755633450174,False
1104,Dungeon Escape - Soundtrack Edition,http://store.steampowered.com/bundle/1104/?utm_source=SteamDB&utm_medium=SteamDB&utm_campaign=SteamDB%20Bundles%20Page,4.98,4.23,0.15,2,4.98,0.75,0.1506024096385542,False
1143,Depth Hunter - GAME AND 3 DLC,http://store.steampowered.com/bundle/1143/?utm_source=SteamDB&utm_medium=SteamDB&utm_campaign=SteamDB%20Bundles%20Page,26.96,16.16,0.4,4,26.96,10.8,0.40059347181008903,False
872,System Crash Deluxe Edition,http://store.steampowered.com/bundle/872/?utm_source=SteamDB&utm_medium=SteamDB&utm_campaign=SteamDB%20Bundles%20Page,19.98,19.98,0.0,2,19.98,0.0,0.0,False
344,SAMOLIOTIK DELUXE EDITION,http://store.steampowered.com/bundle/344/?utm_source=SteamDB&utm_medium=SteamDB&utm_campaign=SteamDB%20Bundles%20Page,1.98,1.38,0.3,2,1.98,0.6000000000000001,0.3030303030303031,False
364,Developer Alliance Pack 2,http://store.steampowered.com/bundle/364/?utm_source=SteamDB&utm_medium=SteamDB&utm_campaign=SteamDB%20Bundles%20Page,29.96,2.4,0.92,4,29.96,27.560000000000002,0.9198931909212283,False
1138,8Floor Hidden Object Bundle,http://store.steampowered.com/bundle/1138/?utm_source=SteamDB&utm_medium=SteamDB&utm_campaign=SteamDB%20Bundles%20Page,17.77,14.21,0.2,3,17.77,3.5599999999999987,0.2003376477208778,False
1140,Check vs Mate - Grandmaster Edition,http://store.steampowered.com/bundle/1140/?utm_source=SteamDB&utm_medium=SteamDB&utm_campaign=SteamDB%20Bundles%20Page,33.97,25.47,0.25,3,33.97,8.5,0.25022078304386225,False
1141,Battle vs Chess - Grandmaster Edition,http://store.steampowered.com/bundle/1141/?utm_source=SteamDB&utm_medium=SteamDB&utm_campaign=SteamDB%20Bundles%20Page,13.98,10.48,0.25,2,13.98,3.5,0.2503576537911302,False
1132,Swords and Blasters bundle,http://store.steampowered.com/bundle/1132/?utm_source=SteamDB&utm_medium=SteamDB&utm_campaign=SteamDB%20Bundles%20Page,12.96,7.76,0.4,4,12.96,5.200000000000001,0.40123456790123463,False
1102,Kindred Spirits on the Roof Drama CD Collection,http://store.steampowered.com/bundle/1102/?utm_source=SteamDB&utm_medium=SteamDB&utm_campaign=SteamDB%20Bundles%20Page,45.96,41.36,0.1,4,45.96,4.600000000000001,0.10008703220191474,False
1103,Kindred Spirits Complete Collection,http://store.steampowered.com/bundle/1103/?utm_source=SteamDB&utm_medium=SteamDB&utm_campaign=SteamDB%20Bundles%20Page,80.95,72.85,0.1,5,80.95,8.100000000000009,0.10006176652254488,False
1130,Princess.Loot.Pixel.Again + Soundtrack!,http://store.steampowered.com/bundle/1130/?utm_source=SteamDB&utm_medium=SteamDB&utm_campaign=SteamDB%20Bundles%20Page,5.98,5.38,0.1,2,5.98,0.6000000000000005,0.1003344481605352,False
1131,"""Bye-Bye, Wacky Planet"": Shoot and Dance Edition",http://store.steampowered.com/bundle/1131/?utm_source=SteamDB&utm_medium=SteamDB&utm_campaign=SteamDB%20Bundles%20Page,6.98,5.93,0.15,2,6.98,1.0500000000000007,0.15042979942693419,False
709,Higurashi When They Cry Hou,http://store.steampowered.com/bundle/709/?utm_source=SteamDB&utm_medium=SteamDB&utm_campaign=SteamDB%20Bundles%20Page,21.97,21.97,0.0,3,21.97,0.0,0.0,False
1128,Airport Madness Collection,http://store.steampowered.com/bundle/1128/?utm_source=SteamDB&utm_medium=SteamDB&utm_campaign=SteamDB%20Bundles%20Page,37.96,30.36,0.2,4,37.96,7.600000000000001,0.20021074815595366,False
1107,HOG bundle of bundles!,http://store.steampowered.com/bundle/1107/?utm_source=SteamDB&utm_medium=SteamDB&utm_campaign=SteamDB%20Bundles%20Page,44.95,35.95,0.2,5,44.95,9.0,0.20022246941045604,False
1116,OtakuMaker Studio Pack - Adventure #2,http://store.steampowered.com/bundle/1116/?utm_source=SteamDB&utm_medium=SteamDB&utm_campaign=SteamDB%20Bundles%20Page,16.96,13.56,0.2,4,16.96,3.4000000000000004,0.20047169811320756,False
1121,Pristine World: Deluxe Edition,http://store.steampowered.com/bundle/1121/?utm_source=SteamDB&utm_medium=SteamDB&utm_campaign=SteamDB%20Bundles%20Page,8.98,7.18,0.2,2,8.98,1.8000000000000007,0.20044543429844106,False
1110,Neon Warp + Impossible Quest Studio Pack #1,http://store.steampowered.com/bundle/1110/?utm_source=SteamDB&utm_medium=SteamDB&utm_campaign=SteamDB%20Bundles%20Page,4.98,3.98,0.2,2,4.98,1.0000000000000004,0.2008032128514057,False
437,Fort Defense Complete Edition,http://store.steampowered.com/bundle/437/?utm_source=SteamDB&utm_medium=SteamDB&utm_campaign=SteamDB%20Bundles%20Page,11.97,9.57,0.2,3,11.97,2.4000000000000004,0.2005012531328321,False
914,Small World 2 - Complete Bundle,http://store.steampowered.com/bundle/914/?utm_source=SteamDB&utm_medium=SteamDB&utm_campaign=SteamDB%20Bundles%20Page,20.96,14.66,0.3,4,20.96,6.300000000000001,0.3005725190839695,False
990,EVIL MAZE RAINBOW BUNDLE,http://store.steampowered.com/bundle/990/?utm_source=SteamDB&utm_medium=SteamDB&utm_campaign=SteamDB%20Bundles%20Page,4.38,3.5,0.2,2,4.38,0.8799999999999999,0.2009132420091324,False
549,Angry Video Game Nerd Adventures + Soundtrack,http://store.steampowered.com/bundle/549/?utm_source=SteamDB&utm_medium=SteamDB&utm_campaign=SteamDB%20Bundles%20Page,14.98,11.98,0.2,2,14.98,3.0,0.20026702269692923,False
946,Quadrilateral Cowboy Deluxe Edition,http://store.steampowered.com/bundle/946/?utm_source=SteamDB&utm_medium=SteamDB&utm_campaign=SteamDB%20Bundles%20Page,30.98,28.81,0.07,2,30.979999999999997,2.169999999999998,0.07004519044544863,False
984,Epic Manager - Deluxe Edition,http://store.steampowered.com/bundle/984/?utm_source=SteamDB&utm_medium=SteamDB&utm_campaign=SteamDB%20Bundles%20Page,23.98,21.58,0.1,2,23.979999999999997,2.3999999999999986,0.10008340283569636,False
399,Interstellar Bundle,http://store.steampowered.com/bundle/399/?utm_source=SteamDB&utm_medium=SteamDB&utm_campaign=SteamDB%20Bundles%20Page,6.46,2.79,0.57,4,6.46,3.67,0.5681114551083591,False
1056,OtakuMaker Studio Pack - Latest Bundle #2,http://store.steampowered.com/bundle/1056/?utm_source=SteamDB&utm_medium=SteamDB&utm_campaign=SteamDB%20Bundles%20Page,15.96,12.76,0.2,4,15.96,3.200000000000001,0.20050125313283212,False
1053,OtakuMaker Studio Pack - Part #3,http://store.steampowered.com/bundle/1053/?utm_source=SteamDB&utm_medium=SteamDB&utm_campaign=SteamDB%20Bundles%20Page,23.94,17.94,0.25,6,23.94,6.0,0.2506265664160401,False
1054,OtakuMaker Studio Pack - Shoot'Em Up #1,http://store.steampowered.com/bundle/1054/?utm_source=SteamDB&utm_medium=SteamDB&utm_campaign=SteamDB%20Bundles%20Page,13.96,11.16,0.2,4,13.96,2.8000000000000007,0.20057306590257884,False
1055,OtakuMaker Studio Pack - Latest Bundle #1,http://store.steampowered.com/bundle/1055/?utm_source=SteamDB&utm_medium=SteamDB&utm_campaign=SteamDB%20Bundles%20Page,21.96,17.56,0.2,4,21.96,4.400000000000002,0.20036429872495456,False
1033,Extravaganza Rising Bundle,http://store.steampowered.com/bundle/1033/?utm_source=SteamDB&utm_medium=SteamDB&utm_campaign=SteamDB%20Bundles%20Page,8.98,7.63,0.15,2,8.98,1.3500000000000005,0.15033407572383078,False
1040,Alber's - Studio Pack #2,http://store.steampowered.com/bundle/1040/?utm_source=SteamDB&utm_medium=SteamDB&utm_campaign=SteamDB%20Bundles%20Page,5.97,4.47,0.25,3,5.970000000000001,1.5000000000000009,0.2512562814070353,False
1041,DreamBreak- Soviet Bloc Edition,http://store.steampowered.com/bundle/1041/?utm_source=SteamDB&utm_medium=SteamDB&utm_campaign=SteamDB%20Bundles%20Page,10.98,10.43,0.05,2,10.98,0.5500000000000007,0.050091074681238676,False
1034,Triangle Studios Bundle,http://store.steampowered.com/bundle/1034/?utm_source=SteamDB&utm_medium=SteamDB&utm_campaign=SteamDB%20Bundles%20Page,31.97,25.57,0.2,3,31.97,6.399999999999999,0.20018767594619952,False
962,I am Setsuna Collector's Edition,http://store.steampowered.com/bundle/962/?utm_source=SteamDB&utm_medium=SteamDB&utm_campaign=SteamDB%20Bundles%20Page,54.98,49.48,0.1,2,54.980000000000004,5.500000000000007,0.10003637686431442,False
963,DnS Complete Bundle,http://store.steampowered.com/bundle/963/?utm_source=SteamDB&utm_medium=SteamDB&utm_campaign=SteamDB%20Bundles%20Page,29.96,23.96,0.2,4,29.96,6.0,0.20026702269692923,False
865,The Assembly Complete (VR+Non-VR),http://store.steampowered.com/bundle/865/?utm_source=SteamDB&utm_medium=SteamDB&utm_campaign=SteamDB%20Bundles%20Page,29.99,29.99,0.0,2,29.99,0.0,0.0,False
1013,Press X to Not Die: Special Edition,http://store.steampowered.com/bundle/1013/?utm_source=SteamDB&utm_medium=SteamDB&utm_campaign=SteamDB%20Bundles%20Page,3.98,3.58,0.1,2,3.9800000000000004,0.40000000000000036,0.10050251256281414,False
1024,Ocean Word Blast Bundle,http://store.steampowered.com/bundle/1024/?utm_source=SteamDB&utm_medium=SteamDB&utm_campaign=SteamDB%20Bundles%20Page,9.98,6.68,0.33,2,9.98,3.3000000000000007,0.33066132264529063,False
853,Bulb Boy + Soundtrack Bundle,http://store.steampowered.com/bundle/853/?utm_source=SteamDB&utm_medium=SteamDB&utm_campaign=SteamDB%20Bundles%20Page,12.98,11.68,0.1,2,12.98,1.3000000000000007,0.10015408320493072,False
949,Talentplace bundle,http://store.steampowered.com/bundle/949/?utm_source=SteamDB&utm_medium=SteamDB&utm_campaign=SteamDB%20Bundles%20Page,8.97,4.47,0.5,3,8.97,4.500000000000001,0.5016722408026757,False
1008,Search & Kill + GabeN Simulator + Portal Mode,http://store.steampowered.com/bundle/1008/?utm_source=SteamDB&utm_medium=SteamDB&utm_campaign=SteamDB%20Bundles%20Page,7.89,7.1,0.1,3,7.890000000000001,0.7900000000000009,0.10012674271229416,False
580,FE Ultimate Bundle,http://store.steampowered.com/bundle/580/?utm_source=SteamDB&utm_medium=SteamDB&utm_campaign=SteamDB%20Bundles%20Page,36.03,9.02,0.75,10,36.03,27.01,0.7496530668887039,False
1003,3DMark + PCMark 8,http://store.steampowered.com/bundle/1003/?utm_source=SteamDB&utm_medium=SteamDB&utm_campaign=SteamDB%20Bundles%20Page,79.98,59.98,0.25,2,79.98,20.000000000000007,0.2500625156289073,False
509,Push Me Pull You + Soundtrack,http://store.steampowered.com/bundle/509/?utm_source=SteamDB&utm_medium=SteamDB&utm_campaign=SteamDB%20Bundles%20Page,18.98,17.08,0.1,2,18.98,1.9000000000000021,0.10010537407797693,False
362,Eidos Anthology,http://store.steampowered.com/bundle/362/?utm_source=SteamDB&utm_medium=SteamDB&utm_campaign=SteamDB%20Bundles%20Page,450.11,224.61,0.5,89,450.11,225.5,0.5009886472195685,False
808,Digital Homicide Super Bundle,http://store.steampowered.com/bundle/808/?utm_source=SteamDB&utm_medium=SteamDB&utm_campaign=SteamDB%20Bundles%20Page,28.79,3.19,0.89,21,28.79,25.599999999999998,0.8891976380687738,False
983,Supergiant Collection,http://store.steampowered.com/bundle/983/?utm_source=SteamDB&utm_medium=SteamDB&utm_campaign=SteamDB%20Bundles%20Page,54.96,49.46,0.1,4,54.96,5.5,0.10007278020378457,False
833,RPG Heroes Summer Bundle,http://store.steampowered.com/bundle/833/?utm_source=SteamDB&utm_medium=SteamDB&utm_campaign=SteamDB%20Bundles%20Page,51.89,10.4,0.8,11,51.89,41.49,0.7995760262092889,False
480,Platformer Bundle by New Reality Games,http://store.steampowered.com/bundle/480/?utm_source=SteamDB&utm_medium=SteamDB&utm_campaign=SteamDB%20Bundles%20Page,6.95,3.45,0.5,5,6.95,3.5,0.5035971223021583,False
482,Super Mega Bundle by New Reality Games,http://store.steampowered.com/bundle/482/?utm_source=SteamDB&utm_medium=SteamDB&utm_campaign=SteamDB%20Bundles%20Page,10.91,5.63,0.48,9,10.91,5.28,0.48395967002749773,False
897,Leviathan: Behemoth Pack,http://store.steampowered.com/bundle/897/?utm_source=SteamDB&utm_medium=SteamDB&utm_campaign=SteamDB%20Bundles%20Page,34.96,24.46,0.3,4,34.96,10.5,0.3003432494279176,False
575,Sid Meier's Civilization V: Complete,http://store.steampowered.com/bundle/575/?utm_source=SteamDB&utm_medium=SteamDB&utm_campaign=SteamDB%20Bundles%20Page,149.34,49.33,0.67,16,149.34,100.01,0.669679925003348,False
961,Digital Melody Bundle,http://store.steampowered.com/bundle/961/?utm_source=SteamDB&utm_medium=SteamDB&utm_campaign=SteamDB%20Bundles%20Page,4.46,2.98,0.33,4,4.46,1.48,0.33183856502242154,False
668,Hiiro Collector's Edition,http://store.steampowered.com/bundle/668/?utm_source=SteamDB&utm_medium=SteamDB&utm_campaign=SteamDB%20Bundles%20Page,3.98,3.38,0.15,2,3.9800000000000004,0.6000000000000005,0.15075376884422123,False
884,Anarcute - Soundtrack Edition,http://store.steampowered.com/bundle/884/?utm_source=SteamDB&utm_medium=SteamDB&utm_campaign=SteamDB%20Bundles%20Page,17.98,16.36,0.09,2,17.98,1.620000000000001,0.09010011123470528,False
926,Leviathan: The Last Day of the Decade - Game + Soundtrack,http://store.steampowered.com/bundle/926/?utm_source=SteamDB&utm_medium=SteamDB&utm_campaign=SteamDB%20Bundles%20Page,18.98,15.18,0.2,2,18.98,3.8000000000000007,0.20021074815595366,False
948,Siberian Digital Complete Pack,http://store.steampowered.com/bundle/948/?utm_source=SteamDB&utm_medium=SteamDB&utm_campaign=SteamDB%20Bundles%20Page,29.92,23.92,0.2,8,29.92,6.0,0.20053475935828877,False
543,"Warhammer 40,000: Armageddon - Imperium Complete",http://store.steampowered.com/bundle/543/?utm_source=SteamDB&utm_medium=SteamDB&utm_campaign=SteamDB%20Bundles%20Page,65.93,46.79,0.29,7,65.93,19.140000000000008,0.2903079023206432,False
925,Leviathan: The Cargo - Game + Soundtrack,http://store.steampowered.com/bundle/925/?utm_source=SteamDB&utm_medium=SteamDB&utm_campaign=SteamDB%20Bundles%20Page,15.98,13.58,0.15,2,15.98,2.4000000000000004,0.15018773466833543,False
823,Devolver Digital First-Person Shooter Bundle,http://store.steampowered.com/bundle/823/?utm_source=SteamDB&utm_medium=SteamDB&utm_campaign=SteamDB%20Bundles%20Page,99.97,74.97,0.25,3,99.97,25.0,0.250075022506752,False
330,TransOcean Games Bundle,http://store.steampowered.com/bundle/330/?utm_source=SteamDB&utm_medium=SteamDB&utm_campaign=SteamDB%20Bundles%20Page,38.73,30.21,0.22,2,38.73,8.519999999999996,0.21998450813322998,False
955,Casual Games Bundle,http://store.steampowered.com/bundle/955/?utm_source=SteamDB&utm_medium=SteamDB&utm_campaign=SteamDB%20Bundles%20Page,24.91,17.41,0.3,9,24.91,7.5,0.3010839020473705,False
957,Double Fine Bundle,http://store.steampowered.com/bundle/957/?utm_source=SteamDB&utm_medium=SteamDB&utm_campaign=SteamDB%20Bundles%20Page,199.21,99.52,0.5,17,199.21,99.69000000000001,0.5004266854073591,False
802,God Bundle,http://store.steampowered.com/bundle/802/?utm_source=SteamDB&utm_medium=SteamDB&utm_campaign=SteamDB%20Bundles%20Page,12.95,4.55,0.65,5,12.95,8.399999999999999,0.6486486486486486,False
954,Horror Games Bundle,http://store.steampowered.com/bundle/954/?utm_source=SteamDB&utm_medium=SteamDB&utm_campaign=SteamDB%20Bundles%20Page,17.97,15.27,0.15,3,17.97,2.6999999999999993,0.15025041736227043,False
956,Big Adventure Games Pack,http://store.steampowered.com/bundle/956/?utm_source=SteamDB&utm_medium=SteamDB&utm_campaign=SteamDB%20Bundles%20Page,37.89,28.39,0.25,11,37.89,9.5,0.25072578516759036,False
804,SHMUPers Bundle,http://store.steampowered.com/bundle/804/?utm_source=SteamDB&utm_medium=SteamDB&utm_campaign=SteamDB%20Bundles%20Page,13.97,1.54,0.89,3,13.97,12.43,0.889763779527559,False
398,JRPG Love Happiness Bundle,http://store.steampowered.com/bundle/398/?utm_source=SteamDB&utm_medium=SteamDB&utm_campaign=SteamDB%20Bundles%20Page,11.94,4.32,0.64,6,11.94,7.619999999999999,0.6381909547738693,False
403,Monster Mayhem Bundle,http://store.steampowered.com/bundle/403/?utm_source=SteamDB&utm_medium=SteamDB&utm_campaign=SteamDB%20Bundles%20Page,20.91,6.93,0.67,9,20.91,13.98,0.6685796269727403,False
944,Bump in the night,http://store.steampowered.com/bundle/944/?utm_source=SteamDB&utm_medium=SteamDB&utm_campaign=SteamDB%20Bundles%20Page,23.97,11.97,0.5,3,23.97,11.999999999999998,0.5006257822277846,False
871,Tetradecagon + Soundtrack,http://store.steampowered.com/bundle/871/?utm_source=SteamDB&utm_medium=SteamDB&utm_campaign=SteamDB%20Bundles%20Page,5.98,5.98,0.0,2,5.98,0.0,0.0,False
395,Fun with Physics Bundle,http://store.steampowered.com/bundle/395/?utm_source=SteamDB&utm_medium=SteamDB&utm_campaign=SteamDB%20Bundles%20Page,11.95,3.0,0.75,5,11.950000000000001,8.950000000000001,0.7489539748953975,False
934,Puzzle Game - Starter Pack,http://store.steampowered.com/bundle/934/?utm_source=SteamDB&utm_medium=SteamDB&utm_campaign=SteamDB%20Bundles%20Page,20.98,17.83,0.15,2,20.98,3.150000000000002,0.15014299332697817,False
920,Ninja Bundle,http://store.steampowered.com/bundle/920/?utm_source=SteamDB&utm_medium=SteamDB&utm_campaign=SteamDB%20Bundles%20Page,2.98,0.99,0.67,2,2.98,1.99,0.6677852348993288,False
877,Space Pilgrim Saga,http://store.steampowered.com/bundle/877/?utm_source=SteamDB&utm_medium=SteamDB&utm_campaign=SteamDB%20Bundles%20Page,6.46,3.21,0.5,4,6.46,3.25,0.5030959752321982,False
624,Axyos Games Bundle,http://store.steampowered.com/bundle/624/?utm_source=SteamDB&utm_medium=SteamDB&utm_campaign=SteamDB%20Bundles%20Page,8.98,8.08,0.1,2,8.98,0.9000000000000004,0.10022271714922053,False
678,The Odaiba Box,http://store.steampowered.com/bundle/678/?utm_source=SteamDB&utm_medium=SteamDB&utm_campaign=SteamDB%20Bundles%20Page,89.98,80.98,0.1,2,89.98,9.0,0.10002222716159145,False
832,Dogenzaka Lab VN set,http://store.steampowered.com/bundle/832/?utm_source=SteamDB&utm_medium=SteamDB&utm_campaign=SteamDB%20Bundles%20Page,42.46,38.21,0.1,4,42.46,4.25,0.10009420631182289,False
520,Awesomenauts - Announcer Pack,http://store.steampowered.com/bundle/520/?utm_source=SteamDB&utm_medium=SteamDB&utm_campaign=SteamDB%20Bundles%20Page,36.91,25.81,0.3,9,36.910000000000004,11.100000000000005,0.3007315090761312,False
876,The Weird Collection,http://store.steampowered.com/bundle/876/?utm_source=SteamDB&utm_medium=SteamDB&utm_campaign=SteamDB%20Bundles%20Page,27.97,20.97,0.25,3,27.97,7.0,0.25026814444047196,False
701,onechanbara Z2 :Chaos All DLC Bundle,http://store.steampowered.com/bundle/701/?utm_source=SteamDB&utm_medium=SteamDB&utm_campaign=SteamDB%20Bundles%20Page,60.63,54.53,0.1,37,60.63,6.100000000000001,0.10061025894771568,False
896,RWBY Video Bundle,http://store.steampowered.com/bundle/896/?utm_source=SteamDB&utm_medium=SteamDB&utm_campaign=SteamDB%20Bundles%20Page,25.97,23.37,0.1,3,25.97,2.599999999999998,0.10011551790527524,False
868,RWBY Game and Video Bundle,http://store.steampowered.com/bundle/868/?utm_source=SteamDB&utm_medium=SteamDB&utm_campaign=SteamDB%20Bundles%20Page,45.96,45.96,0.0,4,45.96,0.0,0.0,False
837,Megadimension Neptunia VII Digital Complete Set,http://store.steampowered.com/bundle/837/?utm_source=SteamDB&utm_medium=SteamDB&utm_campaign=SteamDB%20Bundles%20Page,93.86,84.46,0.1,14,93.86,9.400000000000006,0.10014915832090353,False
700,Megadimension Neptunia VII DLC Collection,http://store.steampowered.com/bundle/700/?utm_source=SteamDB&utm_medium=SteamDB&utm_campaign=SteamDB%20Bundles%20Page,33.88,30.48,0.1,12,33.88,3.400000000000002,0.10035419126328222,False
510,Lost Sea Game + Soundtrack,http://store.steampowered.com/bundle/510/?utm_source=SteamDB&utm_medium=SteamDB&utm_campaign=SteamDB%20Bundles%20Page,19.98,16.98,0.15,2,19.98,3.0,0.15015015015015015,False
855,Meridian4 Latest Bundle,http://store.steampowered.com/bundle/855/?utm_source=SteamDB&utm_medium=SteamDB&utm_campaign=SteamDB%20Bundles%20Page,44.95,33.7,0.25,5,44.95,11.25,0.25027808676307006,False
854,Meridian4 Action-Adventure Bundle,http://store.steampowered.com/bundle/854/?utm_source=SteamDB&utm_medium=SteamDB&utm_campaign=SteamDB%20Bundles%20Page,31.95,23.95,0.25,5,31.950000000000003,8.000000000000004,0.2503912363067294,False
852,Grab The Games Mixed Bundle,http://store.steampowered.com/bundle/852/?utm_source=SteamDB&utm_medium=SteamDB&utm_campaign=SteamDB%20Bundles%20Page,37.41,18.66,0.5,9,37.410000000000004,18.750000000000004,0.5012028869286288,False
805,Triple Rusk,http://store.steampowered.com/bundle/805/?utm_source=SteamDB&utm_medium=SteamDB&utm_campaign=SteamDB%20Bundles%20Page,19.97,16.97,0.15,3,19.97,3.0,0.15022533800701052,False
839,Inuyasha Movies Bundle,http://store.steampowered.com/bundle/839/?utm_source=SteamDB&utm_medium=SteamDB&utm_campaign=SteamDB%20Bundles%20Page,39.96,35.96,0.1,4,39.96,4.0,0.10010010010010009,False
861,Grey Alien Games Collection,http://store.steampowered.com/bundle/861/?utm_source=SteamDB&utm_medium=SteamDB&utm_campaign=SteamDB%20Bundles%20Page,19.98,14.98,0.25,2,19.98,5.0,0.2502502502502503,False
859,7 Mages Complete,http://store.steampowered.com/bundle/859/?utm_source=SteamDB&utm_medium=SteamDB&utm_campaign=SteamDB%20Bundles%20Page,15.98,15.02,0.06,2,15.98,0.9600000000000009,0.06007509386733422,False
844,GameArt Studio Complete the Set,http://store.steampowered.com/bundle/844/?utm_source=SteamDB&utm_medium=SteamDB&utm_campaign=SteamDB%20Bundles%20Page,41.93,20.93,0.5,7,41.93,21.0,0.5008347245409015,False
845,GameArt Studio All Games,http://store.steampowered.com/bundle/845/?utm_source=SteamDB&utm_medium=SteamDB&utm_campaign=SteamDB%20Bundles%20Page,41.93,20.93,0.5,7,41.93,21.0,0.5008347245409015,False
846,A.I. Invasion Full Pack,http://store.steampowered.com/bundle/846/?utm_source=SteamDB&utm_medium=SteamDB&utm_campaign=SteamDB%20Bundles%20Page,11.98,9.58,0.2,2,11.98,2.4000000000000004,0.20033388981636063,False
843,Quantum Rush Champions Full Pack,http://store.steampowered.com/bundle/843/?utm_source=SteamDB&utm_medium=SteamDB&utm_campaign=SteamDB%20Bundles%20Page,15.97,12.77,0.2,3,15.97,3.200000000000001,0.200375704445836,False
851,Aselia the Eternal + Soundtrack,http://store.steampowered.com/bundle/851/?utm_source=SteamDB&utm_medium=SteamDB&utm_campaign=SteamDB%20Bundles%20Page,22.98,18.38,0.2,2,22.98,4.600000000000001,0.20017406440382948,False
425,tinyBuild Mega 2016 Bundle,http://store.steampowered.com/bundle/425/?utm_source=SteamDB&utm_medium=SteamDB&utm_campaign=SteamDB%20Bundles%20Page,66.85,63.51,0.05,5,66.85,3.3399999999999963,0.04996260284218394,False
824,FFG Mega Bundle,http://store.steampowered.com/bundle/824/?utm_source=SteamDB&utm_medium=SteamDB&utm_campaign=SteamDB%20Bundles%20Page,29.91,20.91,0.3,9,29.910000000000004,9.000000000000004,0.3009027081243732,False
380,The Infinity Collection,http://store.steampowered.com/bundle/380/?utm_source=SteamDB&utm_medium=SteamDB&utm_campaign=SteamDB%20Bundles%20Page,119.92,83.92,0.3,8,119.91999999999999,35.999999999999986,0.3002001334222814,False
755,Rainbow Six Bundle,http://store.steampowered.com/bundle/755/?utm_source=SteamDB&utm_medium=SteamDB&utm_campaign=SteamDB%20Bundles%20Page,89.95,80.95,0.1,5,89.95,9.0,0.10005558643690939,False
759,Might and Magic Heroes Bundle,http://store.steampowered.com/bundle/759/?utm_source=SteamDB&utm_medium=SteamDB&utm_campaign=SteamDB%20Bundles%20Page,44.96,33.71,0.25,4,44.96,11.25,0.2502224199288256,False
810,Gabe Newell Simulator + Portal Mode,http://store.steampowered.com/bundle/810/?utm_source=SteamDB&utm_medium=SteamDB&utm_campaign=SteamDB%20Bundles%20Page,3.9,3.31,0.15,2,3.9,0.5899999999999999,0.15128205128205124,False
781,Studio Evil Bundle,http://store.steampowered.com/bundle/781/?utm_source=SteamDB&utm_medium=SteamDB&utm_campaign=SteamDB%20Bundles%20Page,29.98,25.48,0.15,2,29.979999999999997,4.4999999999999964,0.15010006671114065,False
760,Ubisoft Arcade Bundle,http://store.steampowered.com/bundle/760/?utm_source=SteamDB&utm_medium=SteamDB&utm_campaign=SteamDB%20Bundles%20Page,129.93,97.43,0.25,7,129.93,32.5,0.250134687908874,False
708,The Dope Game: Dope Fiend Edition,http://store.steampowered.com/bundle/708/?utm_source=SteamDB&utm_medium=SteamDB&utm_campaign=SteamDB%20Bundles%20Page,2.98,2.68,0.1,2,2.98,0.2999999999999998,0.10067114093959725,False
730,Dead Star Bundle,http://store.steampowered.com/bundle/730/?utm_source=SteamDB&utm_medium=SteamDB&utm_campaign=SteamDB%20Bundles%20Page,31.96,25.56,0.2,4,31.96,6.400000000000002,0.20025031289111395,False
757,Assassin's Creed Bundle,http://store.steampowered.com/bundle/757/?utm_source=SteamDB&utm_medium=SteamDB&utm_campaign=SteamDB%20Bundles%20Page,139.96,125.96,0.1,4,139.95999999999998,13.999999999999986,0.10002857959416968,False
697,Affairs of the Court - Deluxe Edition,http://store.steampowered.com/bundle/697/?utm_source=SteamDB&utm_medium=SteamDB&utm_campaign=SteamDB%20Bundles%20Page,8.96,6.71,0.25,4,8.96,2.250000000000001,0.2511160714285715,False
747,SOEDESCO bundle,http://store.steampowered.com/bundle/747/?utm_source=SteamDB&utm_medium=SteamDB&utm_campaign=SteamDB%20Bundles%20Page,32.96,26.36,0.2,4,32.96,6.600000000000001,0.200242718446602,False
687,Ultimate Chicken Horse - Soundtrack Edition,http://store.steampowered.com/bundle/687/?utm_source=SteamDB&utm_medium=SteamDB&utm_campaign=SteamDB%20Bundles%20Page,24.98,22.48,0.1,2,24.98,2.5,0.100080064051241,False
577,Homeworld Remastered Collection and Deserts of Kharak Bundle,http://store.steampowered.com/bundle/577/?utm_source=SteamDB&utm_medium=SteamDB&utm_campaign=SteamDB%20Bundles%20Page,84.98,63.73,0.25,2,84.98,21.250000000000007,0.2500588373734997,False
569,Best of HeroCraft - Developer Bundle,http://store.steampowered.com/bundle/569/?utm_source=SteamDB&utm_medium=SteamDB&utm_campaign=SteamDB%20Bundles%20Page,53.94,40.44,0.25,6,53.94,13.5,0.25027808676307006,False
532,Shadowrun Complete Collection,http://store.steampowered.com/bundle/532/?utm_source=SteamDB&utm_medium=SteamDB&utm_campaign=SteamDB%20Bundles%20Page,69.95,55.95,0.2,5,69.95,14.0,0.20014295925661185,False
728,Fruitbat Factory Publisher Bundle,http://store.steampowered.com/bundle/728/?utm_source=SteamDB&utm_medium=SteamDB&utm_campaign=SteamDB%20Bundles%20Page,151.26,120.96,0.2,24,151.26,30.299999999999997,0.20031733439111463,False
782,Omnidream Creations Shmup Pack,http://store.steampowered.com/bundle/782/?utm_source=SteamDB&utm_medium=SteamDB&utm_campaign=SteamDB%20Bundles%20Page,12.98,9.73,0.25,2,12.98,3.25,0.25038520801232667,False
798,Runestone Keeper and Soundtrack,http://store.steampowered.com/bundle/798/?utm_source=SteamDB&utm_medium=SteamDB&utm_campaign=SteamDB%20Bundles%20Page,12.98,11.68,0.1,2,12.98,1.3000000000000007,0.10015408320493072,False
789,Steam Controller and Link,http://store.steampowered.com/bundle/789/?utm_source=SteamDB&utm_medium=SteamDB&utm_campaign=SteamDB%20Bundles%20Page,99.98,89.98,0.1,2,99.98,10.0,0.10002000400080016,False
647,Dancing Dragon RPG Complete,http://store.steampowered.com/bundle/647/?utm_source=SteamDB&utm_medium=SteamDB&utm_campaign=SteamDB%20Bundles%20Page,39.96,33.96,0.15,4,39.96,6.0,0.15015015015015015,False
383,Telltale Collection,http://store.steampowered.com/bundle/383/?utm_source=SteamDB&utm_medium=SteamDB&utm_campaign=SteamDB%20Bundles%20Page,377.81,253.07,0.33,49,377.81,124.74000000000001,0.3301659564331278,False
695,Breached: Futurist edition,http://store.steampowered.com/bundle/695/?utm_source=SteamDB&utm_medium=SteamDB&utm_campaign=SteamDB%20Bundles%20Page,6.87,6.53,0.05,3,6.869999999999999,0.33999999999999897,0.04949053857350786,False
464,Hidden Object Bundle,http://store.steampowered.com/bundle/464/?utm_source=SteamDB&utm_medium=SteamDB&utm_campaign=SteamDB%20Bundles%20Page,30.93,18.53,0.4,7,30.93,12.399999999999999,0.40090526996443576,False
751,Fantasy Worlds Bundle,http://store.steampowered.com/bundle/751/?utm_source=SteamDB&utm_medium=SteamDB&utm_campaign=SteamDB%20Bundles%20Page,39.96,27.96,0.3,4,39.96,12.0,0.3003003003003003,False
778,Townopolis Romopolis Megapolis Collection,http://store.steampowered.com/bundle/778/?utm_source=SteamDB&utm_medium=SteamDB&utm_campaign=SteamDB%20Bundles%20Page,11.97,10.17,0.15,3,11.97,1.8000000000000007,0.1503759398496241,False
779,Hero of the Kingdom Collection,http://store.steampowered.com/bundle/779/?utm_source=SteamDB&utm_medium=SteamDB&utm_campaign=SteamDB%20Bundles%20Page,9.48,8.53,0.1,2,9.48,0.9500000000000011,0.10021097046413513,False
780,Eador Series Bundle,http://store.steampowered.com/bundle/780/?utm_source=SteamDB&utm_medium=SteamDB&utm_campaign=SteamDB%20Bundles%20Page,49.96,42.46,0.15,4,49.959999999999994,7.499999999999993,0.15012009607686136,False
749,Fearsome Shadows Bundle,http://store.steampowered.com/bundle/749/?utm_source=SteamDB&utm_medium=SteamDB&utm_campaign=SteamDB%20Bundles%20Page,39.96,27.96,0.3,4,39.96,12.0,0.3003003003003003,False
752,Detective Stories Bundle,http://store.steampowered.com/bundle/752/?utm_source=SteamDB&utm_medium=SteamDB&utm_campaign=SteamDB%20Bundles%20Page,39.96,27.96,0.3,4,39.96,12.0,0.3003003003003003,False
753,Legends & Myths Bundle,http://store.steampowered.com/bundle/753/?utm_source=SteamDB&utm_medium=SteamDB&utm_campaign=SteamDB%20Bundles%20Page,39.96,27.96,0.3,4,39.96,12.0,0.3003003003003003,False
727,The Witcher Trilogy,http://store.steampowered.com/bundle/727/?utm_source=SteamDB&utm_medium=SteamDB&utm_campaign=SteamDB%20Bundles%20Page,69.97,62.97,0.1,3,69.97,7.0,0.10004287551807918,False
770,Every Game from Choice of Games,http://store.steampowered.com/bundle/770/?utm_source=SteamDB&utm_medium=SteamDB&utm_campaign=SteamDB%20Bundles%20Page,137.58,103.08,0.25,42,137.58,34.500000000000014,0.25076319232446587,False
771,DreadOut Collection,http://store.steampowered.com/bundle/771/?utm_source=SteamDB&utm_medium=SteamDB&utm_campaign=SteamDB%20Bundles%20Page,27.97,22.37,0.2,3,27.97,5.599999999999998,0.2002145155523775,False
772,Every Game from Hosted Games,http://store.steampowered.com/bundle/772/?utm_source=SteamDB&utm_medium=SteamDB&utm_campaign=SteamDB%20Bundles%20Page,45.9,34.4,0.25,10,45.900000000000006,11.500000000000007,0.25054466230936834,False
773,Infinity Series,http://store.steampowered.com/bundle/773/?utm_source=SteamDB&utm_medium=SteamDB&utm_campaign=SteamDB%20Bundles%20Page,8.98,6.73,0.25,2,8.98,2.25,0.2505567928730512,False
774,Lost Heir Series,http://store.steampowered.com/bundle/774/?utm_source=SteamDB&utm_medium=SteamDB&utm_campaign=SteamDB%20Bundles%20Page,7.98,5.98,0.25,2,7.98,2.0,0.2506265664160401,False
775,Deathless Bundle,http://store.steampowered.com/bundle/775/?utm_source=SteamDB&utm_medium=SteamDB&utm_campaign=SteamDB%20Bundles%20Page,6.98,5.23,0.25,2,6.98,1.75,0.2507163323782235,False
776,Heroes Rise Trilogy,http://store.steampowered.com/bundle/776/?utm_source=SteamDB&utm_medium=SteamDB&utm_campaign=SteamDB%20Bundles%20Page,15.91,7.91,0.5,9,15.91,8.0,0.502828409805154,False
761,Choice of Games Urban Fantasy Bundle,http://store.steampowered.com/bundle/761/?utm_source=SteamDB&utm_medium=SteamDB&utm_campaign=SteamDB%20Bundles%20Page,23.94,17.94,0.25,6,23.94,6.0,0.2506265664160401,False
762,Paul Gresty Bundle,http://store.steampowered.com/bundle/762/?utm_source=SteamDB&utm_medium=SteamDB&utm_campaign=SteamDB%20Bundles%20Page,8.98,6.73,0.25,2,8.98,2.25,0.2505567928730512,False
764,Choice of Games Sci Fi Bundle,http://store.steampowered.com/bundle/764/?utm_source=SteamDB&utm_medium=SteamDB&utm_campaign=SteamDB%20Bundles%20Page,17.96,13.46,0.25,4,17.96,4.5,0.2505567928730512,False
765,Choice of Games Sword and Sorcery Bundle,http://store.steampowered.com/bundle/765/?utm_source=SteamDB&utm_medium=SteamDB&utm_campaign=SteamDB%20Bundles%20Page,21.95,16.45,0.25,5,21.950000000000003,5.5000000000000036,0.2505694760820047,False
766,Choice of Games High Adventure Bundle,http://store.steampowered.com/bundle/766/?utm_source=SteamDB&utm_medium=SteamDB&utm_campaign=SteamDB%20Bundles%20Page,14.96,11.21,0.25,4,14.96,3.75,0.25066844919786097,False
767,Choice of Games Superpowers Bundle,http://store.steampowered.com/bundle/767/?utm_source=SteamDB&utm_medium=SteamDB&utm_campaign=SteamDB%20Bundles%20Page,25.93,19.43,0.25,7,25.93,6.5,0.2506748939452372,False
768,Choice of Games Literary Bundle,http://store.steampowered.com/bundle/768/?utm_source=SteamDB&utm_medium=SteamDB&utm_campaign=SteamDB%20Bundles%20Page,28.93,21.68,0.25,7,28.93,7.25,0.2506049083995852,False
769,Paul Wang Bundle,http://store.steampowered.com/bundle/769/?utm_source=SteamDB&utm_medium=SteamDB&utm_campaign=SteamDB%20Bundles%20Page,10.98,8.23,0.25,2,10.98,2.75,0.25045537340619306,False
379,Baldur's Gate: The Complete Saga,http://store.steampowered.com/bundle/379/?utm_source=SteamDB&utm_medium=SteamDB&utm_campaign=SteamDB%20Bundles%20Page,59.97,53.97,0.1,3,59.97,6.0,0.10005002501250626,False
750,The Divergent Series,http://store.steampowered.com/bundle/750/?utm_source=SteamDB&utm_medium=SteamDB&utm_campaign=SteamDB%20Bundles%20Page,47.47,35.6,0.25,3,47.47,11.869999999999997,0.2500526648409521,False
758,8-Bit Armies Complete Edition,http://store.steampowered.com/bundle/758/?utm_source=SteamDB&utm_medium=SteamDB&utm_campaign=SteamDB%20Bundles%20Page,22.97,19.52,0.15,3,22.97,3.4499999999999993,0.15019590770570307,False
646,Rebellion Anthology,http://store.steampowered.com/bundle/646/?utm_source=SteamDB&utm_medium=SteamDB&utm_campaign=SteamDB%20Bundles%20Page,329.65,270.25,0.18,35,329.65000000000003,59.400000000000034,0.18019111178522684,False
746,Lonely Troops Collection,http://store.steampowered.com/bundle/746/?utm_source=SteamDB&utm_medium=SteamDB&utm_campaign=SteamDB%20Bundles%20Page,27.43,20.56,0.25,7,27.43,6.870000000000001,0.2504557054320088,False
690,Frozenbyte Collection 2016,http://store.steampowered.com/bundle/690/?utm_source=SteamDB&utm_medium=SteamDB&utm_campaign=SteamDB%20Bundles%20Page,90.94,54.54,0.4,6,90.94,36.4,0.400263910270508,False
712,"Borderlands ""Take Over Your Life Bundle""",http://store.steampowered.com/bundle/712/?utm_source=SteamDB&utm_medium=SteamDB&utm_campaign=SteamDB%20Bundles%20Page,144.92,144.92,0.0,8,144.92,0.0,0.0,False
724,Puzzle Bundle,http://store.steampowered.com/bundle/724/?utm_source=SteamDB&utm_medium=SteamDB&utm_campaign=SteamDB%20Bundles%20Page,5.97,3.57,0.4,3,5.970000000000001,2.400000000000001,0.40201005025125636,False
736,Pilgrim Adventures Complete,http://store.steampowered.com/bundle/736/?utm_source=SteamDB&utm_medium=SteamDB&utm_campaign=SteamDB%20Bundles%20Page,10.44,6.77,0.35,6,10.440000000000001,3.6700000000000017,0.35153256704980856,False
734,Goindol Bundle,http://store.steampowered.com/bundle/734/?utm_source=SteamDB&utm_medium=SteamDB&utm_campaign=SteamDB%20Bundles%20Page,3.98,2.78,0.3,2,3.98,1.2000000000000002,0.30150753768844224,False
664,Meridian4 Action Bundle,http://store.steampowered.com/bundle/664/?utm_source=SteamDB&utm_medium=SteamDB&utm_campaign=SteamDB%20Bundles%20Page,39.95,29.95,0.25,5,39.95,10.000000000000004,0.25031289111389243,False
665,Meridian4 Arcade Bundle,http://store.steampowered.com/bundle/665/?utm_source=SteamDB&utm_medium=SteamDB&utm_campaign=SteamDB%20Bundles%20Page,28.95,21.7,0.25,5,28.950000000000003,7.2500000000000036,0.25043177892918833,False
682,War for the Overworld - Worker Skin Collection,http://store.steampowered.com/bundle/682/?utm_source=SteamDB&utm_medium=SteamDB&utm_campaign=SteamDB%20Bundles%20Page,2.97,2.52,0.15,3,2.9699999999999998,0.44999999999999973,0.15151515151515144,False
721,Trinelogy,http://store.steampowered.com/bundle/721/?utm_source=SteamDB&utm_medium=SteamDB&utm_campaign=SteamDB%20Bundles%20Page,56.97,39.87,0.3,3,56.97,17.1,0.3001579778830964,False
729,Dracula - Collection,http://store.steampowered.com/bundle/729/?utm_source=SteamDB&utm_medium=SteamDB&utm_campaign=SteamDB%20Bundles%20Page,25.96,19.98,0.23,4,25.96,5.98,0.23035439137134053,False
394,KNDW Deluxe Edition,http://store.steampowered.com/bundle/394/?utm_source=SteamDB&utm_medium=SteamDB&utm_campaign=SteamDB%20Bundles%20Page,23.96,19.16,0.2,4,23.96,4.800000000000001,0.20033388981636063,False
725,Perfect Angle bundle,http://store.steampowered.com/bundle/725/?utm_source=SteamDB&utm_medium=SteamDB&utm_campaign=SteamDB%20Bundles%20Page,11.98,8.38,0.3,2,11.98,3.5999999999999996,0.30050083472454087,False
429,Awesome Games Bundle,http://store.steampowered.com/bundle/429/?utm_source=SteamDB&utm_medium=SteamDB&utm_campaign=SteamDB%20Bundles%20Page,9.97,7.47,0.25,3,9.97,2.500000000000001,0.250752256770311,False
656,D4 Complete Edition,http://store.steampowered.com/bundle/656/?utm_source=SteamDB&utm_medium=SteamDB&utm_campaign=SteamDB%20Bundles%20Page,50.84,45.74,0.1,16,50.84,5.100000000000001,0.10031471282454762,False
718,Neon Drive Game + Soundtrack,http://store.steampowered.com/bundle/718/?utm_source=SteamDB&utm_medium=SteamDB&utm_campaign=SteamDB%20Bundles%20Page,17.98,14.38,0.2,2,17.98,3.5999999999999996,0.20022246941045604,False
459,The Light Sword Bundle,http://store.steampowered.com/bundle/459/?utm_source=SteamDB&utm_medium=SteamDB&utm_campaign=SteamDB%20Bundles%20Page,8.96,5.99,0.33,4,8.96,2.9700000000000006,0.3314732142857143,False
670,Adam DeLease Bundle,http://store.steampowered.com/bundle/670/?utm_source=SteamDB&utm_medium=SteamDB&utm_campaign=SteamDB%20Bundles%20Page,6.98,5.93,0.15,2,6.98,1.0500000000000007,0.15042979942693419,False
572,BioShock Triple Pack,http://store.steampowered.com/bundle/572/?utm_source=SteamDB&utm_medium=SteamDB&utm_campaign=SteamDB%20Bundles%20Page,69.97,69.97,0.0,3,69.97,0.0,0.0,False
574,Sid Meier's Civilization Anthology,http://store.steampowered.com/bundle/574/?utm_source=SteamDB&utm_medium=SteamDB&utm_campaign=SteamDB%20Bundles%20Page,134.95,134.95,0.0,5,134.95,0.0,0.0,False
512,The Tambourine Bundle,http://store.steampowered.com/bundle/512/?utm_source=SteamDB&utm_medium=SteamDB&utm_campaign=SteamDB%20Bundles%20Page,2.28,1.36,0.4,2,2.2800000000000002,0.9200000000000002,0.4035087719298246,False
710,Sakura Bundle,http://store.steampowered.com/bundle/710/?utm_source=SteamDB&utm_medium=SteamDB&utm_campaign=SteamDB%20Bundles%20Page,99.91,89.91,0.1,9,99.91,10.0,0.10009008107296567,False
683,F1 Fan Bundle,http://store.steampowered.com/bundle/683/?utm_source=SteamDB&utm_medium=SteamDB&utm_campaign=SteamDB%20Bundles%20Page,114.98,103.48,0.1,2,114.98,11.5,0.1000173943294486,False
608,Lost Lands Collection,http://store.steampowered.com/bundle/608/?utm_source=SteamDB&utm_medium=SteamDB&utm_campaign=SteamDB%20Bundles%20Page,20.97,17.82,0.15,3,20.97,3.1499999999999986,0.15021459227467804,False
655,FATHER'S DAY GIFT BUNDLE,http://store.steampowered.com/bundle/655/?utm_source=SteamDB&utm_medium=SteamDB&utm_campaign=SteamDB%20Bundles%20Page,209.89,104.89,0.5,11,209.89000000000001,105.00000000000001,0.5002620420220115,False
631,Envoy 1-2,http://store.steampowered.com/bundle/631/?utm_source=SteamDB&utm_medium=SteamDB&utm_campaign=SteamDB%20Bundles%20Page,5.48,5.21,0.05,2,5.48,0.27000000000000046,0.04927007299270081,False
696,Premium Bundle Set,http://store.steampowered.com/bundle/696/?utm_source=SteamDB&utm_medium=SteamDB&utm_campaign=SteamDB%20Bundles%20Page,11.97,8.97,0.25,3,11.97,3.0,0.2506265664160401,False
570,Zaccaria Pinball - Gold Membership,http://store.steampowered.com/bundle/570/?utm_source=SteamDB&utm_medium=SteamDB&utm_campaign=SteamDB%20Bundles%20Page,81.63,40.63,0.5,37,81.63,40.99999999999999,0.5022663236555187,False
649,.EXE - Game + OST,http://store.steampowered.com/bundle/649/?utm_source=SteamDB&utm_medium=SteamDB&utm_campaign=SteamDB%20Bundles%20Page,11.98,10.78,0.1,2,11.98,1.200000000000001,0.10016694490818039,False
440,Zaccaria Pinball - Silver Membership,http://store.steampowered.com/bundle/440/?utm_source=SteamDB&utm_medium=SteamDB&utm_campaign=SteamDB%20Bundles%20Page,71.64,35.64,0.5,36,71.64,36.0,0.5025125628140703,False
689,Sunrider Collection,http://store.steampowered.com/bundle/689/?utm_source=SteamDB&utm_medium=SteamDB&utm_campaign=SteamDB%20Bundles%20Page,39.97,31.97,0.2,3,39.97,8.0,0.20015011258443832,False
546,SONAR Steam Edition & Z3TA+ 2,http://store.steampowered.com/bundle/546/?utm_source=SteamDB&utm_medium=SteamDB&utm_campaign=SteamDB%20Bundles%20Page,199.98,179.98,0.1,2,199.98,20.0,0.10001000100010002,False
680,The Bedtime Bundle,http://store.steampowered.com/bundle/680/?utm_source=SteamDB&utm_medium=SteamDB&utm_campaign=SteamDB%20Bundles%20Page,10.98,7.35,0.33,2,10.98,3.630000000000001,0.3306010928961749,False
663,Meridian4 Publisher Bundle,http://store.steampowered.com/bundle/663/?utm_source=SteamDB&utm_medium=SteamDB&utm_campaign=SteamDB%20Bundles%20Page,145.72,109.22,0.25,28,145.72,36.5,0.2504803733186934,False
662,Demetrios - Deluxe Edition,http://store.steampowered.com/bundle/662/?utm_source=SteamDB&utm_medium=SteamDB&utm_campaign=SteamDB%20Bundles%20Page,13.97,12.99,0.07,3,13.97,0.9800000000000004,0.07015032211882609,False
474,Cally's Caves Definitive Collection,http://store.steampowered.com/bundle/474/?utm_source=SteamDB&utm_medium=SteamDB&utm_campaign=SteamDB%20Bundles%20Page,19.96,17.96,0.1,4,19.96,2.0,0.1002004008016032,False
628,GTGD Complete Pack,http://store.steampowered.com/bundle/628/?utm_source=SteamDB&utm_medium=SteamDB&utm_campaign=SteamDB%20Bundles%20Page,14.96,10.46,0.3,4,14.96,4.5,0.30080213903743314,False
634,Dagestan Technology Complete Pack,http://store.steampowered.com/bundle/634/?utm_source=SteamDB&utm_medium=SteamDB&utm_campaign=SteamDB%20Bundles%20Page,64.33,44.98,0.3,17,64.33,19.35,0.3007927871910462,False
496,War of the Human Tanks - Complete Collection,http://store.steampowered.com/bundle/496/?utm_source=SteamDB&utm_medium=SteamDB&utm_campaign=SteamDB%20Bundles%20Page,47.95,43.15,0.1,5,47.95,4.800000000000004,0.10010427528675712,False
635,The Elder Scrolls V: Skyrim + Add-Ons,http://store.steampowered.com/bundle/635/?utm_source=SteamDB&utm_medium=SteamDB&utm_campaign=SteamDB%20Bundles%20Page,64.96,39.61,0.39,4,64.96,25.349999999999994,0.39024014778325117,False
633,Bloodbath Kavkaz GOTY Edition,http://store.steampowered.com/bundle/633/?utm_source=SteamDB&utm_medium=SteamDB&utm_campaign=SteamDB%20Bundles%20Page,13.47,10.1,0.25,3,13.47,3.370000000000001,0.2501855976243505,False
534,Hipix Studio Bundle,http://store.steampowered.com/bundle/534/?utm_source=SteamDB&utm_medium=SteamDB&utm_campaign=SteamDB%20Bundles%20Page,7.96,5.56,0.3,4,7.96,2.4000000000000004,0.30150753768844224,False
627,fault complete edition,http://store.steampowered.com/bundle/627/?utm_source=SteamDB&utm_medium=SteamDB&utm_campaign=SteamDB%20Bundles%20Page,44.96,38.21,0.15,4,44.96,6.75,0.15013345195729538,False
623,Nova Dimension Games,http://store.steampowered.com/bundle/623/?utm_source=SteamDB&utm_medium=SteamDB&utm_campaign=SteamDB%20Bundles%20Page,8.46,5.06,0.4,4,8.46,3.4000000000000012,0.4018912529550828,False
612,Killing Floor 1 Complete Your Set!,http://store.steampowered.com/bundle/612/?utm_source=SteamDB&utm_medium=SteamDB&utm_campaign=SteamDB%20Bundles%20Page,167.78,67.2,0.6,22,167.78,100.58,0.5994755036357134,False
616,Tripwire Complete Bundle,http://store.steampowered.com/bundle/616/?utm_source=SteamDB&utm_medium=SteamDB&utm_campaign=SteamDB%20Bundles%20Page,247.73,136.13,0.45,27,247.73,111.6,0.45049045331611026,False
542,Rake in Grass Bundle,http://store.steampowered.com/bundle/542/?utm_source=SteamDB&utm_medium=SteamDB&utm_campaign=SteamDB%20Bundles%20Page,41.95,29.35,0.3,5,41.95,12.600000000000001,0.300357568533969,False
610,Hotelier's Bundle,http://store.steampowered.com/bundle/610/?utm_source=SteamDB&utm_medium=SteamDB&utm_campaign=SteamDB%20Bundles%20Page,17.96,12.56,0.3,4,17.96,5.4,0.30066815144766146,False
15,Member's Bundle,http://store.steampowered.com/bundle/15/?utm_source=SteamDB&utm_medium=SteamDB&utm_campaign=SteamDB%20Bundles%20Page,19.97,19.97,0.0,3,19.97,0.0,0.0,False
17,Angry Video Game Nerd Bundle,http://store.steampowered.com/bundle/17/?utm_source=SteamDB&utm_medium=SteamDB&utm_campaign=SteamDB%20Bundles%20Page,17.98,14.92,0.17,2,17.98,3.0600000000000005,0.17018909899888768,False
19,Upgrade to Member's Bundle,http://store.steampowered.com/bundle/19/?utm_source=SteamDB&utm_medium=SteamDB&utm_campaign=SteamDB%20Bundles%20Page,9.98,9.98,0.0,2,9.98,0.0,0.0,False
125,Mad Max: Game + Mad Max Anthology,http://store.steampowered.com/bundle/125/?utm_source=SteamDB&utm_medium=SteamDB&utm_campaign=SteamDB%20Bundles%20Page,104.95,89.2,0.15,5,104.95,15.75,0.1500714626012387,False
137,Albino Lullaby: Season Pass,http://store.steampowered.com/bundle/137/?utm_source=SteamDB&utm_medium=SteamDB&utm_campaign=SteamDB%20Bundles%20Page,39.96,24.76,0.38,4,39.96,15.2,0.38038038038038036,False
139,The Binding of Isaac : Rebirth + Afterbirth Bundle,http://store.steampowered.com/bundle/139/?utm_source=SteamDB&utm_medium=SteamDB&utm_campaign=SteamDB%20Bundles%20Page,25.98,25.98,0.0,2,25.98,0.0,0.0,False
145,Broken Age + Soundtrack + Double Fine Adventure Documentary,http://store.steampowered.com/bundle/145/?utm_source=SteamDB&utm_medium=SteamDB&utm_campaign=SteamDB%20Bundles%20Page,46.97,35.22,0.25,3,46.97,11.75,0.25015967638918457,False
153,Adult Swim Games,http://store.steampowered.com/bundle/153/?utm_source=SteamDB&utm_medium=SteamDB&utm_campaign=SteamDB%20Bundles%20Page,180.86,119.32,0.34,14,180.86,61.54000000000002,0.3402631869954662,False
157,JMJ Films + Games Bundle,http://store.steampowered.com/bundle/157/?utm_source=SteamDB&utm_medium=SteamDB&utm_campaign=SteamDB%20Bundles%20Page,91.84,61.52,0.33,6,91.84,30.32,0.33013937282229966,False
225,Headup Games Complete,http://store.steampowered.com/bundle/225/?utm_source=SteamDB&utm_medium=SteamDB&utm_campaign=SteamDB%20Bundles%20Page,269.43,228.97,0.15,32,269.43,40.46000000000001,0.150168875032476,False
227,Professor Teaches Office 2016 Suite,http://store.steampowered.com/bundle/227/?utm_source=SteamDB&utm_medium=SteamDB&utm_campaign=SteamDB%20Bundles%20Page,89.94,29.7,0.67,6,89.94,60.239999999999995,0.6697798532354903,False
228,Professor Teaches Office 2013 Suite,http://store.steampowered.com/bundle/228/?utm_source=SteamDB&utm_medium=SteamDB&utm_campaign=SteamDB%20Bundles%20Page,89.94,29.7,0.67,6,89.94,60.239999999999995,0.6697798532354903,False
229,Professor Teaches Office 2016 & Windows 10 Suite,http://store.steampowered.com/bundle/229/?utm_source=SteamDB&utm_medium=SteamDB&utm_campaign=SteamDB%20Bundles%20Page,104.93,39.9,0.62,7,104.93,65.03,0.61974649766511,False
230,Professor Teaches Office 2013 & Windows 10 Suite,http://store.steampowered.com/bundle/230/?utm_source=SteamDB&utm_medium=SteamDB&utm_campaign=SteamDB%20Bundles%20Page,104.93,39.9,0.62,7,104.93,65.03,0.61974649766511,False
231,Half-Life Complete,http://store.steampowered.com/bundle/231/?utm_source=SteamDB&utm_medium=SteamDB&utm_campaign=SteamDB%20Bundles%20Page,60.92,36.52,0.4,8,60.92,24.4,0.40052527905449764,False
232,Valve Complete Pack,http://store.steampowered.com/bundle/232/?utm_source=SteamDB&utm_medium=SteamDB&utm_campaign=SteamDB%20Bundles%20Page,200.81,90.45,0.55,19,200.81,110.36,0.5495742243912156,False
233,Left 4 Dead Bundle,http://store.steampowered.com/bundle/233/?utm_source=SteamDB&utm_medium=SteamDB&utm_campaign=SteamDB%20Bundles%20Page,39.98,29.98,0.25,2,39.98,9.999999999999996,0.25012506253126554,False
234,Portal Bundle,http://store.steampowered.com/bundle/234/?utm_source=SteamDB&utm_medium=SteamDB&utm_campaign=SteamDB%20Bundles%20Page,29.98,22.48,0.25,2,29.979999999999997,7.4999999999999964,0.25016677785190117,False
235,Counter-Strike 1 Anthology,http://store.steampowered.com/bundle/235/?utm_source=SteamDB&utm_medium=SteamDB&utm_campaign=SteamDB%20Bundles%20Page,24.96,14.96,0.4,4,24.96,10.0,0.4006410256410256,False
236,Counter-Strike Complete,http://store.steampowered.com/bundle/236/?utm_source=SteamDB&utm_medium=SteamDB&utm_campaign=SteamDB%20Bundles%20Page,44.97,29.22,0.35,3,44.97,15.75,0.35023348899266177,False
237,Half-Life 1 Anthology,http://store.steampowered.com/bundle/237/?utm_source=SteamDB&utm_medium=SteamDB&utm_campaign=SteamDB%20Bundles%20Page,24.96,13.71,0.45,4,24.96,11.25,0.45072115384615385,False
239,Zonitron Productions Mixed Pack,http://store.steampowered.com/bundle/239/?utm_source=SteamDB&utm_medium=SteamDB&utm_campaign=SteamDB%20Bundles%20Page,8.96,5.36,0.4,4,8.96,3.6000000000000005,0.4017857142857143,False
240,Source Multiplayer Pack,http://store.steampowered.com/bundle/240/?utm_source=SteamDB&utm_medium=SteamDB&utm_campaign=SteamDB%20Bundles%20Page,34.97,29.72,0.15,3,34.97,5.25,0.15012868172719473,False
241,Ultimate Action Duo Pack: Just Cause 3 + Rise of the Tomb Raider,http://store.steampowered.com/bundle/241/?utm_source=SteamDB&utm_medium=SteamDB&utm_campaign=SteamDB%20Bundles%20Page,119.98,89.98,0.25,2,119.98,30.0,0.2500416736122687,False
243,Hatoful Boyfriend Complete Pack,http://store.steampowered.com/bundle/243/?utm_source=SteamDB&utm_medium=SteamDB&utm_campaign=SteamDB%20Bundles%20Page,31.97,25.57,0.2,4,31.97,6.399999999999999,0.20018767594619952,False
244,Shardlight Deluxe,http://store.steampowered.com/bundle/244/?utm_source=SteamDB&utm_medium=SteamDB&utm_campaign=SteamDB%20Bundles%20Page,19.98,18.98,0.05,2,19.98,1.0,0.050050050050050046,False
245,But to Paint a Universe Deluxe,http://store.steampowered.com/bundle/245/?utm_source=SteamDB&utm_medium=SteamDB&utm_campaign=SteamDB%20Bundles%20Page,8.98,7.18,0.2,2,8.98,1.8000000000000007,0.20044543429844106,False
247,F1 Game Franchise Bundle,http://store.steampowered.com/bundle/247/?utm_source=SteamDB&utm_medium=SteamDB&utm_campaign=SteamDB%20Bundles%20Page,204.93,184.43,0.1,7,204.93,20.5,0.1000341580051725,False
248,The Codemasters DiRT Collection,http://store.steampowered.com/bundle/248/?utm_source=SteamDB&utm_medium=SteamDB&utm_campaign=SteamDB%20Bundles%20Page,111.96,100.76,0.1,4,111.96000000000001,11.200000000000003,0.10003572704537336,False
249,The Complete GRID Bundle,http://store.steampowered.com/bundle/249/?utm_source=SteamDB&utm_medium=SteamDB&utm_campaign=SteamDB%20Bundles%20Page,201.77,141.17,0.3,23,201.77,60.60000000000002,0.3003419735342222,False
250,Awesomenauts - Mega Value Pack,http://store.steampowered.com/bundle/250/?utm_source=SteamDB&utm_medium=SteamDB&utm_campaign=SteamDB%20Bundles%20Page,273.32,218.52,0.2,68,273.32,54.79999999999998,0.20049758524806083,False
254,SEGA DLC Pack,http://store.steampowered.com/bundle/254/?utm_source=SteamDB&utm_medium=SteamDB&utm_campaign=SteamDB%20Bundles%20Page,14.97,11.97,0.2,3,14.97,3.0,0.2004008016032064,False
255,Bacteria Complete,http://store.steampowered.com/bundle/255/?utm_source=SteamDB&utm_medium=SteamDB&utm_campaign=SteamDB%20Bundles%20Page,2.97,2.97,0.0,3,2.9699999999999998,-4.440892098500626e-16,-1.4952498648150257e-16,False
256,Fantasy Grounds D&D; Complete Bundle,http://store.steampowered.com/bundle/256/?utm_source=SteamDB&utm_medium=SteamDB&utm_campaign=SteamDB%20Bundles%20Page,417.88,313.38,0.25,12,417.88,104.5,0.25007179094476883,False
257,Borderlands Triple Pack,http://store.steampowered.com/bundle/257/?utm_source=SteamDB&utm_medium=SteamDB&utm_campaign=SteamDB%20Bundles%20Page,119.93,119.93,0.0,7,119.93,0.0,0.0,False
258,TAITO DLC Pack,http://store.steampowered.com/bundle/258/?utm_source=SteamDB&utm_medium=SteamDB&utm_campaign=SteamDB%20Bundles%20Page,14.97,11.97,0.2,3,14.97,3.0,0.2004008016032064,False
260,The Complete FORCED Collection,http://store.steampowered.com/bundle/260/?utm_source=SteamDB&utm_medium=SteamDB&utm_campaign=SteamDB%20Bundles%20Page,60.94,48.74,0.2,6,60.94,12.199999999999996,0.20019691499835898,False
261,Resident Evil/Biohazard Collector's Pack,http://store.steampowered.com/bundle/261/?utm_source=SteamDB&utm_medium=SteamDB&utm_campaign=SteamDB%20Bundles%20Page,201.66,126.93,0.37,34,201.66,74.72999999999999,0.3705742338589705,False
263,Broken Sword: Complete Pack,http://store.steampowered.com/bundle/263/?utm_source=SteamDB&utm_medium=SteamDB&utm_campaign=SteamDB%20Bundles%20Page,48.95,34.25,0.3,5,48.95,14.700000000000003,0.30030643513789584,False
264,Grand Theft Auto V & Whale Shark Cash Card,http://store.steampowered.com/bundle/264/?utm_source=SteamDB&utm_medium=SteamDB&utm_campaign=SteamDB%20Bundles%20Page,109.98,98.98,0.1,2,109.98,11.0,0.1000181851245681,False
265,Grand Theft Auto V & Megalodon Shark Cash Card,http://store.steampowered.com/bundle/265/?utm_source=SteamDB&utm_medium=SteamDB&utm_campaign=SteamDB%20Bundles%20Page,159.98,135.98,0.15,2,159.98,24.0,0.15001875234404302,False
266,Samorost 3 Cosmic Edition,http://store.steampowered.com/bundle/266/?utm_source=SteamDB&utm_medium=SteamDB&utm_campaign=SteamDB%20Bundles%20Page,26.98,24.82,0.08,2,26.979999999999997,2.1599999999999966,0.08005930318754621,False
267,Binaries - Soundtrack Edition,http://store.steampowered.com/bundle/267/?utm_source=SteamDB&utm_medium=SteamDB&utm_campaign=SteamDB%20Bundles%20Page,14.98,13.48,0.1,2,14.98,1.5,0.10013351134846461,False
268,Merge Games Mega Bundle,http://store.steampowered.com/bundle/268/?utm_source=SteamDB&utm_medium=SteamDB&utm_campaign=SteamDB%20Bundles%20Page,277.67,208.17,0.25,33,277.67,69.50000000000003,0.250297115280729,False
269,Homeworld: Deserts of Kharak Deluxe Edition,http://store.steampowered.com/bundle/269/?utm_source=SteamDB&utm_medium=SteamDB&utm_campaign=SteamDB%20Bundles%20Page,77.95,69.37,0.11,5,77.95,8.579999999999998,0.11007055805003205,False
270,NightCry Digital Complete Pack,http://store.steampowered.com/bundle/270/?utm_source=SteamDB&utm_medium=SteamDB&utm_campaign=SteamDB%20Bundles%20Page,70.96,60.31,0.15,4,70.96,10.649999999999991,0.1500845546786921,False
272,Amanita Bundle,http://store.steampowered.com/bundle/272/?utm_source=SteamDB&utm_medium=SteamDB&utm_campaign=SteamDB%20Bundles%20Page,56.94,51.24,0.1,6,56.94,5.699999999999996,0.10010537407797675,False
273,Slain: Back from Hell Bundle,http://store.steampowered.com/bundle/273/?utm_source=SteamDB&utm_medium=SteamDB&utm_campaign=SteamDB%20Bundles%20Page,20.98,19.51,0.07,2,20.98,1.4699999999999989,0.07006673021925638,False
274,Galactic Civilizations III Gold,http://store.steampowered.com/bundle/274/?utm_source=SteamDB&utm_medium=SteamDB&utm_campaign=SteamDB%20Bundles%20Page,107.39,80.52,0.25,11,107.39,26.870000000000005,0.250209516714778,False
278,Babel OST Pack,http://store.steampowered.com/bundle/278/?utm_source=SteamDB&utm_medium=SteamDB&utm_campaign=SteamDB%20Bundles%20Page,12.98,11.03,0.15,2,12.98,1.950000000000001,0.15023112480739606,False
280,Night Bundle,http://store.steampowered.com/bundle/280/?utm_source=SteamDB&utm_medium=SteamDB&utm_campaign=SteamDB%20Bundles%20Page,8.57,6.85,0.2,3,8.57,1.7200000000000006,0.20070011668611443,False
285,Fighting Fantasy,http://store.steampowered.com/bundle/285/?utm_source=SteamDB&utm_medium=SteamDB&utm_campaign=SteamDB%20Bundles%20Page,49.95,39.95,0.2,5,49.95,10.0,0.20020020020020018,False
286,Bleach Movies,http://store.steampowered.com/bundle/286/?utm_source=SteamDB&utm_medium=SteamDB&utm_campaign=SteamDB%20Bundles%20Page,51.96,46.76,0.1,4,51.96,5.200000000000003,0.10007698229407241,False
291,The Shoebox Diorama Series,http://store.steampowered.com/bundle/291/?utm_source=SteamDB&utm_medium=SteamDB&utm_campaign=SteamDB%20Bundles%20Page,6.98,6.28,0.1,2,6.98,0.7000000000000002,0.10028653295128942,False
292,Amplitude Endless Pack,http://store.steampowered.com/bundle/292/?utm_source=SteamDB&utm_medium=SteamDB&utm_campaign=SteamDB%20Bundles%20Page,143.88,107.88,0.25,12,143.88,36.0,0.25020850708924103,False
293,MyDream Bundle,http://store.steampowered.com/bundle/293/?utm_source=SteamDB&utm_medium=SteamDB&utm_campaign=SteamDB%20Bundles%20Page,34.98,25.88,0.26,2,34.98,9.099999999999998,0.26014865637507145,False
296,The Sparkle Bundle,http://store.steampowered.com/bundle/296/?utm_source=SteamDB&utm_medium=SteamDB&utm_campaign=SteamDB%20Bundles%20Page,10.47,8.37,0.2,3,10.47,2.1000000000000014,0.20057306590257892,False
300,The Quest Deluxe Edition,http://store.steampowered.com/bundle/300/?utm_source=SteamDB&utm_medium=SteamDB&utm_campaign=SteamDB%20Bundles%20Page,18.97,14.98,0.21,3,18.97,3.9899999999999984,0.21033210332103314,False
301,Pixel Puzzles Complete Pack,http://store.steampowered.com/bundle/301/?utm_source=SteamDB&utm_medium=SteamDB&utm_campaign=SteamDB%20Bundles%20Page,42.08,27.34,0.35,7,42.08,14.739999999999998,0.35028517110266155,False
302,Pyrodactyl Complete pack,http://store.steampowered.com/bundle/302/?utm_source=SteamDB&utm_medium=SteamDB&utm_campaign=SteamDB%20Bundles%20Page,46.44,39.47,0.15,6,46.44,6.969999999999999,0.15008613264427217,False
303,Sengoku Jidai: Shadow of the Shogun Deluxe Edition,http://store.steampowered.com/bundle/303/?utm_source=SteamDB&utm_medium=SteamDB&utm_campaign=SteamDB%20Bundles%20Page,70.93,44.66,0.37,7,70.92999999999999,26.269999999999996,0.37036514873819254,False
306,Save the Dodos Special Edition,http://store.steampowered.com/bundle/306/?utm_source=SteamDB&utm_medium=SteamDB&utm_campaign=SteamDB%20Bundles%20Page,4.98,3.73,0.25,2,4.98,1.2500000000000004,0.2510040160642571,False
307,World of Magicka Bundle,http://store.steampowered.com/bundle/307/?utm_source=SteamDB&utm_medium=SteamDB&utm_campaign=SteamDB%20Bundles%20Page,105.72,90.88,0.14,28,105.72,14.840000000000003,0.14037079076806663,False
308,Sword of the Stars: The Pit Bundle,http://store.steampowered.com/bundle/308/?utm_source=SteamDB&utm_medium=SteamDB&utm_campaign=SteamDB%20Bundles%20Page,25.94,10.4,0.6,6,25.94,15.540000000000001,0.5990747879722437,False
309,Ticket to Ride - Complete Bundle,http://store.steampowered.com/bundle/309/?utm_source=SteamDB&utm_medium=SteamDB&utm_campaign=SteamDB%20Bundles%20Page,42.92,30.02,0.3,8,42.92,12.900000000000002,0.30055917986952474,False
311,Hyperdevotion Noire DLC Collection,http://store.steampowered.com/bundle/311/?utm_source=SteamDB&utm_medium=SteamDB&utm_campaign=SteamDB%20Bundles%20Page,29.71,20.71,0.3,29,29.71,9.0,0.30292830696735107,False
312,Don't Starve MEGA PACK,http://store.steampowered.com/bundle/312/?utm_source=SteamDB&utm_medium=SteamDB&utm_campaign=SteamDB%20Bundles%20Page,39.96,26.76,0.33,4,39.96,13.2,0.3303303303303303,False
313,The Detail Season One,http://store.steampowered.com/bundle/313/?utm_source=SteamDB&utm_medium=SteamDB&utm_campaign=SteamDB%20Bundles%20Page,17.97,16.17,0.1,3,17.97,1.7999999999999972,0.10016694490818015,False
316,Wailing Heights Deluxe Edition,http://store.steampowered.com/bundle/316/?utm_source=SteamDB&utm_medium=SteamDB&utm_campaign=SteamDB%20Bundles%20Page,14.98,12.73,0.15,2,14.98,2.25,0.15020026702269693,False
318,Qubicle Indie Bundle,http://store.steampowered.com/bundle/318/?utm_source=SteamDB&utm_medium=SteamDB&utm_campaign=SteamDB%20Bundles%20Page,89.96,76.46,0.15,4,89.96,13.5,0.1500666963094709,False
319,Worms Collection,http://store.steampowered.com/bundle/319/?utm_source=SteamDB&utm_medium=SteamDB&utm_campaign=SteamDB%20Bundles%20Page,171.8,89.24,0.48,20,171.8,82.56000000000002,0.480558789289872,False
320,Dead Island Definitive Collection,http://store.steampowered.com/bundle/320/?utm_source=SteamDB&utm_medium=SteamDB&utm_campaign=SteamDB%20Bundles%20Page,44.97,40.02,0.11,3,44.97,4.949999999999996,0.11007338225483647,False
321,GameGuru Unlimited,http://store.steampowered.com/bundle/321/?utm_source=SteamDB&utm_medium=SteamDB&utm_campaign=SteamDB%20Bundles%20Page,192.92,144.67,0.25,8,192.92,48.25,0.25010366991499067,False
322,App Game Kit Unlimited,http://store.steampowered.com/bundle/322/?utm_source=SteamDB&utm_medium=SteamDB&utm_campaign=SteamDB%20Bundles%20Page,179.95,134.95,0.25,5,179.95,45.0,0.2500694637399278,False
326,Magical Ladies,http://store.steampowered.com/bundle/326/?utm_source=SteamDB&utm_medium=SteamDB&utm_campaign=SteamDB%20Bundles%20Page,5.97,3.99,0.33,3,5.97,1.9799999999999995,0.33165829145728637,False
327,Light and Dark,http://store.steampowered.com/bundle/327/?utm_source=SteamDB&utm_medium=SteamDB&utm_campaign=SteamDB%20Bundles%20Page,5.97,3.99,0.33,3,5.97,1.9799999999999995,0.33165829145728637,False
328,From Mysterious Lands,http://store.steampowered.com/bundle/328/?utm_source=SteamDB&utm_medium=SteamDB&utm_campaign=SteamDB%20Bundles%20Page,5.97,3.99,0.33,3,5.97,1.9799999999999995,0.33165829145728637,False
329,The Tricksters,http://store.steampowered.com/bundle/329/?utm_source=SteamDB&utm_medium=SteamDB&utm_campaign=SteamDB%20Bundles%20Page,5.97,3.99,0.33,3,5.97,1.9799999999999995,0.33165829145728637,False
331,Nival Steam Bundle,http://store.steampowered.com/bundle/331/?utm_source=SteamDB&utm_medium=SteamDB&utm_campaign=SteamDB%20Bundles%20Page,75.43,56.56,0.25,7,75.42999999999999,18.86999999999999,0.2501657165583984,False
332,Zotrix Bundle,http://store.steampowered.com/bundle/332/?utm_source=SteamDB&utm_medium=SteamDB&utm_campaign=SteamDB%20Bundles%20Page,18.98,13.28,0.3,2,18.98,5.700000000000001,0.3003161222339305,False
333,The Game Creators Collection,http://store.steampowered.com/bundle/333/?utm_source=SteamDB&utm_medium=SteamDB&utm_campaign=SteamDB%20Bundles%20Page,229.93,172.43,0.25,7,229.93,57.5,0.25007611012047143,False
334,Sometimes You Complete Bundle,http://store.steampowered.com/bundle/334/?utm_source=SteamDB&utm_medium=SteamDB&utm_campaign=SteamDB%20Bundles%20Page,53.28,42.56,0.2,32,53.28,10.719999999999999,0.20120120120120116,False
335,The Banner Saga Deluxe Pack,http://store.steampowered.com/bundle/335/?utm_source=SteamDB&utm_medium=SteamDB&utm_campaign=SteamDB%20Bundles%20Page,55.96,39.72,0.29,4,55.96,16.240000000000002,0.29020729092208725,False
336,Evoland Collector Pack,http://store.steampowered.com/bundle/336/?utm_source=SteamDB&utm_medium=SteamDB&utm_campaign=SteamDB%20Bundles%20Page,36.97,27.72,0.25,3,36.97,9.25,0.2502028671896132,False
338,Mimpi Bundle,http://store.steampowered.com/bundle/338/?utm_source=SteamDB&utm_medium=SteamDB&utm_campaign=SteamDB%20Bundles%20Page,5.98,4.78,0.2,2,5.98,1.2000000000000002,0.20066889632107024,False
339,Waste Walkers Complete Bundle,http://store.steampowered.com/bundle/339/?utm_source=SteamDB&utm_medium=SteamDB&utm_campaign=SteamDB%20Bundles%20Page,25.94,20.74,0.2,6,25.94,5.200000000000003,0.20046260601387828,False
340,The Renegades of Orion 2.0 - Pack #1,http://store.steampowered.com/bundle/340/?utm_source=SteamDB&utm_medium=SteamDB&utm_campaign=SteamDB%20Bundles%20Page,3.97,2.97,0.25,3,3.9699999999999998,0.9999999999999996,0.25188916876574297,False
342,RPG Maker VX Ace + SONAR Steam Edition Bundle,http://store.steampowered.com/bundle/342/?utm_source=SteamDB&utm_medium=SteamDB&utm_campaign=SteamDB%20Bundles%20Page,169.98,127.48,0.25,2,169.98,42.499999999999986,0.2500294152253206,False
345,Savage: Resurection - Digital Deluxe,http://store.steampowered.com/bundle/345/?utm_source=SteamDB&utm_medium=SteamDB&utm_campaign=SteamDB%20Bundles%20Page,29.98,26.08,0.13,2,29.979999999999997,3.8999999999999986,0.13008672448298864,False
349,Project Cars Game of the Year Edition,http://store.steampowered.com/bundle/349/?utm_source=SteamDB&utm_medium=SteamDB&utm_campaign=SteamDB%20Bundles%20Page,52.38,31.38,0.4,12,52.38,21.000000000000004,0.40091638029782367,False
350,Puzzle Box - Game + OST Pack #1,http://store.steampowered.com/bundle/350/?utm_source=SteamDB&utm_medium=SteamDB&utm_campaign=SteamDB%20Bundles%20Page,14.98,11.98,0.2,2,14.98,3.0,0.20026702269692923,False
354,Civilization VI Digital Deluxe + Steam Controller Bundle,http://store.steampowered.com/bundle/354/?utm_source=SteamDB&utm_medium=SteamDB&utm_campaign=SteamDB%20Bundles%20Page,109.98,109.98,0.0,2,109.97999999999999,-1.4210854715202004e-14,-1.2921308160758325e-16,False
356,Playism Bundle,http://store.steampowered.com/bundle/356/?utm_source=SteamDB&utm_medium=SteamDB&utm_campaign=SteamDB%20Bundles%20Page,415.47,332.27,0.2,53,415.47,83.20000000000005,0.2002551327412329,False
358,Indie VR Bundle,http://store.steampowered.com/bundle/358/?utm_source=SteamDB&utm_medium=SteamDB&utm_campaign=SteamDB%20Bundles%20Page,11.96,9.56,0.2,4,11.96,2.4000000000000004,0.20066889632107024,False
361,Danganronpa 1 + 2,http://store.steampowered.com/bundle/361/?utm_source=SteamDB&utm_medium=SteamDB&utm_campaign=SteamDB%20Bundles%20Page,59.98,53.98,0.1,2,59.98,6.0,0.10003334444814939,False
366,Demons with Shotguns - Deluxe Edition,http://store.steampowered.com/bundle/366/?utm_source=SteamDB&utm_medium=SteamDB&utm_campaign=SteamDB%20Bundles%20Page,12.98,11.68,0.1,2,12.98,1.3000000000000007,0.10015408320493072,False
367,Age of Wonders Franchise,http://store.steampowered.com/bundle/367/?utm_source=SteamDB&utm_medium=SteamDB&utm_campaign=SteamDB%20Bundles%20Page,94.93,80.68,0.15,7,94.93,14.25,0.15011060781628568,False
369,"Axe, Bow & Staff Soundtrack Bundle",http://store.steampowered.com/bundle/369/?utm_source=SteamDB&utm_medium=SteamDB&utm_campaign=SteamDB%20Bundles%20Page,14.98,11.98,0.2,2,14.98,3.0,0.20026702269692923,False
374,Goat Simulator: GOATY,http://store.steampowered.com/bundle/374/?utm_source=SteamDB&utm_medium=SteamDB&utm_campaign=SteamDB%20Bundles%20Page,30.95,27.85,0.1,5,30.950000000000003,3.1000000000000014,0.10016155088852992,False
375,NEOGEO Bundle,http://store.steampowered.com/bundle/375/?utm_source=SteamDB&utm_medium=SteamDB&utm_campaign=SteamDB%20Bundles%20Page,46.94,30.02,0.36,6,46.94,16.919999999999998,0.36046016190881974,False
376,RPG Maker Millennium Collection,http://store.steampowered.com/bundle/376/?utm_source=SteamDB&utm_medium=SteamDB&utm_campaign=SteamDB%20Bundles%20Page,179.95,161.95,0.1,5,179.95,18.0,0.1000277854959711,False
377,Table Top Racing: World Tour - Bundle,http://store.steampowered.com/bundle/377/?utm_source=SteamDB&utm_medium=SteamDB&utm_campaign=SteamDB%20Bundles%20Page,22.97,18.37,0.2,3,22.97,4.599999999999998,0.2002612102742707,False
378,PRO ANGLER SPORT BUNDLE,http://store.steampowered.com/bundle/378/?utm_source=SteamDB&utm_medium=SteamDB&utm_campaign=SteamDB%20Bundles%20Page,34.94,12.25,0.65,6,34.94,22.689999999999998,0.6493989696622782,False
381,Grim Legends Collection,http://store.steampowered.com/bundle/381/?utm_source=SteamDB&utm_medium=SteamDB&utm_campaign=SteamDB%20Bundles%20Page,29.97,24.87,0.17,3,29.97,5.099999999999998,0.1701701701701701,False
382,Abbey Games Bundle,http://store.steampowered.com/bundle/382/?utm_source=SteamDB&utm_medium=SteamDB&utm_campaign=SteamDB%20Bundles%20Page,37.47,34.85,0.07,3,37.47,2.6199999999999974,0.06992260475046698,False
385,Stories: Collector's Edition,http://store.steampowered.com/bundle/385/?utm_source=SteamDB&utm_medium=SteamDB&utm_campaign=SteamDB%20Bundles%20Page,29.97,23.97,0.2,3,29.97,6.0,0.2002002002002002,False
391,Captain Forever Remix + Original Soundtrack,http://store.steampowered.com/bundle/391/?utm_source=SteamDB&utm_medium=SteamDB&utm_campaign=SteamDB%20Bundles%20Page,19.98,19.98,0.0,2,19.98,0.0,0.0,False
408,Zenodyne R + Soundtrack,http://store.steampowered.com/bundle/408/?utm_source=SteamDB&utm_medium=SteamDB&utm_campaign=SteamDB%20Bundles%20Page,14.98,11.98,0.2,2,14.98,3.0,0.20026702269692923,False
409,Funklift Deluxe Edition,http://store.steampowered.com/bundle/409/?utm_source=SteamDB&utm_medium=SteamDB&utm_campaign=SteamDB%20Bundles%20Page,13.98,11.88,0.15,2,13.98,2.0999999999999996,0.1502145922746781,False
414,Black Lime Studio's Collection,http://store.steampowered.com/bundle/414/?utm_source=SteamDB&utm_medium=SteamDB&utm_campaign=SteamDB%20Bundles%20Page,4.46,3.79,0.15,4,4.46,0.6699999999999999,0.15022421524663676,False
417,Tokyo School Life Soundtrack Edition,http://store.steampowered.com/bundle/417/?utm_source=SteamDB&utm_medium=SteamDB&utm_campaign=SteamDB%20Bundles%20Page,10.48,9.43,0.1,2,10.48,1.0500000000000007,0.10019083969465656,False
420,The Caiysware Collection,http://store.steampowered.com/bundle/420/?utm_source=SteamDB&utm_medium=SteamDB&utm_campaign=SteamDB%20Bundles%20Page,21.97,14.27,0.35,3,21.97,7.699999999999999,0.3504779244424215,False
424,Kabitis + Bibou Studio Pack #1,http://store.steampowered.com/bundle/424/?utm_source=SteamDB&utm_medium=SteamDB&utm_campaign=SteamDB%20Bundles%20Page,4.98,3.98,0.2,2,4.98,1.0000000000000004,0.2008032128514057,False
426,OtakuMaker Studio Pack - All Games,http://store.steampowered.com/bundle/426/?utm_source=SteamDB&utm_medium=SteamDB&utm_campaign=SteamDB%20Bundles%20Page,90.76,63.46,0.3,24,90.76,27.300000000000004,0.3007933010136624,False
428,10tons Shooters,http://store.steampowered.com/bundle/428/?utm_source=SteamDB&utm_medium=SteamDB&utm_campaign=SteamDB%20Bundles%20Page,28.98,26.08,0.1,2,28.98,2.900000000000002,0.10006901311249145,False
430,Novus Inceptio: Soundtrack Edition,http://store.steampowered.com/bundle/430/?utm_source=SteamDB&utm_medium=SteamDB&utm_campaign=SteamDB%20Bundles%20Page,24.98,22.48,0.1,2,24.979999999999997,2.4999999999999964,0.10008006405124087,False
432,OtakuMaker Studio Pack - Part #1,http://store.steampowered.com/bundle/432/?utm_source=SteamDB&utm_medium=SteamDB&utm_campaign=SteamDB%20Bundles%20Page,23.94,17.94,0.25,6,23.94,6.0,0.2506265664160401,False
433,OtakuMaker Studio Pack - Part #2,http://store.steampowered.com/bundle/433/?utm_source=SteamDB&utm_medium=SteamDB&utm_campaign=SteamDB%20Bundles%20Page,20.94,15.69,0.25,6,20.94,5.250000000000002,0.25071633237822355,False
435,SpeedRunners Deluxe Pack,http://store.steampowered.com/bundle/435/?utm_source=SteamDB&utm_medium=SteamDB&utm_campaign=SteamDB%20Bundles%20Page,20.97,17.82,0.15,3,20.97,3.1499999999999986,0.15021459227467804,False
436,OtakuMaker Studio Pack - Strategy #1,http://store.steampowered.com/bundle/436/?utm_source=SteamDB&utm_medium=SteamDB&utm_campaign=SteamDB%20Bundles%20Page,11.96,9.56,0.2,4,11.96,2.4000000000000004,0.20066889632107024,False
438,Smart Games,http://store.steampowered.com/bundle/438/?utm_source=SteamDB&utm_medium=SteamDB&utm_campaign=SteamDB%20Bundles%20Page,2.98,2.68,0.1,2,2.98,0.2999999999999998,0.10067114093959725,False
439,Abrix the robot - Collector's Edition,http://store.steampowered.com/bundle/439/?utm_source=SteamDB&utm_medium=SteamDB&utm_campaign=SteamDB%20Bundles%20Page,18.55,9.25,0.5,5,18.55,9.3,0.5013477088948787,False
442,Lilly and Sasha Bundle,http://store.steampowered.com/bundle/442/?utm_source=SteamDB&utm_medium=SteamDB&utm_campaign=SteamDB%20Bundles%20Page,14.97,9.87,0.34,3,14.97,5.100000000000001,0.34068136272545096,False
443,Life is Hard with Soundtrack,http://store.steampowered.com/bundle/443/?utm_source=SteamDB&utm_medium=SteamDB&utm_campaign=SteamDB%20Bundles%20Page,9.98,9.48,0.05,2,9.98,0.5,0.0501002004008016,False
445,Roll7 RETROspective,http://store.steampowered.com/bundle/445/?utm_source=SteamDB&utm_medium=SteamDB&utm_campaign=SteamDB%20Bundles%20Page,52.97,39.72,0.25,3,52.97,13.25,0.250141589579007,False
447,The Escapists: Complete Pack,http://store.steampowered.com/bundle/447/?utm_source=SteamDB&utm_medium=SteamDB&utm_campaign=SteamDB%20Bundles%20Page,28.95,26.05,0.1,5,28.95,2.8999999999999986,0.10017271157167526,False
448,Endless Legend Collection,http://store.steampowered.com/bundle/448/?utm_source=SteamDB&utm_medium=SteamDB&utm_campaign=SteamDB%20Bundles%20Page,81.93,69.63,0.15,7,81.93,12.300000000000011,0.15012815818381559,False
449,Endless Legend Expansion Set,http://store.steampowered.com/bundle/449/?utm_source=SteamDB&utm_medium=SteamDB&utm_campaign=SteamDB%20Bundles%20Page,40.95,36.85,0.1,5,40.95,4.100000000000001,0.10012210012210015,False
451,Homeworld Remastered Collection Deluxe Edition,http://store.steampowered.com/bundle/451/?utm_source=SteamDB&utm_medium=SteamDB&utm_campaign=SteamDB%20Bundles%20Page,50.97,44.85,0.12,3,50.97,6.119999999999997,0.1200706297822248,False
454,Winter Wolves RPGs Bundle,http://store.steampowered.com/bundle/454/?utm_source=SteamDB&utm_medium=SteamDB&utm_campaign=SteamDB%20Bundles%20Page,87.92,74.72,0.15,8,87.91999999999999,13.199999999999989,0.15013648771610544,False
457,Winter Wolves Games Collection,http://store.steampowered.com/bundle/457/?utm_source=SteamDB&utm_medium=SteamDB&utm_campaign=SteamDB%20Bundles%20Page,347.44,295.28,0.15,31,347.44,52.160000000000025,0.15012664057103392,False
460,Milkstone Studios Complete Collection,http://store.steampowered.com/bundle/460/?utm_source=SteamDB&utm_medium=SteamDB&utm_campaign=SteamDB%20Bundles%20Page,44.96,33.71,0.25,4,44.96,11.25,0.2502224199288256,False
462,Complete Trese Brothers Pack,http://store.steampowered.com/bundle/462/?utm_source=SteamDB&utm_medium=SteamDB&utm_campaign=SteamDB%20Bundles%20Page,29.97,26.97,0.1,3,29.97,3.0,0.1001001001001001,False
467,Serendipity of Aeons: Season 1 Bundle,http://store.steampowered.com/bundle/467/?utm_source=SteamDB&utm_medium=SteamDB&utm_campaign=SteamDB%20Bundles%20Page,13.96,10.46,0.25,4,13.96,3.5,0.2507163323782235,False
468,BERSERK: The Golden Age Arc Movies,http://store.steampowered.com/bundle/468/?utm_source=SteamDB&utm_medium=SteamDB&utm_campaign=SteamDB%20Bundles%20Page,38.97,35.07,0.1,3,38.97,3.8999999999999986,0.10007698229407233,False
469,Cleverweek Games Complete,http://store.steampowered.com/bundle/469/?utm_source=SteamDB&utm_medium=SteamDB&utm_campaign=SteamDB%20Bundles%20Page,17.91,12.51,0.3,9,17.91,5.4,0.30150753768844224,False
471,The Revills Games' Solitaire Collection,http://store.steampowered.com/bundle/471/?utm_source=SteamDB&utm_medium=SteamDB&utm_campaign=SteamDB%20Bundles%20Page,13.98,10.48,0.25,2,13.98,3.5,0.2503576537911302,False
472,The Legend of Dark Witch Game & OST,http://store.steampowered.com/bundle/472/?utm_source=SteamDB&utm_medium=SteamDB&utm_campaign=SteamDB%20Bundles%20Page,14.98,9.88,0.34,2,14.98,5.1,0.3404539385847797,False
476,Hero Siege Complete,http://store.steampowered.com/bundle/476/?utm_source=SteamDB&utm_medium=SteamDB&utm_campaign=SteamDB%20Bundles%20Page,20.96,16.76,0.2,4,20.96,4.199999999999999,0.20038167938931292,False
484,Elite Games Studio Pack #1,http://store.steampowered.com/bundle/484/?utm_source=SteamDB&utm_medium=SteamDB&utm_campaign=SteamDB%20Bundles%20Page,7.98,5.98,0.25,2,7.98,2.0,0.2506265664160401,False
485,Love in the Glen Deluxe Edition,http://store.steampowered.com/bundle/485/?utm_source=SteamDB&utm_medium=SteamDB&utm_campaign=SteamDB%20Bundles%20Page,9.98,8.98,0.1,2,9.98,1.0,0.1002004008016032,False
487,Mute Crimson+ Soundtrack Bundle,http://store.steampowered.com/bundle/487/?utm_source=SteamDB&utm_medium=SteamDB&utm_campaign=SteamDB%20Bundles%20Page,4.38,3.5,0.2,2,4.38,0.8799999999999999,0.2009132420091324,False
488,Fantasy Grounds Deadlands Reloaded Bundle,http://store.steampowered.com/bundle/488/?utm_source=SteamDB&utm_medium=SteamDB&utm_campaign=SteamDB%20Bundles%20Page,140.85,112.65,0.2,15,140.85,28.19999999999999,0.20021299254526084,False
491,Season #1 Pro Bundle,http://store.steampowered.com/bundle/491/?utm_source=SteamDB&utm_medium=SteamDB&utm_campaign=SteamDB%20Bundles%20Page,118.88,95.08,0.2,12,118.88,23.799999999999997,0.20020188425302823,False
492,Season #2 Pro Bundle,http://store.steampowered.com/bundle/492/?utm_source=SteamDB&utm_medium=SteamDB&utm_campaign=SteamDB%20Bundles%20Page,147.85,118.25,0.2,15,147.85,29.599999999999994,0.2002029083530605,False
495,100% Orange Juice - All Stars Collection,http://store.steampowered.com/bundle/495/?utm_source=SteamDB&utm_medium=SteamDB&utm_campaign=SteamDB%20Bundles%20Page,21.92,19.72,0.1,8,21.92,2.200000000000003,0.10036496350364976,False
497,Mecha Ritz: Steel Rondo Soundtrack Edition,http://store.steampowered.com/bundle/497/?utm_source=SteamDB&utm_medium=SteamDB&utm_campaign=SteamDB%20Bundles%20Page,11.98,10.18,0.15,2,11.98,1.8000000000000007,0.15025041736227052,False
503,The Renegade Sector Bundle,http://store.steampowered.com/bundle/503/?utm_source=SteamDB&utm_medium=SteamDB&utm_campaign=SteamDB%20Bundles%20Page,13.98,11.88,0.15,2,13.98,2.0999999999999996,0.1502145922746781,False
511,10tons Total,http://store.steampowered.com/bundle/511/?utm_source=SteamDB&utm_medium=SteamDB&utm_campaign=SteamDB%20Bundles%20Page,46.45,39.48,0.15,5,46.45,6.970000000000006,0.15005382131324016,False
514,Storm Sharks,http://store.steampowered.com/bundle/514/?utm_source=SteamDB&utm_medium=SteamDB&utm_campaign=SteamDB%20Bundles%20Page,12.97,7.12,0.45,3,12.97,5.8500000000000005,0.4510408635312259,False
519,Project Pulsation Deluxe Edition,http://store.steampowered.com/bundle/519/?utm_source=SteamDB&utm_medium=SteamDB&utm_campaign=SteamDB%20Bundles%20Page,6.98,5.58,0.2,2,6.98,1.4000000000000004,0.20057306590257884,False
528,Endless Loop Collection,http://store.steampowered.com/bundle/528/?utm_source=SteamDB&utm_medium=SteamDB&utm_campaign=SteamDB%20Bundles%20Page,23.96,14.36,0.4,4,23.96,9.600000000000001,0.40066777963272127,False
535,Games by Tonguç Bodur,http://store.steampowered.com/bundle/535/?utm_source=SteamDB&utm_medium=SteamDB&utm_campaign=SteamDB%20Bundles%20Page,12.97,11.02,0.15,3,12.97,1.950000000000001,0.15034695451040872,False
540,Best Russian Visual Novels pack,http://store.steampowered.com/bundle/540/?utm_source=SteamDB&utm_medium=SteamDB&utm_campaign=SteamDB%20Bundles%20Page,20.96,14.66,0.3,4,20.96,6.300000000000001,0.3005725190839695,False
547,Angry Video Game Nerd II: ASSimilation + Soundtrack,http://store.steampowered.com/bundle/547/?utm_source=SteamDB&utm_medium=SteamDB&utm_campaign=SteamDB%20Bundles%20Page,24.98,17.98,0.28,2,24.98,7.0,0.28022417934347477,False
565,Alientrap Bundle,http://store.steampowered.com/bundle/565/?utm_source=SteamDB&utm_medium=SteamDB&utm_campaign=SteamDB%20Bundles%20Page,56.95,48.4,0.15,5,56.95,8.550000000000004,0.15013169446883237,False
571,Kingdom Tales Bundle,http://store.steampowered.com/bundle/571/?utm_source=SteamDB&utm_medium=SteamDB&utm_campaign=SteamDB%20Bundles%20Page,11.98,10.78,0.1,2,11.98,1.200000000000001,0.10016694490818039,False
578,The Last Dogma - Complete Experience,http://store.steampowered.com/bundle/578/?utm_source=SteamDB&utm_medium=SteamDB&utm_campaign=SteamDB%20Bundles%20Page,15.97,14.37,0.1,3,15.97,1.6000000000000014,0.10018785222291805,False
579,Z.I.O.N Deluxe Edition,http://store.steampowered.com/bundle/579/?utm_source=SteamDB&utm_medium=SteamDB&utm_campaign=SteamDB%20Bundles%20Page,6.98,5.58,0.2,2,6.98,1.4000000000000004,0.20057306590257884,False
581,VGstudio Games Gold Edition,http://store.steampowered.com/bundle/581/?utm_source=SteamDB&utm_medium=SteamDB&utm_campaign=SteamDB%20Bundles%20Page,13.96,6.96,0.5,4,13.96,7.000000000000001,0.501432664756447,False
582,Magdalena Pack,http://store.steampowered.com/bundle/582/?utm_source=SteamDB&utm_medium=SteamDB&utm_campaign=SteamDB%20Bundles%20Page,3.98,2.66,0.33,2,3.9800000000000004,1.3200000000000003,0.3316582914572865,False
584,Glitchspace - Game & Soundtrack,http://store.steampowered.com/bundle/584/?utm_source=SteamDB&utm_medium=SteamDB&utm_campaign=SteamDB%20Bundles%20Page,17.98,16.18,0.1,2,17.98,1.8000000000000007,0.10011123470522806,False
586,Libredia XXL Adventure Bundle,http://store.steampowered.com/bundle/586/?utm_source=SteamDB&utm_medium=SteamDB&utm_campaign=SteamDB%20Bundles%20Page,61.9,43.3,0.3,10,61.900000000000006,18.60000000000001,0.30048465266558977,False
588,Dyna Bomb - Game + OST Pack #1,http://store.steampowered.com/bundle/588/?utm_source=SteamDB&utm_medium=SteamDB&utm_campaign=SteamDB%20Bundles%20Page,6.98,5.58,0.2,2,6.98,1.4000000000000004,0.20057306590257884,False
594,The Ninjahtic Series,http://store.steampowered.com/bundle/594/?utm_source=SteamDB&utm_medium=SteamDB&utm_campaign=SteamDB%20Bundles%20Page,5.97,4.77,0.2,3,5.97,1.2000000000000002,0.20100502512562818,False
